case_id,changed_at,field,old_value,new_value
LS-10561,2026-01-12 00:03,owner,Agent F,Agent T
LS-13493,2026-01-12 01:02,owner,Agent K,Agent V
LS-12558,2026-01-12 01:06,status,Open,Solved
LS-13485,2026-01-12 05:07,group,Frontline IE,Payroll Team
LS-13493,2026-01-12 06:09,status,Open,Solved
LS-10259,2026-01-12 06:40,status,Open,Solved
LS-10844,2026-01-12 07:22,status,Open,Solved
LS-10349,2026-01-12 07:38,status,Open,Solved
LS-11618,2026-01-12 09:40,owner,Agent O,Agent P
LS-10881,2026-01-12 09:43,owner,Agent Q,Agent M
LS-13499,2026-01-12 09:49,owner,Agent F,Agent D
LS-12413,2026-01-12 10:02,status,Open,Solved
LS-12125,2026-01-12 10:24,owner,Agent N,Agent A
LS-14391,2026-01-12 10:31,status,Open,Solved
LS-11667,2026-01-12 12:43,status,Open,Solved
LS-13485,2026-01-12 13:08,owner,Agent J,Agent A
LS-14178,2026-01-12 14:04,owner,Agent A,Agent Q
LS-10121,2026-01-12 15:03,status,Open,Solved
LS-10265,2026-01-12 15:13,status,Open,Solved
LS-14583,2026-01-12 16:09,owner,Agent A,Agent V
LS-10903,2026-01-12 17:04,status,Open,Solved
LS-12369,2026-01-12 17:49,status,Open,Solved
LS-10447,2026-01-12 19:08,status,Open,Solved
LS-11126,2026-01-12 19:14,group,Frontline UK,Engineering
LS-14894,2026-01-12 19:34,status,Open,Solved
LS-13485,2026-01-12 21:09,status,Open,Solved
LS-13771,2026-01-13 01:57,status,Open,Solved
LS-10989,2026-01-13 03:59,owner,Agent V,Agent M
LS-14754,2026-01-13 06:34,group,Frontline UK,Engineering
LS-12053,2026-01-13 07:13,status,Open,Solved
LS-11245,2026-01-13 07:20,group,Frontline UK,Engineering
LS-13546,2026-01-13 10:35,status,Open,Solved
LS-11358,2026-01-13 10:46,status,Open,Solved
LS-14705,2026-01-13 11:32,owner,Agent R,Agent E
LS-14772,2026-01-13 12:21,group,Frontline UK,Engineering
LS-14977,2026-01-13 12:36,owner,Agent O,Agent S
LS-13302,2026-01-13 14:01,owner,Agent D,Agent G
LS-14082,2026-01-13 14:29,owner,Agent U,Agent I
LS-11028,2026-01-13 16:09,owner,Agent A,Agent L
LS-10520,2026-01-13 16:26,status,Open,Solved
LS-15011,2026-01-13 17:16,owner,Agent O,Agent F
LS-13499,2026-01-13 19:50,owner,Agent D,Agent S
LS-10680,2026-01-13 20:32,status,Open,Solved
LS-14432,2026-01-13 22:00,owner,Agent F,Agent N
LS-11440,2026-01-13 22:02,owner,Agent D,Agent M
LS-14685,2026-01-13 22:06,group,Frontline UK,Payroll Team
LS-14603,2026-01-14 00:45,group,Frontline UK,Product Specialists
LS-14685,2026-01-14 00:54,owner,Agent P,Agent B
LS-13952,2026-01-14 02:23,group,Frontline IE,Payroll Team
LS-14685,2026-01-14 03:42,status,Open,Solved
LS-12234,2026-01-14 05:36,status,Open,Solved
LS-13104,2026-01-14 06:02,status,Open,Solved
LS-14603,2026-01-14 07:21,owner,Agent J,Agent R
LS-11576,2026-01-14 07:30,group,Frontline UK,Payroll Team
LS-13495,2026-01-14 08:07,status,Open,Solved
LS-12177,2026-01-14 09:05,status,Open,Solved
LS-12125,2026-01-14 11:12,owner,Agent A,Agent V
LS-11245,2026-01-14 11:39,owner,Agent K,Agent M
LS-14339,2026-01-14 11:39,status,Open,Solved
LS-13598,2026-01-14 12:04,group,Frontline UK,Engineering
LS-14653,2026-01-14 13:08,owner,Agent D,Agent M
LS-14603,2026-01-14 13:57,owner,Agent R,Agent T
LS-12850,2026-01-14 14:25,status,Open,Solved
LS-14754,2026-01-14 15:19,owner,Agent N,Agent O
LS-10332,2026-01-14 15:41,status,Open,Solved
LS-13298,2026-01-14 15:49,status,Open,Solved
LS-13711,2026-01-14 16:16,status,Open,Solved
LS-11636,2026-01-14 16:39,status,Open,Solved
LS-10268,2026-01-14 18:13,owner,Agent U,Agent T
LS-10311,2026-01-14 18:33,group,Frontline UK,Payroll Team
LS-14214,2026-01-14 19:18,status,Open,Solved
LS-14187,2026-01-14 19:34,status,Open,Solved
LS-14603,2026-01-14 20:33,owner,Agent T,Agent C
LS-10926,2026-01-14 21:44,group,Frontline UK,Payroll Team
LS-11576,2026-01-14 22:34,owner,Agent G,Agent D
LS-10311,2026-01-14 23:18,owner,Agent A,Agent D
LS-13294,2026-01-14 23:53,owner,Agent A,Agent P
LS-13586,2026-01-14 23:59,group,Frontline UK,Product Specialists
LS-10926,2026-01-15 00:55,owner,Agent G,Agent R
LS-14019,2026-01-15 01:21,group,Frontline IE,Payroll Team
LS-13586,2026-01-15 01:36,owner,Agent J,Agent L
LS-10998,2026-01-15 01:57,group,Frontline UK,Payroll Team
LS-14603,2026-01-15 03:09,owner,Agent C,Agent N
LS-13586,2026-01-15 03:12,owner,Agent L,Agent V
LS-13884,2026-01-15 03:55,owner,Agent U,Agent J
LS-10311,2026-01-15 04:03,status,Open,Solved
LS-10926,2026-01-15 04:06,status,Open,Solved
LS-13586,2026-01-15 04:49,status,Open,Solved
LS-12392,2026-01-15 05:36,group,Frontline IE,Engineering
LS-10965,2026-01-15 05:48,owner,Agent U,Agent I
LS-13499,2026-01-15 05:52,status,Open,Solved
LS-13131,2026-01-15 06:34,group,Frontline UK,Payroll Team
LS-12392,2026-01-15 08:38,owner,Agent A,Agent E
LS-10998,2026-01-15 09:11,owner,Agent I,Agent U
LS-12336,2026-01-15 09:30,owner,Agent K,Agent A
LS-14603,2026-01-15 09:45,status,Open,Solved
LS-12578,2026-01-15 10:17,owner,Agent K,Agent O
LS-12392,2026-01-15 11:40,owner,Agent E,Agent T
LS-14019,2026-01-15 11:46,owner,Agent I,Agent D
LS-13931,2026-01-15 13:02,status,Open,Solved
LS-11576,2026-01-15 13:37,owner,Agent D,Agent N
LS-10989,2026-01-15 13:54,status,Open,Solved
LS-12392,2026-01-15 14:42,status,Open,Solved
LS-11587,2026-01-15 15:20,status,Open,Solved
LS-14178,2026-01-15 15:54,status,Open,Solved
LS-11245,2026-01-15 15:58,status,Open,Solved
LS-10998,2026-01-15 16:24,owner,Agent U,Agent R
LS-12700,2026-01-15 16:33,owner,Agent I,Agent D
LS-13131,2026-01-15 17:11,owner,Agent C,Agent Q
LS-13151,2026-01-15 20:07,group,Frontline UK,Payroll Team
LS-13192,2026-01-15 20:55,group,Frontline IE,Engineering
LS-14019,2026-01-15 22:12,status,Open,Solved
LS-14552,2026-01-15 22:38,status,Open,Solved
LS-10604,2026-01-15 22:55,owner,Agent S,Agent F
LS-13515,2026-01-15 23:27,status,Open,Solved
LS-10998,2026-01-15 23:38,status,Open,Solved
LS-14754,2026-01-16 00:04,owner,Agent O,Agent M
LS-13503,2026-01-16 00:31,owner,Agent B,Agent K
LS-11126,2026-01-16 01:00,owner,Agent N,Agent K
LS-12644,2026-01-16 02:34,group,Frontline UK,Engineering
LS-13131,2026-01-16 03:48,owner,Agent Q,Agent E
LS-14016,2026-01-16 04:14,status,Open,Solved
LS-11576,2026-01-16 04:41,owner,Agent N,Agent S
LS-11595,2026-01-16 06:30,status,Open,Solved
LS-13952,2026-01-16 06:32,owner,Agent P,Agent K
LS-10881,2026-01-16 06:43,status,Open,Solved
LS-10189,2026-01-16 07:03,status,Open,Solved
LS-15045,2026-01-16 08:31,status,Open,Solved
LS-11679,2026-01-16 08:57,group,Frontline UK,Product Specialists
LS-11542,2026-01-16 10:17,status,Open,Solved
LS-13296,2026-01-16 10:30,group,Frontline UK,Engineering
LS-14977,2026-01-16 10:38,status,Open,Solved
LS-10670,2026-01-16 12:00,group,Frontline UK,Engineering
LS-12125,2026-01-16 12:00,owner,Agent V,Agent J
LS-13131,2026-01-16 14:25,status,Open,Solved
LS-13151,2026-01-16 14:27,owner,Agent J,Agent D
LS-11679,2026-01-16 17:33,owner,Agent E,Agent M
LS-11112,2026-01-16 17:48,group,Frontline UK,Engineering
LS-12366,2026-01-16 18:18,status,Open,Solved
LS-14331,2026-01-16 19:20,status,Open,Solved
LS-11576,2026-01-16 19:45,status,Open,Solved
LS-14197,2026-01-16 21:40,status,Open,Solved
LS-12993,2026-01-16 21:56,status,Open,Solved
LS-14596,2026-01-16 22:14,owner,Agent H,Agent C
LS-11799,2026-01-17 01:19,status,Open,Solved
LS-10893,2026-01-17 01:32,group,Frontline UK,Engineering
LS-12602,2026-01-17 01:59,owner,Agent P,Agent J
LS-10885,2026-01-17 02:02,status,Open,Solved
LS-11679,2026-01-17 02:09,status,Open,Solved
LS-13379,2026-01-17 02:16,status,Open,Solved
LS-14567,2026-01-17 02:28,owner,Agent G,Agent O
LS-13356,2026-01-17 02:42,group,Frontline UK,Engineering
LS-10249,2026-01-17 06:09,status,Open,Solved
LS-13292,2026-01-17 07:39,status,Open,Solved
LS-13151,2026-01-17 08:48,status,Open,Solved
LS-14754,2026-01-17 08:50,owner,Agent M,Agent D
LS-12832,2026-01-17 08:52,group,Frontline IE,Payroll Team
LS-12644,2026-01-17 09:18,owner,Agent L,Agent H
LS-11474,2026-01-17 09:39,owner,Agent K,Agent M
LS-14213,2026-01-17 10:28,group,Frontline IE,Product Specialists
LS-10673,2026-01-17 10:44,status,Open,Solved
LS-13598,2026-01-17 11:08,owner,Agent K,Agent J
LS-14772,2026-01-17 11:13,owner,Agent U,Agent B
LS-13173,2026-01-17 13:08,owner,Agent D,Agent V
LS-10411,2026-01-17 13:33,status,Open,Solved
LS-13969,2026-01-17 13:55,status,Open,Solved
LS-11874,2026-01-17 14:18,status,Open,Solved
LS-13823,2026-01-17 19:33,group,Frontline UK,Engineering
LS-11112,2026-01-17 19:40,owner,Agent U,Agent Q
LS-14213,2026-01-17 19:45,owner,Agent B,Agent P
LS-10957,2026-01-17 21:16,group,Frontline UK,Product Specialists
LS-13766,2026-01-17 21:54,group,Frontline UK,Engineering
LS-10289,2026-01-17 22:01,group,Frontline IE,Payroll Team
LS-10957,2026-01-18 00:18,owner,Agent D,Agent J
LS-10308,2026-01-18 01:13,status,Open,Solved
LS-13404,2026-01-18 02:24,group,Frontline UK,Product Specialists
LS-15011,2026-01-18 02:39,status,Open,Solved
LS-10957,2026-01-18 03:20,status,Open,Solved
LS-10590,2026-01-18 04:05,status,Open,Solved
LS-14213,2026-01-18 05:02,status,Open,Solved
LS-14310,2026-01-18 05:11,group,Frontline UK,Engineering
LS-14478,2026-01-18 05:39,group,Frontline UK,Product Specialists
LS-11440,2026-01-18 07:17,status,Open,Solved
LS-12832,2026-01-18 07:22,owner,Agent J,Agent P
LS-12807,2026-01-18 09:22,status,Open,Solved
LS-13311,2026-01-18 09:55,group,Frontline UK,Engineering
LS-12408,2026-01-18 10:40,status,Open,Solved
LS-13952,2026-01-18 10:41,owner,Agent K,Agent O
LS-14586,2026-01-18 11:26,status,Open,Solved
LS-10289,2026-01-18 11:49,owner,Agent O,Agent P
LS-13884,2026-01-18 12:05,status,Open,Solved
LS-12125,2026-01-18 12:48,status,Open,Solved
LS-12082,2026-01-18 13:03,owner,Agent M,Agent T
LS-10280,2026-01-18 15:14,group,Frontline IE,Product Specialists
LS-12644,2026-01-18 16:02,status,Open,Solved
LS-14310,2026-01-18 16:05,owner,Agent B,Agent G
LS-12888,2026-01-18 16:33,owner,Agent B,Agent I
LS-10758,2026-01-18 16:34,group,Frontline UK,Engineering
LS-12054,2026-01-18 17:08,group,Frontline IE,Engineering
LS-14754,2026-01-18 17:35,status,Open,Solved
LS-14688,2026-01-18 17:43,group,Frontline UK,Engineering
LS-10280,2026-01-18 17:50,owner,Agent S,Agent E
LS-12114,2026-01-18 18:58,status,Open,Solved
LS-13056,2026-01-18 19:08,group,Frontline UK,Product Specialists
LS-10280,2026-01-18 20:26,status,Open,Solved
LS-11512,2026-01-18 20:57,group,Frontline UK,Engineering
LS-11112,2026-01-18 21:32,owner,Agent Q,Agent N
LS-14835,2026-01-18 21:37,status,Open,Solved
LS-14779,2026-01-18 21:46,owner,Agent I,Agent K
LS-13802,2026-01-18 22:43,status,Open,Solved
LS-13777,2026-01-19 01:04,status,Open,Solved
LS-12054,2026-01-19 01:28,owner,Agent G,Agent Q
LS-13510,2026-01-19 01:33,status,Open,Solved
LS-10289,2026-01-19 01:36,status,Open,Solved
LS-14310,2026-01-19 02:59,status,Open,Solved
LS-11953,2026-01-19 03:18,status,Open,Solved
LS-11868,2026-01-19 04:40,group,Frontline IE,Payroll Team
LS-12832,2026-01-19 05:53,status,Open,Solved
LS-12388,2026-01-19 06:18,group,Frontline UK,Payroll Team
LS-14742,2026-01-19 06:28,group,Frontline UK,Engineering
LS-11126,2026-01-19 06:45,status,Open,Solved
LS-13089,2026-01-19 07:27,owner,Agent A,Agent L
LS-11737,2026-01-19 07:33,group,Frontline IE,Engineering
LS-13600,2026-01-19 08:25,group,Frontline UK,Product Specialists
LS-12769,2026-01-19 08:40,group,Frontline UK,Product Specialists
LS-13808,2026-01-19 08:48,status,Open,Solved
LS-14711,2026-01-19 09:28,group,Frontline UK,Engineering
LS-12054,2026-01-19 09:48,owner,Agent Q,Agent I
LS-14133,2026-01-19 09:57,group,Frontline UK,Payroll Team
LS-12388,2026-01-19 10:32,owner,Agent V,Agent T
LS-13823,2026-01-19 12:02,owner,Agent R,Agent F
LS-14979,2026-01-19 12:45,group,Frontline UK,Engineering
LS-12769,2026-01-19 13:16,owner,Agent J,Agent L
LS-11478,2026-01-19 14:24,status,Open,Solved
LS-12388,2026-01-19 14:46,status,Open,Solved
LS-12989,2026-01-19 15:53,status,Open,Solved
LS-12336,2026-01-19 16:21,owner,Agent A,Agent U
LS-14422,2026-01-19 17:06,status,Open,Solved
LS-10758,2026-01-19 17:30,owner,Agent C,Agent B
LS-12769,2026-01-19 17:52,status,Open,Solved
LS-12054,2026-01-19 18:09,status,Open,Solved
LS-10268,2026-01-19 18:33,owner,Agent T,Agent L
LS-10893,2026-01-19 18:43,owner,Agent V,Agent P
LS-12648,2026-01-19 18:52,status,Open,Solved
LS-12198,2026-01-19 19:13,group,Frontline UK,Payroll Team
LS-12811,2026-01-19 20:04,status,Open,Solved
LS-13645,2026-01-19 20:32,status,Open,Solved
LS-11854,2026-01-19 21:25,owner,Agent K,Agent C
LS-10238,2026-01-19 21:56,group,Frontline IE,Engineering
LS-10053,2026-01-19 22:47,group,Frontline UK,Engineering
LS-11112,2026-01-19 23:24,status,Open,Solved
LS-14254,2026-01-19 23:33,status,Open,Solved
LS-11028,2026-01-20 00:47,status,Open,Solved
LS-10287,2026-01-20 00:55,group,Frontline UK,Product Specialists
LS-14478,2026-01-20 01:51,owner,Agent J,Agent V
LS-11099,2026-01-20 02:19,group,Frontline UK,Engineering
LS-11868,2026-01-20 02:57,owner,Agent L,Agent Q
LS-10238,2026-01-20 03:13,owner,Agent N,Agent P
LS-11949,2026-01-20 03:22,group,Frontline UK,Payroll Team
LS-13056,2026-01-20 03:36,owner,Agent L,Agent T
LS-12574,2026-01-20 03:37,status,Open,Solved
LS-11949,2026-01-20 04:24,owner,Agent B,Agent E
LS-13356,2026-01-20 04:33,owner,Agent K,Agent P
LS-11949,2026-01-20 05:26,status,Open,Solved
LS-11280,2026-01-20 08:09,status,Open,Solved
LS-14664,2026-01-20 08:25,status,Open,Solved
LS-10238,2026-01-20 08:30,owner,Agent P,Agent K
LS-13838,2026-01-20 09:44,status,Open,Solved
LS-13598,2026-01-20 10:12,owner,Agent J,Agent H
LS-10561,2026-01-20 12:13,status,Open,Solved
LS-10242,2026-01-20 12:22,owner,Agent F,Agent I
LS-10965,2026-01-20 12:44,owner,Agent I,Agent V
LS-14801,2026-01-20 12:50,group,Frontline UK,Payroll Team
LS-12673,2026-01-20 12:58,group,Frontline UK,Payroll Team
LS-11762,2026-01-20 13:02,group,Frontline UK,Product Specialists
LS-12179,2026-01-20 13:39,group,Frontline UK,Engineering
LS-10238,2026-01-20 13:47,status,Open,Solved
LS-13952,2026-01-20 14:49,owner,Agent O,Agent M
LS-10287,2026-01-20 15:04,owner,Agent B,Agent U
LS-10604,2026-01-20 16:40,owner,Agent F,Agent B
LS-13048,2026-01-20 18:12,group,Frontline UK,Engineering
LS-10758,2026-01-20 18:26,status,Open,Solved
LS-12794,2026-01-20 19:27,group,Frontline IE,Engineering
LS-13229,2026-01-20 20:27,status,Open,Solved
LS-11762,2026-01-20 21:15,owner,Agent J,Agent A
LS-12673,2026-01-20 22:08,owner,Agent O,Agent F
LS-11099,2026-01-20 22:30,owner,Agent P,Agent K
LS-11171,2026-01-20 23:00,group,Frontline IE,Product Specialists
LS-12198,2026-01-20 23:32,owner,Agent E,Agent H
LS-14801,2026-01-21 00:39,owner,Agent G,Agent Q
LS-14343,2026-01-21 00:49,group,Frontline IE,Engineering
LS-12793,2026-01-21 00:52,group,Frontline UK,Payroll Team
LS-11868,2026-01-21 01:14,owner,Agent Q,Agent U
LS-13299,2026-01-21 02:28,group,Frontline UK,Engineering
LS-13823,2026-01-21 04:31,status,Open,Solved
LS-12793,2026-01-21 04:46,owner,Agent C,Agent U
LS-14688,2026-01-21 04:58,owner,Agent G,Agent T
LS-10287,2026-01-21 05:13,owner,Agent U,Agent P
LS-11762,2026-01-21 05:28,owner,Agent A,Agent K
LS-14843,2026-01-21 06:09,group,Frontline UK,Engineering
LS-11171,2026-01-21 06:11,owner,Agent R,Agent K
LS-13600,2026-01-21 06:24,owner,Agent A,Agent L
LS-12673,2026-01-21 07:18,owner,Agent F,Agent S
LS-12966,2026-01-21 07:24,status,Open,Solved
LS-11160,2026-01-21 08:19,group,Frontline UK,Engineering
LS-12793,2026-01-21 08:39,status,Open,Solved
LS-14133,2026-01-21 09:15,owner,Agent J,Agent H
LS-13404,2026-01-21 09:43,owner,Agent G,Agent M
LS-14772,2026-01-21 10:05,status,Open,Solved
LS-10670,2026-01-21 11:41,owner,Agent M,Agent L
LS-13056,2026-01-21 12:05,status,Open,Solved
LS-14801,2026-01-21 12:29,status,Open,Solved
LS-11171,2026-01-21 13:22,status,Open,Solved
LS-11762,2026-01-21 13:42,status,Open,Solved
LS-12673,2026-01-21 16:28,status,Open,Solved
LS-10196,2026-01-21 16:40,group,Frontline UK,Product Specialists
LS-10082,2026-01-21 16:44,status,Open,Solved
LS-10876,2026-01-21 16:58,status,Open,Solved
LS-10686,2026-01-21 17:34,group,Frontline IE,Payroll Team
LS-11099,2026-01-21 18:41,owner,Agent K,Agent L
LS-12075,2026-01-21 18:59,status,Open,Solved
LS-10287,2026-01-21 19:22,status,Open,Solved
LS-14082,2026-01-21 21:05,owner,Agent I,Agent N
LS-12184,2026-01-21 21:29,group,Frontline IE,Payroll Team
LS-14478,2026-01-21 22:03,status,Open,Solved
LS-14169,2026-01-21 22:24,group,Frontline UK,Product Specialists
LS-11868,2026-01-21 23:31,owner,Agent U,Agent H
LS-10686,2026-01-22 00:10,owner,Agent R,Agent P
LS-11323,2026-01-22 00:12,status,Open,Solved
LS-14742,2026-01-22 00:37,owner,Agent J,Agent A
LS-12101,2026-01-22 02:08,status,Open,Solved
LS-14843,2026-01-22 03:27,owner,Agent S,Agent T
LS-12198,2026-01-22 03:51,owner,Agent H,Agent V
LS-13944,2026-01-22 04:59,status,Open,Solved
LS-11119,2026-01-22 06:00,status,Open,Solved
LS-14169,2026-01-22 06:01,owner,Agent F,Agent S
LS-10934,2026-01-22 06:27,status,Open,Solved
LS-10686,2026-01-22 06:47,status,Open,Solved
LS-12690,2026-01-22 07:18,status,Open,Solved
LS-12184,2026-01-22 07:42,owner,Agent M,Agent H
LS-10625,2026-01-22 08:09,group,Frontline UK,Product Specialists
LS-14157,2026-01-22 08:36,status,Open,Solved
LS-13294,2026-01-22 09:40,owner,Agent P,Agent L
LS-14935,2026-01-22 09:55,status,Open,Solved
LS-14849,2026-01-22 11:16,status,Open,Solved
LS-10893,2026-01-22 11:54,owner,Agent P,Agent N
LS-10053,2026-01-22 12:10,owner,Agent O,Agent K
LS-12105,2026-01-22 12:55,group,Frontline UK,Engineering
LS-11364,2026-01-22 13:06,group,Frontline IE,Engineering
LS-14169,2026-01-22 13:39,owner,Agent S,Agent T
LS-12625,2026-01-22 13:55,group,Frontline UK,Engineering
LS-10681,2026-01-22 14:05,group,Frontline UK,Payroll Team
LS-13336,2026-01-22 14:14,status,Open,Solved
LS-14266,2026-01-22 14:33,status,Open,Solved
LS-14980,2026-01-22 14:41,status,Open,Solved
LS-11099,2026-01-22 14:51,status,Open,Solved
LS-13686,2026-01-22 15:23,group,Frontline UK,Product Specialists
LS-13686,2026-01-22 16:50,owner,Agent E,Agent K
LS-10681,2026-01-22 17:14,owner,Agent L,Agent U
LS-12105,2026-01-22 17:25,owner,Agent L,Agent U
LS-12764,2026-01-22 17:33,group,Frontline IE,Payroll Team
LS-12184,2026-01-22 17:54,status,Open,Solved
LS-13686,2026-01-22 18:17,status,Open,Solved
LS-13952,2026-01-22 18:58,status,Open,Solved
LS-13192,2026-01-22 19:16,owner,Agent R,Agent M
LS-12030,2026-01-22 19:26,group,Frontline IE,Engineering
LS-14432,2026-01-22 19:32,status,Open,Solved
LS-10681,2026-01-22 20:22,owner,Agent U,Agent Q
LS-14705,2026-01-22 21:05,status,Open,Solved
LS-11474,2026-01-22 21:11,status,Open,Solved
LS-14169,2026-01-22 21:16,status,Open,Solved
LS-11868,2026-01-22 21:48,status,Open,Solved
LS-12105,2026-01-22 21:55,status,Open,Solved
LS-14175,2026-01-22 22:18,group,Frontline UK,Payroll Team
LS-11816,2026-01-22 22:57,status,Open,Solved
LS-14065,2026-01-22 23:23,group,Frontline UK,Engineering
LS-14175,2026-01-22 23:25,owner,Agent N,Agent D
LS-10681,2026-01-22 23:31,status,Open,Solved
LS-12030,2026-01-22 23:51,owner,Agent D,Agent F
LS-14175,2026-01-23 00:32,status,Open,Solved
LS-14843,2026-01-23 00:45,owner,Agent T,Agent J
LS-12344,2026-01-23 01:21,status,Open,Solved
LS-13048,2026-01-23 02:53,owner,Agent G,Agent M
LS-11512,2026-01-23 03:35,owner,Agent D,Agent G
LS-13092,2026-01-23 03:35,status,Open,Solved
LS-12030,2026-01-23 04:16,status,Open,Solved
LS-13600,2026-01-23 04:23,status,Open,Solved
LS-13356,2026-01-23 06:24,owner,Agent P,Agent A
LS-11207,2026-01-23 06:55,status,Open,Solved
LS-10323,2026-01-23 07:03,group,Frontline UK,Engineering
LS-14711,2026-01-23 07:07,owner,Agent U,Agent B
LS-10062,2026-01-23 07:15,owner,Agent B,Agent Q
LS-10625,2026-01-23 07:58,owner,Agent A,Agent Q
LS-12761,2026-01-23 07:58,group,Frontline UK,Engineering
LS-12198,2026-01-23 08:10,owner,Agent V,Agent T
LS-14133,2026-01-23 08:33,owner,Agent H,Agent U
LS-15040,2026-01-23 08:33,status,Open,Solved
LS-13746,2026-01-23 09:11,group,Frontline UK,Engineering
LS-13598,2026-01-23 09:16,owner,Agent H,Agent S
LS-12764,2026-01-23 10:51,owner,Agent C,Agent T
LS-11769,2026-01-23 13:12,group,Frontline IE,Payroll Team
LS-14596,2026-01-23 13:14,owner,Agent C,Agent J
LS-12483,2026-01-23 13:25,group,Frontline UK,Engineering
LS-12483,2026-01-23 15:39,owner,Agent P,Agent Q
LS-12761,2026-01-23 16:03,owner,Agent M,Agent C
LS-14688,2026-01-23 16:13,status,Open,Solved
LS-11160,2026-01-23 16:54,owner,Agent K,Agent V
LS-12700,2026-01-23 17:14,owner,Agent D,Agent Q
LS-12483,2026-01-23 17:54,status,Open,Solved
LS-11435,2026-01-23 18:27,status,Open,Solved
LS-13233,2026-01-23 18:28,group,Frontline UK,Engineering
LS-12626,2026-01-23 18:35,status,Open,Solved
LS-13237,2026-01-23 20:04,group,Frontline IE,Product Specialists
LS-13178,2026-01-23 20:15,group,Frontline IE,Product Specialists
LS-13553,2026-01-23 21:00,status,Open,Solved
LS-14843,2026-01-23 22:02,owner,Agent J,Agent C
LS-12336,2026-01-23 23:13,status,Open,Solved
LS-14289,2026-01-23 23:50,status,Open,Solved
LS-12761,2026-01-24 00:08,status,Open,Solved
LS-14607,2026-01-24 04:00,group,Frontline UK,Engineering
LS-12764,2026-01-24 04:09,status,Open,Solved
LS-12770,2026-01-24 04:28,group,Frontline UK,Engineering
LS-11130,2026-01-24 04:29,group,Frontline UK,Payroll Team
LS-11538,2026-01-24 05:34,group,Frontline UK,Payroll Team
LS-11769,2026-01-24 05:48,owner,Agent U,Agent B
LS-11292,2026-01-24 05:56,status,Open,Solved
LS-11130,2026-01-24 06:24,owner,Agent J,Agent V
LS-13311,2026-01-24 06:26,owner,Agent Q,Agent V
LS-12625,2026-01-24 06:56,owner,Agent I,Agent H
LS-13142,2026-01-24 07:32,group,Frontline UK,Engineering
LS-14567,2026-01-24 07:44,status,Open,Solved
LS-10625,2026-01-24 07:47,status,Open,Solved
LS-11130,2026-01-24 08:19,status,Open,Solved
LS-14065,2026-01-24 09:26,owner,Agent B,Agent N
LS-13142,2026-01-24 09:47,owner,Agent L,Agent S
LS-14647,2026-01-24 11:15,group,Frontline IE,Payroll Team
LS-12770,2026-01-24 11:26,owner,Agent D,Agent S
LS-13142,2026-01-24 12:03,status,Open,Solved
LS-12198,2026-01-24 12:29,status,Open,Solved
LS-14647,2026-01-24 12:55,owner,Agent V,Agent O
LS-11710,2026-01-24 13:13,group,Frontline UK,Payroll Team
LS-14181,2026-01-24 13:26,group,Frontline UK,Engineering
LS-14647,2026-01-24 14:35,status,Open,Solved
LS-11710,2026-01-24 15:05,owner,Agent U,Agent P
LS-12724,2026-01-24 15:37,group,Frontline UK,Engineering
LS-13237,2026-01-24 16:39,owner,Agent E,Agent K
LS-13021,2026-01-24 16:44,status,Open,Solved
LS-11710,2026-01-24 16:57,status,Open,Solved
LS-13404,2026-01-24 17:02,owner,Agent M,Agent D
LS-14151,2026-01-24 17:25,status,Open,Solved
LS-11663,2026-01-24 17:35,status,Open,Solved
LS-12770,2026-01-24 18:23,status,Open,Solved
LS-14742,2026-01-24 18:46,status,Open,Solved
LS-10268,2026-01-24 18:53,status,Open,Solved
LS-13101,2026-01-24 18:54,status,Open,Solved
LS-14843,2026-01-24 19:20,status,Open,Solved
LS-11538,2026-01-24 19:40,owner,Agent C,Agent G
LS-14583,2026-01-24 19:55,status,Open,Solved
LS-11769,2026-01-24 22:23,status,Open,Solved
LS-11529,2026-01-25 00:54,group,Frontline UK,Payroll Team
LS-10722,2026-01-25 01:25,group,Frontline IE,Engineering
LS-10053,2026-01-25 01:33,owner,Agent K,Agent U
LS-12484,2026-01-25 01:38,status,Open,Solved
LS-10961,2026-01-25 02:17,group,Frontline UK,Product Specialists
LS-10893,2026-01-25 05:05,status,Open,Solved
LS-10613,2026-01-25 05:06,group,Frontline IE,Product Specialists
LS-12482,2026-01-25 06:52,status,Open,Solved
LS-11249,2026-01-25 07:01,owner,Agent K,Agent H
LS-13020,2026-01-25 07:13,status,Open,Solved
LS-13607,2026-01-25 07:27,group,Frontline UK,Engineering
LS-14133,2026-01-25 07:51,owner,Agent U,Agent Q
LS-12602,2026-01-25 08:49,status,Open,Solved
LS-12322,2026-01-25 08:50,group,Frontline IE,Engineering
LS-13258,2026-01-25 09:13,group,Frontline UK,Payroll Team
LS-10961,2026-01-25 09:27,owner,Agent H,Agent S
LS-11538,2026-01-25 09:46,status,Open,Solved
LS-10604,2026-01-25 10:26,status,Open,Solved
LS-12724,2026-01-25 10:56,owner,Agent C,Agent B
LS-13048,2026-01-25 11:34,status,Open,Solved
LS-10909,2026-01-25 11:42,owner,Agent F,Agent Q
LS-10722,2026-01-25 12:43,owner,Agent J,Agent E
LS-13746,2026-01-25 12:58,owner,Agent B,Agent S
LS-12179,2026-01-25 12:59,owner,Agent J,Agent H
LS-13237,2026-01-25 13:14,status,Open,Solved
LS-10196,2026-01-25 13:19,owner,Agent P,Agent Q
LS-10613,2026-01-25 15:37,owner,Agent U,Agent D
LS-11737,2026-01-25 15:45,owner,Agent H,Agent K
LS-13258,2026-01-25 16:24,owner,Agent V,Agent P
LS-10961,2026-01-25 16:37,status,Open,Solved
LS-11364,2026-01-25 19:06,owner,Agent K,Agent G
LS-14065,2026-01-25 19:29,status,Open,Solved
LS-10965,2026-01-25 19:39,status,Open,Solved
LS-13058,2026-01-25 20:33,group,Frontline IE,Product Specialists
LS-14549,2026-01-25 20:55,group,Frontline UK,Engineering
LS-13797,2026-01-25 21:15,group,Frontline UK,Engineering
LS-11529,2026-01-25 23:15,owner,Agent D,Agent T
LS-13258,2026-01-25 23:35,status,Open,Solved
LS-13302,2026-01-25 23:52,owner,Agent G,Agent I
LS-12625,2026-01-25 23:57,owner,Agent H,Agent L
LS-13058,2026-01-25 23:58,owner,Agent G,Agent M
LS-10722,2026-01-26 00:01,status,Open,Solved
LS-12082,2026-01-26 01:23,status,Open,Solved
LS-11160,2026-01-26 01:29,status,Open,Solved
LS-10613,2026-01-26 02:08,status,Open,Solved
LS-13766,2026-01-26 02:23,owner,Agent Q,Agent E
LS-13299,2026-01-26 02:41,owner,Agent L,Agent Q
LS-13058,2026-01-26 03:23,status,Open,Solved
LS-13999,2026-01-26 03:46,group,Frontline UK,Payroll Team
LS-12682,2026-01-26 04:08,status,Open,Solved
LS-12575,2026-01-26 04:33,status,Open,Solved
LS-12794,2026-01-26 04:38,owner,Agent L,Agent T
LS-13607,2026-01-26 05:30,owner,Agent A,Agent O
LS-12724,2026-01-26 06:15,status,Open,Solved
LS-13356,2026-01-26 08:15,status,Open,Solved
LS-13598,2026-01-26 08:20,owner,Agent S,Agent B
LS-10670,2026-01-26 11:22,status,Open,Solved
LS-14589,2026-01-26 12:30,status,Open,Solved
LS-11188,2026-01-26 16:00,group,Frontline IE,Engineering
LS-12612,2026-01-26 16:03,status,Open,Solved
LS-13999,2026-01-26 16:46,owner,Agent U,Agent A
LS-11529,2026-01-26 21:36,status,Open,Solved
LS-11085,2026-01-26 22:20,status,Open,Solved
LS-10823,2026-01-26 22:53,group,Frontline UK,Engineering
LS-12888,2026-01-27 01:13,owner,Agent I,Agent L
LS-13093,2026-01-27 02:50,group,Frontline IE,Engineering
LS-11188,2026-01-27 03:09,owner,Agent E,Agent K
LS-13607,2026-01-27 03:34,owner,Agent O,Agent H
LS-14711,2026-01-27 04:45,owner,Agent B,Agent S
LS-13999,2026-01-27 05:46,owner,Agent A,Agent V
LS-14027,2026-01-27 05:59,status,Open,Solved
LS-10874,2026-01-27 06:31,group,Frontline UK,Product Specialists
LS-14133,2026-01-27 07:09,owner,Agent Q,Agent A
LS-12322,2026-01-27 07:40,owner,Agent G,Agent K
LS-13877,2026-01-27 08:43,status,Open,Solved
LS-13729,2026-01-27 09:33,status,Open,Solved
LS-11512,2026-01-27 10:13,owner,Agent G,Agent Q
LS-12208,2026-01-27 10:17,group,Frontline UK,Product Specialists
LS-11267,2026-01-27 11:37,group,Frontline IE,Engineering
LS-11277,2026-01-27 12:51,status,Open,Solved
LS-12309,2026-01-27 14:07,group,Frontline IE,Product Specialists
LS-11188,2026-01-27 14:17,owner,Agent K,Agent S
LS-10053,2026-01-27 14:55,status,Open,Solved
LS-14815,2026-01-27 15:35,status,Open,Solved
LS-13746,2026-01-27 16:44,status,Open,Solved
LS-12625,2026-01-27 16:58,status,Open,Solved
LS-11510,2026-01-27 17:30,group,Frontline UK,Engineering
LS-13526,2026-01-27 17:38,status,Open,Solved
LS-13999,2026-01-27 18:47,owner,Agent V,Agent S
LS-12913,2026-01-27 22:39,group,Frontline IE,Product Specialists
LS-14562,2026-01-27 22:58,group,Frontline UK,Engineering
LS-10932,2026-01-28 00:17,status,Open,Solved
LS-13404,2026-01-28 00:21,owner,Agent D,Agent H
LS-13623,2026-01-28 01:03,status,Open,Solved
LS-11188,2026-01-28 01:26,status,Open,Solved
LS-13964,2026-01-28 01:29,group,Frontline UK,Product Specialists
LS-13607,2026-01-28 01:37,status,Open,Solved
LS-13511,2026-01-28 02:19,group,Frontline UK,Engineering
LS-13089,2026-01-28 02:31,owner,Agent L,Agent B
LS-10910,2026-01-28 04:04,group,Frontline IE,Product Specialists
LS-14913,2026-01-28 05:29,group,Frontline UK,Engineering
LS-13883,2026-01-28 06:18,status,Open,Solved
LS-13233,2026-01-28 06:41,owner,Agent J,Agent C
LS-14518,2026-01-28 07:05,group,Frontline IE,Engineering
LS-13999,2026-01-28 07:47,status,Open,Solved
LS-10049,2026-01-28 08:46,status,Open,Solved
LS-10556,2026-01-28 10:25,group,Frontline UK,Engineering
LS-11665,2026-01-28 11:08,status,Open,Solved
LS-13964,2026-01-28 11:11,owner,Agent K,Agent F
LS-14607,2026-01-28 11:23,owner,Agent R,Agent T
LS-13797,2026-01-28 12:07,owner,Agent F,Agent B
LS-14181,2026-01-28 12:58,owner,Agent Q,Agent U
LS-14722,2026-01-28 14:14,status,Open,Solved
LS-12068,2026-01-28 14:35,group,Frontline UK,Engineering
LS-12913,2026-01-28 14:58,owner,Agent P,Agent R
LS-11618,2026-01-28 16:19,status,Open,Solved
LS-14518,2026-01-28 16:49,owner,Agent M,Agent Q
LS-12477,2026-01-28 19:06,status,Open,Solved
LS-12578,2026-01-28 20:02,status,Open,Solved
LS-13503,2026-01-28 20:38,status,Open,Solved
LS-13964,2026-01-28 20:52,status,Open,Solved
LS-14204,2026-01-28 22:06,status,Open,Solved
LS-10790,2026-01-28 23:26,status,Open,Solved
LS-11364,2026-01-29 01:06,owner,Agent G,Agent Q
LS-14518,2026-01-29 02:33,owner,Agent Q,Agent B
LS-13511,2026-01-29 02:48,owner,Agent A,Agent Q
LS-10306,2026-01-29 03:41,status,Open,Solved
LS-13323,2026-01-29 04:35,group,Frontline UK,Payroll Team
LS-12309,2026-01-29 04:59,owner,Agent R,Agent O
LS-14133,2026-01-29 06:26,status,Open,Solved
LS-12322,2026-01-29 06:29,owner,Agent K,Agent V
LS-12107,2026-01-29 07:04,status,Open,Solved
LS-12913,2026-01-29 07:17,status,Open,Solved
LS-13598,2026-01-29 07:24,status,Open,Solved
LS-14320,2026-01-29 08:29,group,Frontline IE,Product Specialists
LS-12261,2026-01-29 08:49,group,Frontline IE,Product Specialists
LS-14779,2026-01-29 09:23,status,Open,Solved
LS-10196,2026-01-29 09:58,owner,Agent Q,Agent L
LS-14518,2026-01-29 12:18,status,Open,Solved
LS-10417,2026-01-29 12:43,group,Frontline IE,Engineering
LS-12208,2026-01-29 13:12,owner,Agent G,Agent I
LS-11896,2026-01-29 14:37,status,Open,Solved
LS-14573,2026-01-29 17:22,status,Open,Solved
LS-13192,2026-01-29 17:37,owner,Agent M,Agent N
LS-11286,2026-01-29 18:36,status,Open,Solved
LS-13294,2026-01-29 19:26,owner,Agent L,Agent H
LS-13323,2026-01-29 20:07,owner,Agent U,Agent N
LS-10874,2026-01-29 21:17,owner,Agent N,Agent S
LS-11902,2026-01-29 22:08,status,Open,Solved
LS-10854,2026-01-29 22:21,group,Frontline IE,Product Specialists
LS-14320,2026-01-29 22:30,owner,Agent I,Agent J
LS-14562,2026-01-29 23:18,owner,Agent L,Agent N
LS-10854,2026-01-30 00:30,owner,Agent D,Agent J
LS-10556,2026-01-30 00:54,owner,Agent C,Agent M
LS-10854,2026-01-30 02:39,owner,Agent J,Agent S
LS-13311,2026-01-30 02:58,status,Open,Solved
LS-13832,2026-01-30 03:03,status,Open,Solved
LS-13511,2026-01-30 03:16,status,Open,Solved
LS-11906,2026-01-30 03:21,group,Frontline UK,Product Specialists
LS-14082,2026-01-30 03:41,status,Open,Solved
LS-14596,2026-01-30 04:15,status,Open,Solved
LS-10854,2026-01-30 04:48,status,Open,Solved
LS-13844,2026-01-30 05:41,status,Open,Solved
LS-13993,2026-01-30 08:24,status,Open,Solved
LS-12261,2026-01-30 08:45,owner,Agent A,Agent V
LS-13129,2026-01-30 09:34,group,Frontline UK,Engineering
LS-10188,2026-01-30 10:21,group,Frontline UK,Engineering
LS-10304,2026-01-30 10:39,group,Frontline IE,Engineering
LS-13323,2026-01-30 11:39,status,Open,Solved
LS-12179,2026-01-30 12:19,owner,Agent H,Agent K
LS-14320,2026-01-30 12:31,status,Open,Solved
LS-10823,2026-01-30 12:40,owner,Agent I,Agent E
LS-11906,2026-01-30 13:13,owner,Agent A,Agent L
LS-11940,2026-01-30 14:06,group,Frontline UK,Payroll Team
LS-14871,2026-01-30 14:17,group,Frontline UK,Product Specialists
LS-11681,2026-01-30 14:48,group,Frontline UK,Payroll Team
LS-12738,2026-01-30 17:06,group,Frontline IE,Payroll Team
LS-13658,2026-01-30 17:25,group,Frontline IE,Product Specialists
LS-10699,2026-01-30 18:46,owner,Agent Q,Agent N
LS-11940,2026-01-30 18:55,owner,Agent P,Agent T
LS-12309,2026-01-30 19:51,status,Open,Solved
LS-14653,2026-01-30 20:55,owner,Agent M,Agent I
LS-12991,2026-01-30 21:53,status,Open,Solved
LS-11906,2026-01-30 23:06,owner,Agent L,Agent O
LS-11940,2026-01-30 23:44,owner,Agent T,Agent U
LS-10432,2026-01-30 23:57,status,Open,Solved
LS-13658,2026-01-31 00:33,owner,Agent I,Agent E
LS-14711,2026-01-31 02:24,status,Open,Solved
LS-10179,2026-01-31 02:30,group,Frontline IE,Engineering
LS-13299,2026-01-31 02:54,status,Open,Solved
LS-13797,2026-01-31 02:59,owner,Agent B,Agent E
LS-11940,2026-01-31 04:33,status,Open,Solved
LS-10462,2026-01-31 05:06,group,Frontline UK,Payroll Team
LS-12322,2026-01-31 05:19,status,Open,Solved
LS-10179,2026-01-31 06:37,owner,Agent S,Agent C
LS-13404,2026-01-31 07:40,owner,Agent H,Agent N
LS-13658,2026-01-31 07:41,owner,Agent E,Agent J
LS-12261,2026-01-31 08:42,status,Open,Solved
LS-11906,2026-01-31 08:58,status,Open,Solved
LS-10462,2026-01-31 09:51,owner,Agent R,Agent O
LS-10179,2026-01-31 10:44,owner,Agent C,Agent F
LS-10272,2026-01-31 11:32,status,Open,Solved
LS-13617,2026-01-31 13:01,status,Open,Solved
LS-12794,2026-01-31 13:49,status,Open,Solved
LS-10462,2026-01-31 14:36,status,Open,Solved
LS-13658,2026-01-31 14:49,status,Open,Solved
LS-10179,2026-01-31 14:51,status,Open,Solved
LS-10538,2026-01-31 15:07,group,Frontline UK,Engineering
LS-10556,2026-01-31 15:23,status,Open,Solved
LS-12208,2026-01-31 16:08,status,Open,Solved
LS-11512,2026-01-31 16:51,status,Open,Solved
LS-12954,2026-01-31 17:14,status,Open,Solved
LS-13211,2026-01-31 17:34,group,Frontline UK,Engineering
LS-13128,2026-01-31 17:42,group,Frontline IE,Product Specialists
LS-14814,2026-01-31 17:45,group,Frontline UK,Payroll Team
LS-12700,2026-01-31 17:56,status,Open,Solved
LS-10538,2026-01-31 22:10,owner,Agent R,Agent C
LS-14627,2026-01-31 22:26,group,Frontline UK,Engineering
LS-10868,2026-01-31 22:31,group,Frontline UK,Payroll Team
LS-13134,2026-01-31 22:32,status,Open,Solved
LS-14562,2026-01-31 23:38,owner,Agent N,Agent R
LS-11737,2026-01-31 23:57,status,Open,Solved
LS-13129,2026-02-01 01:54,owner,Agent L,Agent J
LS-14871,2026-02-01 02:58,owner,Agent Q,Agent L
LS-10538,2026-02-01 05:12,owner,Agent C,Agent M
LS-13124,2026-02-01 06:48,status,Open,Solved
LS-11364,2026-02-01 07:06,status,Open,Solved
LS-11045,2026-02-01 07:23,status,Open,Solved
LS-11510,2026-02-01 08:50,owner,Agent I,Agent R
LS-14740,2026-02-01 09:02,status,Open,Solved
LS-13128,2026-02-01 09:46,owner,Agent L,Agent I
LS-10868,2026-02-01 09:50,owner,Agent H,Agent Q
LS-14323,2026-02-01 11:23,status,Open,Solved
LS-10874,2026-02-01 12:03,status,Open,Solved
LS-10538,2026-02-01 12:15,status,Open,Solved
LS-12403,2026-02-01 12:20,status,Open,Solved
LS-14181,2026-02-01 12:29,status,Open,Solved
LS-12621,2026-02-01 13:00,group,Frontline UK,Payroll Team
LS-10809,2026-02-01 13:05,status,Open,Solved
LS-10430,2026-02-01 15:26,group,Frontline IE,Payroll Team
LS-14814,2026-02-01 15:38,owner,Agent G,Agent V
LS-11681,2026-02-01 17:16,owner,Agent R,Agent A
LS-14171,2026-02-01 17:27,status,Open,Solved
LS-14607,2026-02-01 18:45,owner,Agent T,Agent D
LS-14549,2026-02-01 18:46,owner,Agent Q,Agent S
LS-13233,2026-02-01 18:54,owner,Agent C,Agent F
LS-12063,2026-02-01 19:10,group,Frontline IE,Payroll Team
LS-12216,2026-02-01 19:41,status,Open,Solved
LS-14906,2026-02-01 20:30,status,Open,Solved
LS-11271,2026-02-01 20:49,status,Open,Solved
LS-11340,2026-02-01 20:52,group,Frontline UK,Payroll Team
LS-10868,2026-02-01 21:09,status,Open,Solved
LS-14375,2026-02-01 23:28,group,Frontline UK,Payroll Team
LS-11340,2026-02-02 00:28,owner,Agent E,Agent J
LS-12642,2026-02-02 01:31,owner,Agent T,Agent O
LS-13128,2026-02-02 01:50,owner,Agent I,Agent J
LS-11179,2026-02-02 02:41,status,Open,Solved
LS-13743,2026-02-02 03:01,group,Frontline UK,Engineering
LS-11340,2026-02-02 04:04,status,Open,Solved
LS-12063,2026-02-02 04:46,owner,Agent S,Agent O
LS-13045,2026-02-02 04:57,group,Frontline UK,Product Specialists
LS-10155,2026-02-02 05:29,status,Open,Solved
LS-12460,2026-02-02 05:30,group,Frontline UK,Product Specialists
LS-11506,2026-02-02 06:17,group,Frontline UK,Product Specialists
LS-10058,2026-02-02 06:27,group,Frontline UK,Engineering
LS-10196,2026-02-02 06:37,status,Open,Solved
LS-10257,2026-02-02 07:14,status,Open,Solved
LS-13045,2026-02-02 07:37,owner,Agent G,Agent L
LS-13372,2026-02-02 08:00,status,Open,Solved
LS-13045,2026-02-02 10:17,status,Open,Solved
LS-13346,2026-02-02 10:51,group,Frontline UK,Payroll Team
LS-14281,2026-02-02 11:06,status,Open,Solved
LS-10242,2026-02-02 11:30,owner,Agent I,Agent G
LS-10073,2026-02-02 12:02,status,Open,Solved
LS-11487,2026-02-02 13:19,group,Frontline UK,Payroll Team
LS-10430,2026-02-02 13:20,owner,Agent E,Agent H
LS-14814,2026-02-02 13:31,status,Open,Solved
LS-12738,2026-02-02 13:58,owner,Agent D,Agent M
LS-12063,2026-02-02 14:22,owner,Agent O,Agent M
LS-14871,2026-02-02 15:38,owner,Agent L,Agent B
LS-13786,2026-02-02 15:40,owner,Agent J,Agent E
LS-13743,2026-02-02 16:53,owner,Agent D,Agent B
LS-13797,2026-02-02 17:51,status,Open,Solved
LS-13128,2026-02-02 17:54,status,Open,Solved
LS-13129,2026-02-02 18:14,owner,Agent J,Agent B
LS-12585,2026-02-02 19:13,group,Frontline UK,Engineering
LS-15023,2026-02-02 20:44,group,Frontline UK,Engineering
LS-13346,2026-02-02 21:01,owner,Agent T,Agent A
LS-12173,2026-02-02 23:16,status,Open,Solved
LS-10005,2026-02-02 23:46,group,Frontline UK,Payroll Team
LS-12063,2026-02-02 23:58,owner,Agent M,Agent B
LS-14562,2026-02-02 23:58,owner,Agent R,Agent V
LS-12675,2026-02-03 01:09,group,Frontline UK,Payroll Team
LS-10823,2026-02-03 02:28,status,Open,Solved
LS-14527,2026-02-03 05:35,group,Frontline UK,Payroll Team
LS-14193,2026-02-03 06:14,status,Open,Solved
LS-13030,2026-02-03 06:21,group,Frontline IE,Product Specialists
LS-13743,2026-02-03 06:45,status,Open,Solved
LS-13766,2026-02-03 06:52,owner,Agent E,Agent O
LS-11465,2026-02-03 07:02,group,Frontline UK,Engineering
LS-13346,2026-02-03 07:11,owner,Agent A,Agent L
LS-10005,2026-02-03 08:04,owner,Agent A,Agent T
LS-11445,2026-02-03 08:25,status,Open,Solved
LS-11536,2026-02-03 09:04,group,Frontline UK,Product Specialists
LS-12063,2026-02-03 09:34,status,Open,Solved
LS-14527,2026-02-03 09:57,owner,Agent D,Agent T
LS-11536,2026-02-03 11:13,owner,Agent I,Agent R
LS-10430,2026-02-03 11:14,owner,Agent H,Agent V
LS-14172,2026-02-03 11:37,status,Open,Solved
LS-11536,2026-02-03 13:22,status,Open,Solved
LS-11709,2026-02-03 14:16,group,Frontline UK,Engineering
LS-14527,2026-02-03 14:19,status,Open,Solved
LS-10780,2026-02-03 14:53,status,Open,Solved
LS-13404,2026-02-03 14:59,status,Open,Solved
LS-13183,2026-02-03 15:35,status,Open,Solved
LS-10005,2026-02-03 16:21,status,Open,Solved
LS-13346,2026-02-03 17:21,status,Open,Solved
LS-13297,2026-02-03 18:16,group,Frontline UK,Payroll Team
LS-11681,2026-02-03 19:43,owner,Agent A,Agent T
LS-12295,2026-02-03 19:51,status,Open,Solved
LS-11487,2026-02-03 20:37,owner,Agent C,Agent E
LS-12675,2026-02-03 21:19,owner,Agent L,Agent E
LS-12460,2026-02-03 21:22,owner,Agent B,Agent G
LS-14979,2026-02-03 22:20,owner,Agent J,Agent C
LS-14508,2026-02-04 00:22,status,Open,Solved
LS-11709,2026-02-04 02:08,owner,Agent O,Agent V
LS-10910,2026-02-04 02:44,owner,Agent I,Agent P
LS-13867,2026-02-04 03:09,group,Frontline UK,Engineering
LS-11196,2026-02-04 03:53,status,Open,Solved
LS-14871,2026-02-04 04:19,status,Open,Solved
LS-12621,2026-02-04 04:45,owner,Agent H,Agent B
LS-13030,2026-02-04 05:10,owner,Agent N,Agent R
LS-14701,2026-02-04 06:22,group,Frontline UK,Product Specialists
LS-10430,2026-02-04 09:08,owner,Agent V,Agent G
LS-10304,2026-02-04 09:52,owner,Agent V,Agent K
LS-12888,2026-02-04 09:54,status,Open,Solved
LS-13211,2026-02-04 10:30,owner,Agent O,Agent B
LS-13129,2026-02-04 10:34,status,Open,Solved
LS-12179,2026-02-04 11:39,status,Open,Solved
LS-12585,2026-02-04 12:24,owner,Agent A,Agent S
LS-11105,2026-02-04 13:00,group,Frontline UK,Product Specialists
LS-11709,2026-02-04 14:00,owner,Agent V,Agent E
LS-10324,2026-02-04 14:25,group,Frontline UK,Engineering
LS-12076,2026-02-04 14:28,group,Frontline UK,Product Specialists
LS-12675,2026-02-04 17:29,owner,Agent E,Agent M
LS-14926,2026-02-04 18:47,group,Frontline UK,Product Specialists
LS-13173,2026-02-04 19:03,status,Open,Solved
LS-10801,2026-02-04 19:11,group,Frontline UK,Payroll Team
LS-12967,2026-02-04 20:24,status,Open,Solved
LS-11782,2026-02-04 21:28,group,Frontline UK,Payroll Team
LS-14313,2026-02-04 23:32,group,Frontline UK,Engineering
LS-14562,2026-02-05 00:18,owner,Agent V,Agent A
LS-11070,2026-02-05 01:02,group,Frontline UK,Payroll Team
LS-11709,2026-02-05 01:52,owner,Agent E,Agent L
LS-14762,2026-02-05 03:38,group,Frontline UK,Engineering
LS-14365,2026-02-05 03:49,status,Open,Solved
LS-14913,2026-02-05 03:54,owner,Agent O,Agent I
LS-11487,2026-02-05 03:55,owner,Agent E,Agent L
LS-13030,2026-02-05 03:59,status,Open,Solved
LS-14926,2026-02-05 05:17,owner,Agent O,Agent D
LS-11782,2026-02-05 06:22,owner,Agent E,Agent T
LS-12659,2026-02-05 06:57,group,Frontline UK,Payroll Team
LS-10430,2026-02-05 07:02,status,Open,Solved
LS-10912,2026-02-05 07:22,group,Frontline UK,Payroll Team
LS-13190,2026-02-05 08:04,status,Open,Solved
LS-12420,2026-02-05 08:21,group,Frontline UK,Product Specialists
LS-13442,2026-02-05 08:42,group,Frontline UK,Engineering
LS-14165,2026-02-05 10:02,status,Open,Solved
LS-10188,2026-02-05 10:12,owner,Agent R,Agent I
LS-12420,2026-02-05 10:30,owner,Agent U,Agent D
LS-12738,2026-02-05 10:49,status,Open,Solved
LS-10912,2026-02-05 11:56,owner,Agent E,Agent D
LS-10324,2026-02-05 12:30,owner,Agent E,Agent U
LS-12420,2026-02-05 12:40,status,Open,Solved
LS-12460,2026-02-05 13:14,owner,Agent G,Agent P
LS-12675,2026-02-05 13:39,status,Open,Solved
LS-11709,2026-02-05 13:44,status,Open,Solved
LS-11479,2026-02-05 15:16,status,Open,Solved
LS-11782,2026-02-05 15:17,status,Open,Solved
LS-14926,2026-02-05 15:46,status,Open,Solved
LS-13192,2026-02-05 15:58,status,Open,Solved
LS-10912,2026-02-05 16:30,owner,Agent D,Agent K
LS-11070,2026-02-05 17:04,owner,Agent G,Agent S
LS-12652,2026-02-05 17:30,group,Frontline UK,Product Specialists
LS-11670,2026-02-05 19:23,status,Open,Solved
LS-12730,2026-02-05 19:33,group,Frontline IE,Product Specialists
LS-12076,2026-02-05 19:38,owner,Agent J,Agent E
LS-10912,2026-02-05 21:04,status,Open,Solved
LS-13089,2026-02-05 21:34,status,Open,Solved
LS-11924,2026-02-05 21:56,group,Frontline UK,Product Specialists
LS-11681,2026-02-05 22:11,status,Open,Solved
LS-11654,2026-02-05 23:23,status,Open,Solved
LS-13297,2026-02-06 00:10,owner,Agent J,Agent F
LS-11510,2026-02-06 00:11,owner,Agent R,Agent P
LS-14821,2026-02-06 01:09,group,Frontline UK,Product Specialists
LS-13867,2026-02-06 01:36,owner,Agent E,Agent B
LS-14168,2026-02-06 01:42,status,Open,Solved
LS-14607,2026-02-06 02:08,status,Open,Solved
LS-10101,2026-02-06 02:17,group,Frontline IE,Engineering
LS-12730,2026-02-06 02:52,owner,Agent E,Agent U
LS-11736,2026-02-06 03:13,group,Frontline UK,Payroll Team
LS-13316,2026-02-06 04:11,group,Frontline UK,Product Specialists
LS-13294,2026-02-06 05:13,status,Open,Solved
LS-12585,2026-02-06 05:35,status,Open,Solved
LS-11402,2026-02-06 06:28,group,Frontline UK,Product Specialists
LS-13189,2026-02-06 06:35,group,Frontline IE,Engineering
LS-12659,2026-02-06 07:04,owner,Agent U,Agent F
LS-13233,2026-02-06 07:07,owner,Agent F,Agent H
LS-11506,2026-02-06 08:06,owner,Agent K,Agent A
LS-13316,2026-02-06 08:27,owner,Agent M,Agent I
LS-11070,2026-02-06 09:05,owner,Agent S,Agent L
LS-12730,2026-02-06 10:11,status,Open,Solved
LS-10324,2026-02-06 10:36,owner,Agent U,Agent L
LS-11487,2026-02-06 11:13,status,Open,Solved
LS-10969,2026-02-06 11:52,status,Open,Solved
LS-13316,2026-02-06 12:44,status,Open,Solved
LS-10972,2026-02-06 14:32,status,Open,Solved
LS-14343,2026-02-06 14:46,owner,Agent I,Agent V
LS-10735,2026-02-06 15:11,status,Open,Solved
LS-14701,2026-02-06 15:47,owner,Agent S,Agent P
LS-14375,2026-02-06 17:44,owner,Agent L,Agent R
LS-11888,2026-02-06 18:37,group,Frontline UK,Product Specialists
LS-13549,2026-02-06 18:45,status,Open,Solved
LS-10018,2026-02-06 19:57,status,Open,Solved
LS-12621,2026-02-06 20:30,status,Open,Solved
LS-11465,2026-02-06 23:34,owner,Agent P,Agent T
LS-13719,2026-02-07 00:17,status,Open,Solved
LS-14562,2026-02-07 00:38,status,Open,Solved
LS-12076,2026-02-07 00:48,owner,Agent E,Agent T
LS-11070,2026-02-07 01:07,status,Open,Solved
LS-14368,2026-02-07 01:07,status,Open,Solved
LS-11736,2026-02-07 01:17,owner,Agent I,Agent Q
LS-11678,2026-02-07 03:22,status,Open,Solved
LS-10234,2026-02-07 03:48,group,Frontline UK,Product Specialists
LS-13326,2026-02-07 03:59,group,Frontline UK,Engineering
LS-11683,2026-02-07 04:53,status,Open,Solved
LS-12460,2026-02-07 05:06,status,Open,Solved
LS-11402,2026-02-07 05:11,owner,Agent K,Agent Q
LS-10799,2026-02-07 05:22,status,Open,Solved
LS-10139,2026-02-07 06:50,status,Open,Solved
LS-12659,2026-02-07 07:12,owner,Agent F,Agent V
LS-14714,2026-02-07 07:22,status,Open,Solved
LS-13620,2026-02-07 07:42,status,Open,Solved
LS-10234,2026-02-07 07:44,owner,Agent H,Agent I
LS-10324,2026-02-07 08:41,owner,Agent L,Agent F
LS-13302,2026-02-07 09:43,status,Open,Solved
LS-11888,2026-02-07 09:59,owner,Agent E,Agent N
LS-15069,2026-02-07 10:34,status,Open,Solved
LS-15023,2026-02-07 11:30,owner,Agent E,Agent N
LS-10234,2026-02-07 11:41,status,Open,Solved
LS-14529,2026-02-07 11:59,group,Frontline UK,Product Specialists
LS-14627,2026-02-07 12:50,owner,Agent S,Agent T
LS-11128,2026-02-07 15:24,group,Frontline UK,Product Specialists
LS-13595,2026-02-07 16:33,group,Frontline IE,Payroll Team
LS-11724,2026-02-07 17:37,group,Frontline UK,Payroll Team
LS-14821,2026-02-07 17:45,owner,Agent C,Agent L
LS-11302,2026-02-07 19:32,status,Open,Solved
LS-13326,2026-02-07 19:58,owner,Agent E,Agent J
LS-12988,2026-02-07 21:02,status,Open,Solved
LS-12528,2026-02-07 21:13,status,Open,Solved
LS-10927,2026-02-07 21:59,status,Open,Solved
LS-11149,2026-02-07 22:22,group,Frontline UK,Engineering
LS-11342,2026-02-07 22:44,status,Open,Solved
LS-11714,2026-02-07 22:49,group,Frontline UK,Engineering
LS-11736,2026-02-07 23:21,status,Open,Solved
LS-13867,2026-02-08 00:03,owner,Agent B,Agent U
LS-11888,2026-02-08 01:20,owner,Agent N,Agent Q
LS-12009,2026-02-08 01:38,status,Open,Solved
LS-14529,2026-02-08 01:43,owner,Agent M,Agent E
LS-11058,2026-02-08 03:02,group,Frontline UK,Product Specialists
LS-14703,2026-02-08 03:07,group,Frontline IE,Engineering
LS-13211,2026-02-08 03:25,status,Open,Solved
LS-11402,2026-02-08 03:54,status,Open,Solved
LS-10101,2026-02-08 04:27,owner,Agent V,Agent U
LS-11724,2026-02-08 04:32,owner,Agent A,Agent F
LS-12175,2026-02-08 05:21,status,Open,Solved
LS-12076,2026-02-08 05:58,status,Open,Solved
LS-13297,2026-02-08 06:04,status,Open,Solved
LS-10324,2026-02-08 06:47,status,Open,Solved
LS-12659,2026-02-08 07:19,status,Open,Solved
LS-13337,2026-02-08 07:54,status,Open,Solved
LS-12162,2026-02-08 09:40,status,Open,Solved
LS-14313,2026-02-08 10:31,owner,Agent H,Agent S
LS-14703,2026-02-08 10:33,owner,Agent J,Agent P
LS-13326,2026-02-08 11:57,status,Open,Solved
LS-11714,2026-02-08 12:14,owner,Agent H,Agent N
LS-13595,2026-02-08 13:14,owner,Agent F,Agent G
LS-11724,2026-02-08 15:27,status,Open,Solved
LS-14529,2026-02-08 15:27,status,Open,Solved
LS-13685,2026-02-08 15:30,group,Frontline UK,Payroll Team
LS-12808,2026-02-08 15:36,group,Frontline IE,Engineering
LS-14549,2026-02-08 16:37,status,Open,Solved
LS-11888,2026-02-08 16:42,owner,Agent Q,Agent T
LS-14703,2026-02-08 17:59,owner,Agent P,Agent E
LS-11505,2026-02-08 19:40,status,Open,Solved
LS-10714,2026-02-08 19:41,group,Frontline UK,Engineering
LS-14540,2026-02-08 20:03,group,Frontline UK,Engineering
LS-13685,2026-02-08 20:59,owner,Agent P,Agent T
LS-12254,2026-02-08 22:02,group,Frontline UK,Payroll Team
LS-10417,2026-02-08 22:44,owner,Agent C,Agent K
LS-12035,2026-02-08 22:45,group,Frontline UK,Product Specialists
LS-12969,2026-02-08 22:48,status,Open,Solved
LS-13191,2026-02-09 00:48,group,Frontline UK,Payroll Team
LS-14701,2026-02-09 01:12,status,Open,Solved
LS-14703,2026-02-09 01:24,status,Open,Solved
LS-11714,2026-02-09 01:39,owner,Agent N,Agent M
LS-13685,2026-02-09 02:28,status,Open,Solved
LS-13539,2026-02-09 02:56,group,Frontline IE,Engineering
LS-14817,2026-02-09 05:57,group,Frontline UK,Product Specialists
LS-11350,2026-02-09 06:12,group,Frontline UK,Payroll Team
LS-14805,2026-02-09 07:18,group,Frontline IE,Engineering
LS-11888,2026-02-09 08:03,status,Open,Solved
LS-10304,2026-02-09 09:04,owner,Agent K,Agent I
LS-13595,2026-02-09 09:55,status,Open,Solved
LS-14821,2026-02-09 10:21,status,Open,Solved
LS-11267,2026-02-09 13:10,owner,Agent K,Agent G
LS-11058,2026-02-09 13:23,owner,Agent T,Agent C
LS-11249,2026-02-09 14:32,owner,Agent H,Agent O
LS-13248,2026-02-09 14:46,status,Open,Solved
LS-11714,2026-02-09 15:03,status,Open,Solved
LS-10017,2026-02-09 15:37,status,Open,Solved
LS-12467,2026-02-09 15:58,group,Frontline UK,Engineering
LS-13191,2026-02-09 16:24,owner,Agent V,Agent F
LS-13561,2026-02-09 18:41,group,Frontline IE,Engineering
LS-12187,2026-02-09 19:48,status,Open,Solved
LS-11128,2026-02-09 20:16,owner,Agent A,Agent O
LS-12808,2026-02-09 22:28,owner,Agent R,Agent M
LS-13867,2026-02-09 22:31,status,Open,Solved
LS-14832,2026-02-10 01:06,status,Open,Solved
LS-11105,2026-02-10 04:33,owner,Agent L,Agent S
LS-12828,2026-02-10 04:39,group,Frontline IE,Engineering
LS-10101,2026-02-10 06:36,owner,Agent U,Agent C
LS-13378,2026-02-10 07:01,group,Frontline UK,Product Specialists
LS-14936,2026-02-10 07:02,group,Frontline IE,Payroll Team
LS-13539,2026-02-10 07:34,owner,Agent M,Agent P
LS-11924,2026-02-10 07:35,owner,Agent C,Agent Q
LS-13178,2026-02-10 07:47,owner,Agent F,Agent L
LS-13191,2026-02-10 08:01,status,Open,Solved
LS-12963,2026-02-10 09:08,group,Frontline UK,Engineering
LS-11483,2026-02-10 09:43,group,Frontline UK,Engineering
LS-11506,2026-02-10 09:54,status,Open,Solved
LS-10620,2026-02-10 09:57,group,Frontline UK,Engineering
LS-13843,2026-02-10 12:29,group,Frontline UK,Product Specialists
LS-12828,2026-02-10 12:38,owner,Agent I,Agent M
LS-12129,2026-02-10 12:53,status,Open,Solved
LS-14994,2026-02-10 13:29,status,Open,Solved
LS-10785,2026-02-10 14:31,group,Frontline IE,Engineering
LS-13843,2026-02-10 15:08,owner,Agent S,Agent F
LS-11510,2026-02-10 15:31,status,Open,Solved
LS-11465,2026-02-10 16:06,status,Open,Solved
LS-13003,2026-02-10 16:39,status,Open,Solved
LS-13843,2026-02-10 17:47,status,Open,Solved
LS-13378,2026-02-10 18:37,owner,Agent H,Agent Q
LS-13233,2026-02-10 19:20,owner,Agent H,Agent O
LS-12828,2026-02-10 20:38,status,Open,Solved
LS-14825,2026-02-10 20:47,status,Open,Solved
LS-13012,2026-02-10 20:54,group,Frontline UK,Product Specialists
LS-10997,2026-02-10 21:27,group,Frontline UK,Payroll Team
LS-10997,2026-02-10 23:25,owner,Agent N,Agent F
LS-11058,2026-02-10 23:45,status,Open,Solved
LS-13869,2026-02-10 23:48,group,Frontline IE,Payroll Team
LS-13100,2026-02-11 00:00,status,Open,Solved
LS-14817,2026-02-11 00:07,owner,Agent H,Agent F
LS-10997,2026-02-11 01:22,status,Open,Solved
LS-10910,2026-02-11 01:23,status,Open,Solved
LS-14762,2026-02-11 02:16,owner,Agent J,Agent M
LS-11483,2026-02-11 02:34,owner,Agent T,Agent P
LS-14528,2026-02-11 02:50,owner,Agent N,Agent T
LS-10046,2026-02-11 04:50,status,Open,Solved
LS-11183,2026-02-11 05:08,group,Frontline UK,Engineering
LS-11746,2026-02-11 05:16,status,Open,Solved
LS-12808,2026-02-11 05:20,owner,Agent M,Agent H
LS-10694,2026-02-11 06:02,group,Frontline UK,Payroll Team
LS-13442,2026-02-11 06:11,owner,Agent K,Agent I
LS-13378,2026-02-11 06:13,owner,Agent Q,Agent K
LS-12266,2026-02-11 06:17,group,Frontline IE,Engineering
LS-11570,2026-02-11 07:16,status,Open,Solved
LS-12195,2026-02-11 08:20,status,Open,Solved
LS-13981,2026-02-11 08:41,status,Open,Solved
LS-10666,2026-02-11 09:33,group,Frontline IE,Product Specialists
LS-10188,2026-02-11 10:03,status,Open,Solved
LS-13766,2026-02-11 11:21,status,Open,Solved
LS-14375,2026-02-11 12:01,status,Open,Solved
LS-13539,2026-02-11 12:12,status,Open,Solved
LS-11932,2026-02-11 14:26,group,Frontline UK,Product Specialists
LS-13378,2026-02-11 17:49,status,Open,Solved
LS-12156,2026-02-11 18:37,status,Open,Solved
LS-12791,2026-02-11 19:06,status,Open,Solved
LS-13012,2026-02-11 19:07,owner,Agent N,Agent V
LS-11483,2026-02-11 19:25,status,Open,Solved
LS-10034,2026-02-11 20:05,group,Frontline UK,Payroll Team
LS-12569,2026-02-11 20:18,status,Open,Solved
LS-12891,2026-02-11 20:36,group,Frontline UK,Engineering
LS-13561,2026-02-11 21:06,owner,Agent L,Agent N
LS-14313,2026-02-11 21:31,owner,Agent S,Agent N
LS-14031,2026-02-11 22:26,status,Open,Solved
LS-14512,2026-02-11 23:08,status,Open,Solved
LS-12467,2026-02-11 23:57,owner,Agent T,Agent L
LS-10666,2026-02-12 00:35,owner,Agent C,Agent O
LS-11128,2026-02-12 01:07,status,Open,Solved
LS-10620,2026-02-12 01:49,owner,Agent G,Agent C
LS-15023,2026-02-12 02:16,owner,Agent N,Agent K
LS-11932,2026-02-12 02:26,owner,Agent Q,Agent S
LS-12963,2026-02-12 02:27,owner,Agent B,Agent R
LS-10867,2026-02-12 03:02,group,Frontline IE,Product Specialists
LS-11741,2026-02-12 04:32,group,Frontline UK,Engineering
LS-11720,2026-02-12 05:33,group,Frontline UK,Engineering
LS-13869,2026-02-12 07:03,owner,Agent V,Agent L
LS-10481,2026-02-12 07:08,group,Frontline IE,Engineering
LS-14471,2026-02-12 08:26,group,Frontline UK,Payroll Team
LS-10101,2026-02-12 08:46,status,Open,Solved
LS-14679,2026-02-12 09:13,group,Frontline UK,Product Specialists
LS-12808,2026-02-12 12:12,status,Open,Solved
LS-14540,2026-02-12 13:53,owner,Agent N,Agent O
LS-11932,2026-02-12 14:26,status,Open,Solved
LS-10785,2026-02-12 15:21,owner,Agent I,Agent G
LS-10666,2026-02-12 15:38,status,Open,Solved
LS-13524,2026-02-12 16:47,status,Open,Solved
LS-14679,2026-02-12 17:15,owner,Agent N,Agent K
LS-13012,2026-02-12 17:21,owner,Agent V,Agent E
LS-14817,2026-02-12 18:17,status,Open,Solved
LS-14009,2026-02-12 18:24,group,Frontline UK,Engineering
LS-12428,2026-02-12 18:35,group,Frontline IE,Engineering
LS-12789,2026-02-12 21:03,group,Frontline UK,Payroll Team
LS-10694,2026-02-12 21:55,owner,Agent A,Agent H
LS-12292,2026-02-12 22:12,group,Frontline UK,Product Specialists
LS-11254,2026-02-12 22:27,group,Frontline UK,Engineering
LS-14698,2026-02-13 00:09,status,Open,Solved
LS-10450,2026-02-13 00:10,status,Open,Solved
LS-14679,2026-02-13 01:17,status,Open,Solved
LS-12266,2026-02-13 02:10,owner,Agent T,Agent K
LS-14913,2026-02-13 02:19,status,Open,Solved
LS-12789,2026-02-13 02:23,owner,Agent U,Agent J
LS-10034,2026-02-13 02:45,owner,Agent U,Agent T
LS-10660,2026-02-13 02:58,group,Frontline UK,Payroll Team
LS-10660,2026-02-13 04:54,owner,Agent K,Agent J
LS-13573,2026-02-13 04:54,group,Frontline UK,Product Specialists
LS-13093,2026-02-13 05:39,owner,Agent A,Agent R
LS-14471,2026-02-13 06:41,owner,Agent B,Agent D
LS-10660,2026-02-13 06:50,status,Open,Solved
LS-12789,2026-02-13 07:43,status,Open,Solved
LS-14009,2026-02-13 07:54,owner,Agent O,Agent U
LS-10481,2026-02-13 11:59,owner,Agent B,Agent L
LS-10567,2026-02-13 12:06,group,Frontline UK,Product Specialists
LS-12085,2026-02-13 13:10,status,Open,Solved
LS-13869,2026-02-13 14:18,owner,Agent L,Agent D
LS-13573,2026-02-13 14:30,owner,Agent T,Agent C
LS-13983,2026-02-13 14:57,group,Frontline UK,Product Specialists
LS-12891,2026-02-13 14:58,owner,Agent A,Agent M
LS-11922,2026-02-13 15:00,status,Open,Solved
LS-13012,2026-02-13 15:34,status,Open,Solved
LS-11260,2026-02-13 15:40,status,Open,Solved
LS-13483,2026-02-13 16:46,group,Frontline UK,Engineering
LS-10620,2026-02-13 17:42,owner,Agent C,Agent U
LS-12963,2026-02-13 19:46,status,Open,Solved
LS-13483,2026-02-13 20:31,owner,Agent D,Agent L
LS-13983,2026-02-13 20:56,owner,Agent J,Agent N
LS-14357,2026-02-13 21:00,status,Open,Solved
LS-14009,2026-02-13 21:24,status,Open,Solved
LS-13912,2026-02-13 22:40,status,Open,Solved
LS-13561,2026-02-13 23:31,status,Open,Solved
LS-13573,2026-02-14 00:06,status,Open,Solved
LS-13483,2026-02-14 00:17,status,Open,Solved
LS-10496,2026-02-14 00:29,group,Frontline UK,Product Specialists
LS-12910,2026-02-14 00:56,status,Open,Solved
LS-13344,2026-02-14 01:30,status,Open,Solved
LS-11770,2026-02-14 02:17,group,Frontline UK,Product Specialists
LS-13983,2026-02-14 02:55,status,Open,Solved
LS-13872,2026-02-14 03:08,group,Frontline UK,Product Specialists
LS-14627,2026-02-14 03:14,status,Open,Solved
LS-13692,2026-02-14 03:48,status,Open,Solved
LS-11741,2026-02-14 04:33,owner,Agent N,Agent A
LS-14471,2026-02-14 04:56,owner,Agent D,Agent U
LS-12316,2026-02-14 06:49,status,Open,Solved
LS-12467,2026-02-14 07:56,owner,Agent L,Agent O
LS-10304,2026-02-14 08:17,status,Open,Solved
LS-10034,2026-02-14 09:25,status,Open,Solved
LS-12254,2026-02-14 09:56,owner,Agent J,Agent P
LS-10496,2026-02-14 12:54,owner,Agent L,Agent B
LS-13948,2026-02-14 13:24,group,Frontline UK,Product Specialists
LS-10694,2026-02-14 13:48,status,Open,Solved
LS-11393,2026-02-14 15:05,group,Frontline UK,Engineering
LS-10785,2026-02-14 16:11,status,Open,Solved
LS-10481,2026-02-14 16:50,status,Open,Solved
LS-11924,2026-02-14 17:14,status,Open,Solved
LS-12219,2026-02-14 17:50,group,Frontline IE,Product Specialists
LS-10766,2026-02-14 18:23,group,Frontline UK,Engineering
LS-12930,2026-02-14 19:09,group,Frontline UK,Engineering
LS-11350,2026-02-14 21:22,owner,Agent P,Agent Q
LS-13869,2026-02-14 21:34,owner,Agent D,Agent B
LS-10801,2026-02-14 21:36,owner,Agent K,Agent R
LS-10696,2026-02-14 21:37,group,Frontline IE,Product Specialists
LS-12266,2026-02-14 22:04,status,Open,Solved
LS-11770,2026-02-14 22:08,owner,Agent H,Agent M
LS-13872,2026-02-14 22:38,owner,Agent K,Agent L
LS-11720,2026-02-14 23:41,owner,Agent C,Agent O
LS-10496,2026-02-15 01:18,owner,Agent B,Agent T
LS-10696,2026-02-15 02:20,owner,Agent V,Agent A
LS-14471,2026-02-15 03:11,owner,Agent U,Agent R
LS-11181,2026-02-15 04:08,group,Frontline UK,Product Specialists
LS-11642,2026-02-15 04:48,group,Frontline UK,Payroll Team
LS-10922,2026-02-15 04:52,group,Frontline IE,Payroll Team
LS-12428,2026-02-15 05:51,owner,Agent D,Agent A
LS-10922,2026-02-15 06:21,owner,Agent C,Agent J
LS-11181,2026-02-15 06:57,owner,Agent B,Agent R
LS-10696,2026-02-15 07:03,status,Open,Solved
LS-13233,2026-02-15 07:33,owner,Agent O,Agent V
LS-10922,2026-02-15 07:50,status,Open,Solved
LS-10614,2026-02-15 08:11,group,Frontline IE,Product Specialists
LS-14313,2026-02-15 08:30,owner,Agent N,Agent C
LS-12839,2026-02-15 08:42,status,Open,Solved
LS-14116,2026-02-15 08:54,group,Frontline UK,Product Specialists
LS-12891,2026-02-15 09:20,owner,Agent M,Agent E
LS-10620,2026-02-15 09:34,owner,Agent U,Agent M
LS-11181,2026-02-15 09:47,status,Open,Solved
LS-10242,2026-02-15 10:39,owner,Agent G,Agent B
LS-14782,2026-02-15 12:51,group,Frontline IE,Payroll Team
LS-10496,2026-02-15 13:43,status,Open,Solved
LS-13722,2026-02-15 14:10,status,Open,Solved
LS-12634,2026-02-15 16:30,group,Frontline UK,Engineering
LS-13858,2026-02-15 16:38,group,Frontline IE,Product Specialists
LS-11770,2026-02-15 18:00,owner,Agent M,Agent T
LS-13872,2026-02-15 18:08,status,Open,Solved
LS-13858,2026-02-15 19:24,owner,Agent V,Agent B
LS-11642,2026-02-15 19:47,owner,Agent E,Agent F
LS-11105,2026-02-15 20:06,status,Open,Solved
LS-11255,2026-02-15 20:16,group,Frontline UK,Payroll Team
LS-14263,2026-02-15 21:14,status,Open,Solved
LS-13858,2026-02-15 22:10,status,Open,Solved
LS-10627,2026-02-15 22:30,status,Open,Solved
LS-13081,2026-02-15 23:05,group,Frontline UK,Engineering
LS-11414,2026-02-15 23:29,status,Open,Solved
LS-10029,2026-02-16 01:16,status,Open,Solved
LS-14471,2026-02-16 01:26,status,Open,Solved
LS-14384,2026-02-16 01:50,status,Open,Solved
LS-15046,2026-02-16 02:22,status,Open,Solved
LS-11741,2026-02-16 04:34,status,Open,Solved
LS-14653,2026-02-16 04:42,status,Open,Solved
LS-13614,2026-02-16 04:45,group,Frontline UK,Product Specialists
LS-13869,2026-02-16 04:49,status,Open,Solved
LS-10867,2026-02-16 06:22,owner,Agent U,Agent J
LS-10037,2026-02-16 07:10,status,Open,Solved
LS-14540,2026-02-16 07:42,status,Open,Solved
LS-10567,2026-02-16 08:11,owner,Agent H,Agent T
LS-12930,2026-02-16 09:42,owner,Agent C,Agent K
LS-13429,2026-02-16 10:29,group,Frontline UK,Engineering
LS-13569,2026-02-16 10:33,status,Open,Solved
LS-14842,2026-02-16 10:33,status,Open,Solved
LS-11642,2026-02-16 10:46,status,Open,Solved
LS-13133,2026-02-16 13:12,status,Open,Solved
LS-14782,2026-02-16 13:37,owner,Agent G,Agent K
LS-11770,2026-02-16 13:51,owner,Agent T,Agent I
LS-12292,2026-02-16 14:30,owner,Agent N,Agent P
LS-12467,2026-02-16 15:55,status,Open,Solved
LS-14037,2026-02-16 16:23,status,Open,Solved
LS-15023,2026-02-16 17:02,status,Open,Solved
LS-11415,2026-02-16 21:08,group,Frontline UK,Product Specialists
LS-10851,2026-02-16 21:12,status,Open,Solved
LS-11779,2026-02-16 21:19,status,Open,Solved
LS-14506,2026-02-16 22:41,group,Frontline UK,Product Specialists
LS-11415,2026-02-16 23:09,owner,Agent H,Agent C
LS-10607,2026-02-16 23:26,group,Frontline IE,Engineering
LS-10760,2026-02-16 23:30,group,Frontline UK,Engineering
LS-14873,2026-02-16 23:36,group,Frontline IE,Payroll Team
LS-13818,2026-02-16 23:45,status,Open,Solved
LS-10356,2026-02-17 00:06,group,Frontline UK,Engineering
LS-12282,2026-02-17 00:19,group,Frontline UK,Product Specialists
LS-14762,2026-02-17 00:55,owner,Agent M,Agent I
LS-11415,2026-02-17 01:10,status,Open,Solved
LS-10369,2026-02-17 01:16,group,Frontline IE,Engineering
LS-10620,2026-02-17 01:27,status,Open,Solved
LS-14506,2026-02-17 01:30,owner,Agent I,Agent N
LS-12282,2026-02-17 01:43,owner,Agent I,Agent Q
LS-12279,2026-02-17 02:26,group,Frontline UK,Product Specialists
LS-14873,2026-02-17 02:53,owner,Agent I,Agent K
LS-12282,2026-02-17 03:07,owner,Agent Q,Agent G
LS-13077,2026-02-17 03:21,group,Frontline UK,Payroll Team
LS-13442,2026-02-17 03:40,status,Open,Solved
LS-12891,2026-02-17 03:42,status,Open,Solved
LS-14506,2026-02-17 04:19,status,Open,Solved
LS-12089,2026-02-17 04:24,group,Frontline UK,Product Specialists
LS-12282,2026-02-17 04:31,status,Open,Solved
LS-12035,2026-02-17 05:17,owner,Agent A,Agent F
LS-14873,2026-02-17 06:10,owner,Agent K,Agent B
LS-12581,2026-02-17 06:40,status,Open,Solved
LS-12537,2026-02-17 06:55,status,Open,Solved
LS-12219,2026-02-17 07:21,owner,Agent E,Agent K
LS-13077,2026-02-17 07:33,owner,Agent E,Agent D
LS-14873,2026-02-17 09:27,status,Open,Solved
LS-11770,2026-02-17 09:42,owner,Agent I,Agent K
LS-11825,2026-02-17 09:48,status,Open,Solved
LS-14356,2026-02-17 10:00,group,Frontline IE,Engineering
LS-10058,2026-02-17 10:51,owner,Agent F,Agent M
LS-13077,2026-02-17 11:45,status,Open,Solved
LS-14741,2026-02-17 12:46,group,Frontline UK,Payroll Team
LS-11145,2026-02-17 13:51,group,Frontline UK,Engineering
LS-12089,2026-02-17 13:51,owner,Agent L,Agent N
LS-14782,2026-02-17 14:23,owner,Agent K,Agent A
LS-13614,2026-02-17 15:02,owner,Agent N,Agent P
LS-11629,2026-02-17 15:41,group,Frontline UK,Engineering
LS-10766,2026-02-17 15:52,owner,Agent K,Agent I
LS-14741,2026-02-17 16:17,owner,Agent T,Agent L
LS-12428,2026-02-17 17:07,owner,Agent A,Agent F
LS-10369,2026-02-17 17:26,owner,Agent J,Agent Q
LS-11720,2026-02-17 17:50,owner,Agent O,Agent R
LS-12068,2026-02-17 18:29,owner,Agent T,Agent G
LS-13712,2026-02-17 18:43,status,Open,Solved
LS-14458,2026-02-17 18:55,status,Open,Solved
LS-12920,2026-02-17 18:57,status,Open,Solved
LS-14741,2026-02-17 19:47,status,Open,Solved
LS-13948,2026-02-17 20:01,owner,Agent L,Agent U
LS-12279,2026-02-17 20:02,owner,Agent L,Agent J
LS-12970,2026-02-17 21:24,group,Frontline UK,Product Specialists
LS-11115,2026-02-17 21:36,status,Open,Solved
LS-13653,2026-02-17 22:39,status,Open,Solved
LS-12066,2026-02-17 22:52,group,Frontline UK,Payroll Team
LS-12089,2026-02-17 23:19,status,Open,Solved
LS-13429,2026-02-17 23:56,owner,Agent J,Agent M
LS-12930,2026-02-18 00:15,owner,Agent K,Agent F
LS-13800,2026-02-18 01:30,status,Open,Solved
LS-12556,2026-02-18 02:00,group,Frontline UK,Engineering
LS-12652,2026-02-18 02:51,owner,Agent S,Agent B
LS-11757,2026-02-18 03:04,group,Frontline UK,Engineering
LS-11145,2026-02-18 03:25,owner,Agent F,Agent S
LS-11032,2026-02-18 04:00,group,Frontline UK,Engineering
LS-10394,2026-02-18 04:33,status,Open,Solved
LS-14882,2026-02-18 04:49,group,Frontline IE,Engineering
LS-14444,2026-02-18 04:52,status,Open,Solved
LS-11770,2026-02-18 05:34,status,Open,Solved
LS-14863,2026-02-18 06:02,status,Open,Solved
LS-12547,2026-02-18 07:00,owner,Agent D,Agent S
LS-14426,2026-02-18 07:00,group,Frontline UK,Product Specialists
LS-12013,2026-02-18 07:29,group,Frontline UK,Product Specialists
LS-13992,2026-02-18 07:56,group,Frontline IE,Engineering
LS-10369,2026-02-18 09:36,status,Open,Solved
LS-10356,2026-02-18 10:22,owner,Agent H,Agent A
LS-11875,2026-02-18 11:33,status,Open,Solved
LS-12066,2026-02-18 11:50,owner,Agent F,Agent S
LS-14909,2026-02-18 12:27,status,Open,Solved
LS-11392,2026-02-18 13:14,group,Frontline UK,Payroll Team
LS-12279,2026-02-18 13:38,owner,Agent J,Agent F
LS-13740,2026-02-18 14:07,status,Open,Solved
LS-11048,2026-02-18 14:11,status,Open,Solved
LS-14640,2026-02-18 14:20,status,Open,Solved
LS-14782,2026-02-18 15:10,status,Open,Solved
LS-13081,2026-02-18 16:25,owner,Agent F,Agent B
LS-13992,2026-02-18 16:47,owner,Agent T,Agent O
LS-11145,2026-02-18 16:59,owner,Agent S,Agent E
LS-12541,2026-02-18 19:27,group,Frontline UK,Payroll Team
LS-14313,2026-02-18 19:30,owner,Agent C,Agent B
LS-12013,2026-02-18 21:15,owner,Agent M,Agent H
LS-14942,2026-02-18 22:36,group,Frontline IE,Payroll Team
LS-10075,2026-02-18 22:41,status,Open,Solved
LS-13863,2026-02-18 23:32,status,Open,Solved
LS-13189,2026-02-19 00:27,owner,Agent F,Agent O
LS-12066,2026-02-19 00:48,owner,Agent S,Agent C
LS-14321,2026-02-19 00:56,status,Open,Solved
LS-12488,2026-02-19 00:59,group,Frontline IE,Engineering
LS-13614,2026-02-19 01:19,status,Open,Solved
LS-12541,2026-02-19 01:31,owner,Agent K,Agent P
LS-13992,2026-02-19 01:38,status,Open,Solved
LS-11404,2026-02-19 02:00,status,Open,Solved
LS-10084,2026-02-19 02:37,status,Open,Solved
LS-10567,2026-02-19 04:16,status,Open,Solved
LS-12970,2026-02-19 05:06,owner,Agent P,Agent C
LS-11145,2026-02-19 06:33,status,Open,Solved
LS-12279,2026-02-19 07:14,owner,Agent F,Agent D
LS-12541,2026-02-19 07:35,status,Open,Solved
LS-14979,2026-02-19 07:55,status,Open,Solved
LS-11629,2026-02-19 08:41,owner,Agent G,Agent T
LS-10417,2026-02-19 08:45,owner,Agent K,Agent P
LS-12013,2026-02-19 11:01,status,Open,Solved
LS-10515,2026-02-19 11:10,group,Frontline UK,Payroll Team
LS-13429,2026-02-19 13:23,status,Open,Solved
LS-14942,2026-02-19 13:32,owner,Agent J,Agent D
LS-12066,2026-02-19 13:46,status,Open,Solved
LS-12930,2026-02-19 14:48,status,Open,Solved
LS-14785,2026-02-19 17:57,status,Open,Solved
LS-10820,2026-02-19 19:31,group,Frontline IE,Engineering
LS-13233,2026-02-19 19:46,status,Open,Solved
LS-13664,2026-02-19 19:47,group,Frontline IE,Engineering
LS-14570,2026-02-19 19:54,group,Frontline UK,Product Specialists
LS-10356,2026-02-19 20:38,status,Open,Solved
LS-12219,2026-02-19 20:52,status,Open,Solved
LS-12951,2026-02-19 21:34,group,Frontline UK,Payroll Team
LS-12254,2026-02-19 21:51,owner,Agent P,Agent U
LS-10515,2026-02-19 22:33,owner,Agent R,Agent H
LS-10937,2026-02-20 00:07,status,Open,Solved
LS-12279,2026-02-20 00:50,status,Open,Solved
LS-12951,2026-02-20 02:36,owner,Agent M,Agent F
LS-12428,2026-02-20 04:23,status,Open,Solved
LS-14110,2026-02-20 04:25,status,Open,Solved
LS-14942,2026-02-20 04:28,status,Open,Solved
LS-12292,2026-02-20 06:48,owner,Agent P,Agent U
LS-14426,2026-02-20 06:50,owner,Agent C,Agent K
LS-12488,2026-02-20 07:09,owner,Agent D,Agent T
LS-12951,2026-02-20 07:38,status,Open,Solved
LS-14570,2026-02-20 09:13,owner,Agent P,Agent I
LS-10867,2026-02-20 09:42,status,Open,Solved
LS-10515,2026-02-20 09:55,status,Open,Solved
LS-11720,2026-02-20 11:58,owner,Agent R,Agent J
LS-11350,2026-02-20 12:33,owner,Agent Q,Agent T
LS-12970,2026-02-20 12:49,status,Open,Solved
LS-10766,2026-02-20 13:21,status,Open,Solved
LS-11074,2026-02-20 14:09,group,Frontline IE,Engineering
LS-12929,2026-02-20 14:22,status,Open,Solved
LS-11032,2026-02-20 14:50,owner,Agent H,Agent D
LS-13342,2026-02-20 15:27,status,Open,Solved
LS-10963,2026-02-20 15:46,group,Frontline IE,Payroll Team
LS-12044,2026-02-20 16:03,status,Open,Solved
LS-11392,2026-02-20 17:22,owner,Agent O,Agent D
LS-10963,2026-02-20 19:06,owner,Agent F,Agent P
LS-13664,2026-02-20 19:27,owner,Agent F,Agent U
LS-10900,2026-02-20 22:07,status,Open,Solved
LS-10963,2026-02-20 22:26,status,Open,Solved
LS-14570,2026-02-20 22:32,status,Open,Solved
LS-13935,2026-02-20 22:39,group,Frontline UK,Engineering
LS-14287,2026-02-20 23:27,group,Frontline UK,Payroll Team
LS-11755,2026-02-20 23:54,group,Frontline UK,Payroll Team
LS-11284,2026-02-21 00:12,group,Frontline IE,Engineering
LS-11629,2026-02-21 01:41,owner,Agent T,Agent U
LS-13948,2026-02-21 02:38,owner,Agent U,Agent B
LS-10760,2026-02-21 03:20,owner,Agent V,Agent C
LS-11640,2026-02-21 04:05,group,Frontline UK,Engineering
LS-11074,2026-02-21 04:07,owner,Agent M,Agent S
LS-11755,2026-02-21 05:20,owner,Agent J,Agent H
LS-10614,2026-02-21 08:38,owner,Agent O,Agent T
LS-13081,2026-02-21 09:45,owner,Agent B,Agent Q
LS-11755,2026-02-21 10:46,status,Open,Solved
LS-12488,2026-02-21 13:19,status,Open,Solved
LS-11579,2026-02-21 15:32,status,Open,Solved
LS-14414,2026-02-21 15:32,group,Frontline IE,Engineering
LS-12432,2026-02-21 15:57,group,Frontline UK,Engineering
LS-11074,2026-02-21 18:05,status,Open,Solved
LS-10909,2026-02-21 18:50,status,Open,Solved
LS-13664,2026-02-21 19:08,status,Open,Solved
LS-14881,2026-02-21 19:35,status,Open,Solved
LS-11315,2026-02-21 21:43,status,Open,Solved
LS-11284,2026-02-21 23:37,owner,Agent A,Agent H
LS-12634,2026-02-22 00:01,owner,Agent H,Agent K
LS-13822,2026-02-22 02:25,group,Frontline UK,Payroll Team
LS-11915,2026-02-22 03:42,status,Open,Solved
LS-10237,2026-02-22 04:16,status,Open,Solved
LS-14313,2026-02-22 06:29,owner,Agent B,Agent G
LS-14426,2026-02-22 06:40,status,Open,Solved
LS-13935,2026-02-22 06:46,owner,Agent V,Agent D
LS-12556,2026-02-22 07:10,owner,Agent Q,Agent F
LS-11757,2026-02-22 09:17,owner,Agent D,Agent Q
LS-11804,2026-02-22 09:30,status,Open,Solved
LS-13822,2026-02-22 09:36,owner,Agent O,Agent N
LS-10042,2026-02-22 13:10,status,Open,Solved
LS-11131,2026-02-22 13:10,group,Frontline UK,Engineering
LS-12141,2026-02-22 13:57,group,Frontline IE,Engineering
LS-11267,2026-02-22 14:43,owner,Agent G,Agent N
LS-11859,2026-02-22 16:17,status,Open,Solved
LS-11183,2026-02-22 16:31,owner,Agent P,Agent U
LS-13822,2026-02-22 16:47,status,Open,Solved
LS-10365,2026-02-22 17:24,status,Open,Solved
LS-11629,2026-02-22 18:41,status,Open,Solved
LS-12708,2026-02-22 20:06,status,Open,Solved
LS-11392,2026-02-22 21:30,status,Open,Solved
LS-11284,2026-02-22 23:02,status,Open,Solved
LS-14762,2026-02-22 23:33,status,Open,Solved
LS-11032,2026-02-23 01:39,status,Open,Solved
LS-13842,2026-02-23 02:07,group,Frontline UK,Product Specialists
LS-11812,2026-02-23 02:35,status,Open,Solved
LS-10817,2026-02-23 03:16,status,Open,Solved
LS-14343,2026-02-23 04:43,status,Open,Solved
LS-11720,2026-02-23 06:07,status,Open,Solved
LS-14936,2026-02-23 06:14,owner,Agent N,Agent S
LS-10705,2026-02-23 08:00,group,Frontline UK,Engineering
LS-11370,2026-02-23 08:47,group,Frontline UK,Payroll Team
LS-13240,2026-02-23 10:15,status,Open,Solved
LS-14356,2026-02-23 10:45,owner,Agent B,Agent U
LS-14287,2026-02-23 12:38,owner,Agent U,Agent G
LS-13102,2026-02-23 12:54,group,Frontline IE,Engineering
LS-10813,2026-02-23 13:28,status,Open,Solved
LS-13935,2026-02-23 14:54,status,Open,Solved
LS-10717,2026-02-23 15:12,group,Frontline UK,Product Specialists
LS-10820,2026-02-23 16:58,owner,Agent N,Agent C
LS-12500,2026-02-23 17:20,group,Frontline UK,Engineering
LS-11521,2026-02-23 17:34,group,Frontline IE,Engineering
LS-13899,2026-02-23 19:33,status,Open,Solved
LS-13052,2026-02-23 19:42,status,Open,Solved
LS-12186,2026-02-23 20:20,status,Open,Solved
LS-10637,2026-02-23 20:23,status,Open,Solved
LS-14691,2026-02-23 21:00,group,Frontline IE,Product Specialists
LS-11370,2026-02-23 21:50,owner,Agent Q,Agent U
LS-12926,2026-02-23 22:56,group,Frontline IE,Engineering
LS-12292,2026-02-23 23:06,status,Open,Solved
LS-14691,2026-02-24 00:48,owner,Agent T,Agent D
LS-12642,2026-02-24 01:09,owner,Agent O,Agent J
LS-14308,2026-02-24 01:09,status,Open,Solved
LS-11449,2026-02-24 02:22,group,Frontline UK,Engineering
LS-13081,2026-02-24 03:06,owner,Agent Q,Agent L
LS-13304,2026-02-24 03:24,status,Open,Solved
LS-13441,2026-02-24 03:48,status,Open,Solved
LS-14691,2026-02-24 04:36,status,Open,Solved
LS-11299,2026-02-24 05:26,status,Open,Solved
LS-13102,2026-02-24 05:32,owner,Agent B,Agent Q
LS-14330,2026-02-24 07:44,status,Open,Solved
LS-10059,2026-02-24 08:21,group,Frontline UK,Payroll Team
LS-14882,2026-02-24 09:02,owner,Agent K,Agent U
LS-12480,2026-02-24 09:05,group,Frontline UK,Product Specialists
LS-13948,2026-02-24 09:15,owner,Agent B,Agent G
LS-11131,2026-02-24 09:49,owner,Agent V,Agent Q
LS-11370,2026-02-24 10:53,status,Open,Solved
LS-11255,2026-02-24 11:12,owner,Agent E,Agent O
LS-15021,2026-02-24 11:41,group,Frontline UK,Product Specialists
LS-10062,2026-02-24 13:36,status,Open,Solved
LS-12772,2026-02-24 13:54,status,Open,Solved
LS-10122,2026-02-24 14:00,group,Frontline UK,Product Specialists
LS-12500,2026-02-24 14:36,owner,Agent J,Agent V
LS-12117,2026-02-24 15:35,group,Frontline UK,Engineering
LS-11732,2026-02-24 17:28,group,Frontline IE,Product Specialists
LS-10717,2026-02-24 18:28,owner,Agent O,Agent J
LS-10442,2026-02-24 19:42,status,Open,Solved
LS-14036,2026-02-24 21:39,status,Open,Solved
LS-11249,2026-02-24 22:03,status,Open,Solved
LS-11732,2026-02-24 22:08,owner,Agent N,Agent G
LS-13102,2026-02-24 22:11,status,Open,Solved
LS-11588,2026-02-24 22:40,status,Open,Solved
LS-12718,2026-02-24 22:44,status,Open,Solved
LS-10801,2026-02-25 00:01,owner,Agent R,Agent G
LS-12698,2026-02-25 01:37,status,Open,Solved
LS-11495,2026-02-25 02:17,status,Open,Solved
LS-10323,2026-02-25 02:27,owner,Agent L,Agent P
LS-11732,2026-02-25 02:48,status,Open,Solved
LS-12135,2026-02-25 02:54,status,Open,Solved
LS-10122,2026-02-25 03:39,owner,Agent M,Agent A
LS-13786,2026-02-25 05:14,owner,Agent E,Agent V
LS-10705,2026-02-25 05:20,owner,Agent H,Agent K
LS-14414,2026-02-25 05:30,owner,Agent N,Agent H
LS-10760,2026-02-25 07:10,owner,Agent C,Agent G
LS-11640,2026-02-25 07:20,owner,Agent R,Agent T
LS-14893,2026-02-25 07:50,status,Open,Solved
LS-11590,2026-02-25 08:24,status,Open,Solved
LS-12254,2026-02-25 09:45,owner,Agent U,Agent K
LS-12035,2026-02-25 11:49,status,Open,Solved
LS-12500,2026-02-25 11:52,status,Open,Solved
LS-12981,2026-02-25 13:12,status,Open,Solved
LS-11149,2026-02-25 17:09,owner,Agent U,Agent O
LS-10122,2026-02-25 17:18,owner,Agent A,Agent F
LS-14313,2026-02-25 17:28,status,Open,Solved
LS-12480,2026-02-25 17:44,owner,Agent I,Agent F
LS-10717,2026-02-25 21:44,status,Open,Solved
LS-11936,2026-02-25 22:29,status,Open,Solved
LS-12926,2026-02-25 23:26,owner,Agent L,Agent G
LS-11441,2026-02-25 23:45,group,Frontline UK,Engineering
LS-14865,2026-02-26 00:00,group,Frontline UK,Engineering
LS-14418,2026-02-26 01:38,group,Frontline IE,Payroll Team
LS-14287,2026-02-26 01:49,owner,Agent G,Agent M
LS-13314,2026-02-26 02:17,status,Open,Solved
LS-11350,2026-02-26 03:43,status,Open,Solved
LS-15021,2026-02-26 03:59,owner,Agent O,Agent D
LS-11441,2026-02-26 05:50,owner,Agent U,Agent M
LS-11131,2026-02-26 06:28,status,Open,Solved
LS-14116,2026-02-26 06:49,owner,Agent D,Agent C
LS-10122,2026-02-26 06:57,status,Open,Solved
LS-13279,2026-02-26 09:29,status,Open,Solved
LS-10059,2026-02-26 09:39,owner,Agent L,Agent B
LS-11441,2026-02-26 11:55,owner,Agent M,Agent R
LS-12556,2026-02-26 12:20,owner,Agent F,Agent V
LS-11841,2026-02-26 12:56,group,Frontline IE,Engineering
LS-10747,2026-02-26 13:13,group,Frontline UK,Engineering
LS-10864,2026-02-26 14:27,group,Frontline UK,Engineering
LS-10563,2026-02-26 15:24,group,Frontline UK,Engineering
LS-11757,2026-02-26 15:30,owner,Agent Q,Agent U
LS-11441,2026-02-26 18:00,status,Open,Solved
LS-14748,2026-02-26 19:22,group,Frontline IE,Payroll Team
LS-14633,2026-02-26 19:59,group,Frontline UK,Payroll Team
LS-13160,2026-02-26 20:22,group,Frontline IE,Payroll Team
LS-13081,2026-02-26 20:26,owner,Agent L,Agent I
LS-10236,2026-02-26 21:26,status,Open,Solved
LS-14758,2026-02-26 22:29,group,Frontline UK,Payroll Team
LS-10714,2026-02-26 22:39,owner,Agent N,Agent A
LS-13160,2026-02-26 23:21,owner,Agent L,Agent P
LS-10985,2026-02-27 00:09,group,Frontline UK,Product Specialists
LS-11521,2026-02-27 01:30,owner,Agent L,Agent U
LS-10635,2026-02-27 01:46,group,Frontline UK,Engineering
LS-13160,2026-02-27 02:20,owner,Agent P,Agent F
LS-12480,2026-02-27 02:23,status,Open,Solved
LS-10705,2026-02-27 02:40,status,Open,Solved
LS-14758,2026-02-27 02:40,owner,Agent E,Agent K
LS-12160,2026-02-27 02:55,group,Frontline IE,Product Specialists
LS-14437,2026-02-27 02:55,status,Open,Solved
LS-13160,2026-02-27 05:19,status,Open,Solved
LS-10985,2026-02-27 05:20,owner,Agent H,Agent K
LS-14758,2026-02-27 06:51,status,Open,Solved
LS-14418,2026-02-27 06:55,owner,Agent L,Agent C
LS-10614,2026-02-27 09:05,status,Open,Solved
LS-10499,2026-02-27 09:28,status,Open,Solved
LS-12531,2026-02-27 09:50,group,Frontline IE,Engineering
LS-12002,2026-02-27 10:22,status,Open,Solved
LS-10985,2026-02-27 10:31,owner,Agent K,Agent N
LS-11393,2026-02-27 11:42,owner,Agent D,Agent P
LS-14748,2026-02-27 12:50,owner,Agent S,Agent P
LS-12411,2026-02-27 13:39,status,Open,Solved
LS-14633,2026-02-27 13:55,owner,Agent T,Agent Q
LS-10820,2026-02-27 14:26,owner,Agent C,Agent K
LS-10607,2026-02-27 15:35,owner,Agent B,Agent F
LS-10985,2026-02-27 15:42,status,Open,Solved
LS-13948,2026-02-27 15:52,status,Open,Solved
LS-10635,2026-02-27 15:54,owner,Agent B,Agent V
LS-11195,2026-02-27 18:28,status,Open,Solved
LS-13178,2026-02-27 19:18,owner,Agent L,Agent D
LS-15021,2026-02-27 20:18,status,Open,Solved
LS-13015,2026-02-27 20:20,group,Frontline IE,Engineering
LS-11497,2026-02-27 21:11,group,Frontline UK,Payroll Team
LS-11497,2026-02-27 22:34,owner,Agent F,Agent C
LS-12141,2026-02-27 22:51,owner,Agent P,Agent J
LS-12926,2026-02-27 23:56,status,Open,Solved
LS-11497,2026-02-27 23:57,status,Open,Solved
LS-10560,2026-02-28 00:40,status,Open,Solved
LS-12142,2026-02-28 01:47,group,Frontline IE,Engineering
LS-12375,2026-02-28 02:03,group,Frontline UK,Engineering
LS-12338,2026-02-28 03:43,group,Frontline IE,Payroll Team
LS-13842,2026-02-28 03:57,owner,Agent S,Agent O
LS-10843,2026-02-28 04:21,group,Frontline UK,Product Specialists
LS-10635,2026-02-28 06:03,status,Open,Solved
LS-14748,2026-02-28 06:18,owner,Agent P,Agent U
LS-12634,2026-02-28 07:32,status,Open,Solved
LS-14675,2026-02-28 07:44,status,Open,Solved
LS-14633,2026-02-28 07:50,owner,Agent Q,Agent P
LS-10242,2026-02-28 09:48,status,Open,Solved
LS-10059,2026-02-28 10:57,status,Open,Solved
LS-14418,2026-02-28 12:11,status,Open,Solved
LS-12276,2026-02-28 14:17,group,Frontline UK,Engineering
LS-11841,2026-02-28 14:30,owner,Agent D,Agent I
LS-14287,2026-02-28 15:00,owner,Agent M,Agent A
LS-11235,2026-02-28 15:37,group,Frontline UK,Payroll Team
LS-10843,2026-02-28 15:46,owner,Agent B,Agent C
LS-14414,2026-02-28 19:28,status,Open,Solved
LS-14805,2026-02-28 20:59,owner,Agent E,Agent B
LS-14748,2026-02-28 23:46,status,Open,Solved
LS-13516,2026-02-28 23:56,group,Frontline IE,Product Specialists
LS-14301,2026-03-01 01:23,group,Frontline UK,Payroll Team
LS-14633,2026-03-01 01:46,status,Open,Solved
LS-13353,2026-03-01 02:07,group,Frontline UK,Engineering
LS-10843,2026-03-01 03:10,owner,Agent C,Agent L
LS-14301,2026-03-01 03:51,owner,Agent U,Agent R
LS-14850,2026-03-01 04:40,group,Frontline IE,Product Specialists
LS-10168,2026-03-01 05:40,group,Frontline UK,Product Specialists
LS-14301,2026-03-01 06:19,owner,Agent R,Agent O
LS-10693,2026-03-01 06:52,group,Frontline UK,Engineering
LS-14301,2026-03-01 08:48,status,Open,Solved
LS-13043,2026-03-01 08:56,status,Open,Solved
LS-11025,2026-03-01 10:02,status,Open,Solved
LS-11640,2026-03-01 10:36,owner,Agent T,Agent O
LS-13516,2026-03-01 10:59,owner,Agent J,Agent S
LS-10760,2026-03-01 11:01,status,Open,Solved
LS-14356,2026-03-01 11:30,status,Open,Solved
LS-12982,2026-03-01 11:56,group,Frontline UK,Payroll Team
LS-13015,2026-03-01 12:21,owner,Agent U,Agent V
LS-12982,2026-03-01 12:40,owner,Agent M,Agent P
LS-12982,2026-03-01 13:25,status,Open,Solved
LS-13081,2026-03-01 13:46,status,Open,Solved
LS-10843,2026-03-01 14:35,status,Open,Solved
LS-11121,2026-03-01 18:17,status,Open,Solved
LS-10417,2026-03-01 18:46,owner,Agent P,Agent L
LS-12432,2026-03-01 20:29,owner,Agent R,Agent D
LS-10168,2026-03-01 21:08,owner,Agent P,Agent H
LS-13516,2026-03-01 22:02,status,Open,Solved
LS-11925,2026-03-01 22:12,status,Open,Solved
LS-12338,2026-03-02 00:46,owner,Agent U,Agent V
LS-10765,2026-03-02 02:02,group,Frontline UK,Payroll Team
LS-10575,2026-03-02 02:47,group,Frontline UK,Payroll Team
LS-13353,2026-03-02 04:38,owner,Agent B,Agent U
LS-13417,2026-03-02 06:23,group,Frontline UK,Payroll Team
LS-10016,2026-03-02 06:51,status,Open,Solved
LS-10543,2026-03-02 07:30,group,Frontline UK,Product Specialists
LS-13059,2026-03-02 08:19,status,Open,Solved
LS-13093,2026-03-02 08:28,owner,Agent R,Agent J
LS-12160,2026-03-02 08:58,owner,Agent J,Agent G
LS-11521,2026-03-02 09:26,owner,Agent U,Agent B
LS-10288,2026-03-02 10:09,group,Frontline UK,Payroll Team
LS-12652,2026-03-02 12:12,owner,Agent B,Agent U
LS-10288,2026-03-02 12:17,owner,Agent F,Agent K
LS-10168,2026-03-02 12:36,status,Open,Solved
LS-14498,2026-03-02 12:47,status,Open,Solved
LS-14882,2026-03-02 13:14,owner,Agent U,Agent D
LS-14448,2026-03-02 14:03,group,Frontline UK,Engineering
LS-14454,2026-03-02 14:11,status,Open,Solved
LS-10288,2026-03-02 14:25,status,Open,Solved
LS-10575,2026-03-02 15:12,owner,Agent U,Agent R
LS-14865,2026-03-02 15:55,owner,Agent P,Agent R
LS-11841,2026-03-02 16:03,owner,Agent I,Agent C
LS-10513,2026-03-02 16:53,group,Frontline UK,Engineering
LS-12556,2026-03-02 17:30,owner,Agent V,Agent U
LS-11235,2026-03-02 18:20,owner,Agent D,Agent C
LS-11410,2026-03-02 18:40,status,Open,Solved
LS-14097,2026-03-02 19:31,group,Frontline UK,Product Specialists
LS-12117,2026-03-02 20:20,owner,Agent U,Agent I
LS-14097,2026-03-02 21:00,owner,Agent U,Agent M
LS-14075,2026-03-02 21:34,group,Frontline IE,Payroll Team
LS-12254,2026-03-02 21:39,owner,Agent K,Agent M
LS-11757,2026-03-02 21:42,owner,Agent U,Agent V
LS-10066,2026-03-02 22:12,group,Frontline UK,Engineering
LS-14097,2026-03-02 22:29,status,Open,Solved
LS-15072,2026-03-02 23:27,group,Frontline UK,Payroll Team
LS-14953,2026-03-03 00:48,status,Open,Solved
LS-10543,2026-03-03 01:10,owner,Agent T,Agent F
LS-14075,2026-03-03 02:15,owner,Agent J,Agent M
LS-12531,2026-03-03 02:47,owner,Agent V,Agent L
LS-10575,2026-03-03 03:38,owner,Agent R,Agent S
LS-14287,2026-03-03 04:11,status,Open,Solved
LS-13015,2026-03-03 04:22,owner,Agent V,Agent Q
LS-11030,2026-03-03 04:43,group,Frontline UK,Product Specialists
LS-11854,2026-03-03 04:51,owner,Agent C,Agent R
LS-10513,2026-03-03 05:09,owner,Agent J,Agent A
LS-11658,2026-03-03 06:45,status,Open,Solved
LS-14075,2026-03-03 06:56,status,Open,Solved
LS-11449,2026-03-03 06:57,owner,Agent A,Agent N
LS-13353,2026-03-03 07:09,status,Open,Solved
LS-13919,2026-03-03 08:13,status,Open,Solved
LS-10693,2026-03-03 10:25,owner,Agent V,Agent B
LS-11077,2026-03-03 11:52,status,Open,Solved
LS-10820,2026-03-03 11:53,owner,Agent K,Agent T
LS-11334,2026-03-03 12:06,status,Open,Solved
LS-11276,2026-03-03 12:51,status,Open,Solved
LS-11808,2026-03-03 14:12,status,Open,Solved
LS-10818,2026-03-03 14:21,group,Frontline UK,Engineering
LS-13417,2026-03-03 14:22,owner,Agent R,Agent K
LS-11549,2026-03-03 15:46,status,Open,Solved
LS-10575,2026-03-03 16:03,owner,Agent S,Agent V
LS-10513,2026-03-03 17:25,status,Open,Solved
LS-12310,2026-03-03 17:48,status,Open,Solved
LS-10644,2026-03-03 18:01,group,Frontline UK,Engineering
LS-13189,2026-03-03 18:19,owner,Agent O,Agent I
LS-10543,2026-03-03 18:50,owner,Agent F,Agent M
LS-13730,2026-03-03 18:55,group,Frontline UK,Payroll Team
LS-10093,2026-03-03 19:30,group,Frontline UK,Engineering
LS-14850,2026-03-03 19:55,owner,Agent S,Agent D
LS-12276,2026-03-03 20:38,owner,Agent T,Agent F
LS-10644,2026-03-03 21:03,owner,Agent V,Agent N
LS-12338,2026-03-03 21:49,owner,Agent V,Agent E
LS-11158,2026-03-03 23:04,status,Open,Solved
LS-10644,2026-03-04 00:05,status,Open,Solved
LS-13730,2026-03-04 00:36,owner,Agent F,Agent A
LS-11739,2026-03-04 03:01,status,Open,Solved
LS-11463,2026-03-04 03:09,group,Frontline UK,Payroll Team
LS-13870,2026-03-04 03:41,status,Open,Solved
LS-14249,2026-03-04 03:59,group,Frontline IE,Product Specialists
LS-11831,2026-03-04 04:21,status,Open,Solved
LS-10575,2026-03-04 04:28,status,Open,Solved
LS-14400,2026-03-04 05:18,group,Frontline UK,Payroll Team
LS-14015,2026-03-04 05:30,group,Frontline UK,Engineering
LS-11494,2026-03-04 05:49,status,Open,Solved
LS-13730,2026-03-04 06:17,owner,Agent A,Agent D
LS-14249,2026-03-04 06:21,owner,Agent A,Agent N
LS-12562,2026-03-04 07:09,group,Frontline UK,Engineering
LS-14249,2026-03-04 08:42,status,Open,Solved
LS-11337,2026-03-04 10:49,status,Open,Solved
LS-11030,2026-03-04 11:56,owner,Agent I,Agent M
LS-13730,2026-03-04 11:58,status,Open,Solved
LS-10543,2026-03-04 12:31,status,Open,Solved
LS-12517,2026-03-04 13:04,group,Frontline UK,Engineering
LS-14911,2026-03-04 14:55,group,Frontline IE,Engineering
LS-10093,2026-03-04 15:10,owner,Agent T,Agent N
LS-10058,2026-03-04 15:16,status,Open,Solved
LS-10699,2026-03-04 16:31,status,Open,Solved
LS-11841,2026-03-04 17:37,status,Open,Solved
LS-14400,2026-03-04 18:43,owner,Agent S,Agent A
LS-10252,2026-03-04 20:02,status,Open,Solved
LS-10563,2026-03-04 20:18,owner,Agent M,Agent K
LS-13015,2026-03-04 20:22,owner,Agent Q,Agent E
LS-11235,2026-03-04 21:03,owner,Agent C,Agent V
LS-11643,2026-03-04 21:55,status,Open,Solved
LS-13417,2026-03-04 22:20,owner,Agent K,Agent M
LS-12664,2026-03-05 00:33,group,Frontline UK,Engineering
LS-10592,2026-03-05 00:38,status,Open,Solved
LS-11255,2026-03-05 02:08,status,Open,Solved
LS-12562,2026-03-05 02:26,owner,Agent L,Agent N
LS-15072,2026-03-05 03:16,owner,Agent P,Agent Q
LS-13842,2026-03-05 05:47,owner,Agent O,Agent H
LS-13075,2026-03-05 06:56,group,Frontline UK,Engineering
LS-12141,2026-03-05 07:44,status,Open,Solved
LS-14400,2026-03-05 08:07,owner,Agent A,Agent R
LS-11484,2026-03-05 08:49,status,Open,Solved
LS-10093,2026-03-05 10:49,owner,Agent N,Agent B
LS-12742,2026-03-05 11:20,group,Frontline UK,Product Specialists
LS-13547,2026-03-05 11:38,group,Frontline UK,Engineering
LS-11640,2026-03-05 13:51,status,Open,Solved
LS-10693,2026-03-05 13:58,owner,Agent B,Agent D
LS-14492,2026-03-05 14:57,group,Frontline UK,Engineering
LS-12160,2026-03-05 15:01,status,Open,Solved
LS-10638,2026-03-05 15:39,status,Open,Solved
LS-10421,2026-03-05 15:57,group,Frontline UK,Payroll Team
LS-14798,2026-03-05 16:04,group,Frontline UK,Engineering
LS-12742,2026-03-05 16:25,owner,Agent S,Agent J
LS-12591,2026-03-05 16:36,status,Open,Solved
LS-14448,2026-03-05 16:55,owner,Agent A,Agent I
LS-11521,2026-03-05 17:22,status,Open,Solved
LS-13871,2026-03-05 18:39,group,Frontline IE,Payroll Team
LS-12338,2026-03-05 18:53,status,Open,Solved
LS-11030,2026-03-05 19:08,status,Open,Solved
LS-12742,2026-03-05 21:30,status,Open,Solved
LS-14400,2026-03-05 21:32,owner,Agent R,Agent N
LS-11560,2026-03-05 21:35,status,Open,Solved
LS-12562,2026-03-05 21:44,owner,Agent N,Agent V
LS-13871,2026-03-05 21:58,owner,Agent B,Agent J
LS-11022,2026-03-05 22:30,group,Frontline UK,Engineering
LS-14362,2026-03-05 23:16,group,Frontline UK,Product Specialists
LS-11007,2026-03-05 23:50,status,Open,Solved
LS-14530,2026-03-06 00:40,status,Open,Solved
LS-13871,2026-03-06 01:17,status,Open,Solved
LS-13075,2026-03-06 01:34,owner,Agent V,Agent K
LS-10367,2026-03-06 01:38,group,Frontline UK,Engineering
LS-14802,2026-03-06 02:14,status,Open,Solved
LS-14362,2026-03-06 02:30,owner,Agent S,Agent T
LS-11183,2026-03-06 03:54,status,Open,Solved
LS-12664,2026-03-06 04:42,owner,Agent I,Agent L
LS-10730,2026-03-06 05:08,status,Open,Solved
LS-14362,2026-03-06 05:44,status,Open,Solved
LS-10222,2026-03-06 05:53,group,Frontline UK,Engineering
LS-13417,2026-03-06 06:19,status,Open,Solved
LS-10093,2026-03-06 06:29,status,Open,Solved
LS-11463,2026-03-06 06:51,owner,Agent L,Agent G
LS-13387,2026-03-06 08:55,group,Frontline IE,Engineering
LS-10818,2026-03-06 10:09,owner,Agent C,Agent Q
LS-14400,2026-03-06 10:56,owner,Agent N,Agent F
LS-12865,2026-03-06 10:59,status,Open,Solved
LS-14850,2026-03-06 11:10,status,Open,Solved
LS-10864,2026-03-06 11:25,owner,Agent I,Agent N
LS-13015,2026-03-06 12:23,status,Open,Solved
LS-14666,2026-03-06 16:36,group,Frontline IE,Engineering
LS-12562,2026-03-06 17:01,status,Open,Solved
LS-11125,2026-03-06 18:07,group,Frontline IE,Product Specialists
LS-11845,2026-03-06 18:31,group,Frontline UK,Payroll Team
LS-13387,2026-03-06 19:37,owner,Agent M,Agent Q
LS-12531,2026-03-06 19:44,status,Open,Solved
LS-13075,2026-03-06 20:12,owner,Agent K,Agent B
LS-11054,2026-03-06 21:10,status,Open,Solved
LS-12192,2026-03-06 21:39,group,Frontline UK,Product Specialists
LS-12556,2026-03-06 22:40,owner,Agent U,Agent I
LS-14492,2026-03-06 23:23,owner,Agent J,Agent N
LS-11235,2026-03-06 23:46,owner,Agent V,Agent Q
LS-14400,2026-03-07 00:21,owner,Agent F,Agent O
LS-11845,2026-03-07 01:36,owner,Agent H,Agent S
LS-10801,2026-03-07 02:26,owner,Agent G,Agent C
LS-12276,2026-03-07 03:00,owner,Agent F,Agent I
LS-12823,2026-03-07 03:01,status,Open,Solved
LS-13812,2026-03-07 03:17,status,Open,Solved
LS-11757,2026-03-07 03:55,status,Open,Solved
LS-13387,2026-03-07 06:19,status,Open,Solved
LS-11254,2026-03-07 06:24,owner,Agent H,Agent G
LS-15072,2026-03-07 07:05,status,Open,Solved
LS-14449,2026-03-07 07:16,status,Open,Solved
LS-14865,2026-03-07 07:51,owner,Agent R,Agent Q
LS-14436,2026-03-07 07:57,status,Open,Solved
LS-14234,2026-03-07 08:24,status,Open,Solved
LS-11845,2026-03-07 08:41,owner,Agent S,Agent A
LS-14963,2026-03-07 08:42,group,Frontline UK,Product Specialists
LS-12664,2026-03-07 08:51,status,Open,Solved
LS-10820,2026-03-07 09:20,status,Open,Solved
LS-10233,2026-03-07 09:34,group,Frontline UK,Engineering
LS-14631,2026-03-07 10:04,status,Open,Solved
LS-13742,2026-03-07 10:17,status,Open,Solved
LS-12192,2026-03-07 11:39,owner,Agent R,Agent O
LS-11022,2026-03-07 12:52,owner,Agent L,Agent F
LS-14304,2026-03-07 13:19,group,Frontline UK,Product Specialists
LS-14400,2026-03-07 13:45,status,Open,Solved
LS-13075,2026-03-07 14:50,status,Open,Solved
LS-14666,2026-03-07 15:40,owner,Agent J,Agent A
LS-14897,2026-03-07 15:43,group,Frontline UK,Payroll Team
LS-11845,2026-03-07 15:46,status,Open,Solved
LS-12142,2026-03-07 15:51,owner,Agent L,Agent E
LS-11267,2026-03-07 16:16,status,Open,Solved
LS-10693,2026-03-07 17:32,owner,Agent D,Agent T
LS-10765,2026-03-07 18:43,owner,Agent C,Agent F
LS-13580,2026-03-07 18:58,status,Open,Solved
LS-12521,2026-03-07 19:32,status,Open,Solved
LS-14386,2026-03-07 20:23,group,Frontline UK,Product Specialists
LS-11355,2026-03-07 21:16,status,Open,Solved
LS-12576,2026-03-07 21:45,group,Frontline UK,Payroll Team
LS-14737,2026-03-07 22:26,group,Frontline UK,Payroll Team
LS-14224,2026-03-07 23:11,group,Frontline UK,Engineering
LS-14386,2026-03-08 00:44,owner,Agent S,Agent N
LS-12130,2026-03-08 01:03,group,Frontline UK,Payroll Team
LS-12192,2026-03-08 01:39,status,Open,Solved
LS-14910,2026-03-08 01:45,status,Open,Solved
LS-13688,2026-03-08 01:49,status,Open,Solved
LS-12130,2026-03-08 03:05,owner,Agent U,Agent R
LS-11795,2026-03-08 04:03,group,Frontline UK,Product Specialists
LS-14386,2026-03-08 05:06,owner,Agent N,Agent F
LS-12130,2026-03-08 05:07,owner,Agent R,Agent A
LS-14398,2026-03-08 05:09,group,Frontline IE,Engineering
LS-13878,2026-03-08 05:19,status,Open,Solved
LS-14936,2026-03-08 05:27,status,Open,Solved
LS-14737,2026-03-08 07:05,owner,Agent B,Agent N
LS-12130,2026-03-08 07:09,owner,Agent A,Agent P
LS-13105,2026-03-08 07:46,group,Frontline UK,Payroll Team
LS-14492,2026-03-08 07:50,owner,Agent N,Agent C
LS-12130,2026-03-08 09:11,status,Open,Solved
LS-14386,2026-03-08 09:27,owner,Agent F,Agent V
LS-12254,2026-03-08 09:34,status,Open,Solved
LS-10233,2026-03-08 10:21,owner,Agent D,Agent Q
LS-11463,2026-03-08 10:33,status,Open,Solved
LS-14897,2026-03-08 11:12,owner,Agent L,Agent J
LS-10528,2026-03-08 11:57,status,Open,Solved
LS-13098,2026-03-08 12:52,status,Open,Solved
LS-12576,2026-03-08 13:36,owner,Agent J,Agent M
LS-14386,2026-03-08 13:49,status,Open,Solved
LS-14666,2026-03-08 14:44,status,Open,Solved
LS-14015,2026-03-08 15:12,owner,Agent U,Agent T
LS-11084,2026-03-08 15:20,group,Frontline UK,Payroll Team
LS-14737,2026-03-08 15:43,status,Open,Solved
LS-14882,2026-03-08 17:27,owner,Agent D,Agent C
LS-13215,2026-03-08 18:43,status,Open,Solved
LS-14963,2026-03-08 19:21,owner,Agent T,Agent H
LS-14448,2026-03-08 19:47,status,Open,Solved
LS-10764,2026-03-08 19:58,group,Frontline UK,Engineering
LS-14398,2026-03-08 22:11,owner,Agent B,Agent F
LS-12117,2026-03-09 01:05,status,Open,Solved
LS-10525,2026-03-09 01:42,group,Frontline UK,Payroll Team
LS-11235,2026-03-09 02:29,status,Open,Solved
LS-12582,2026-03-09 03:01,status,Open,Solved
LS-11022,2026-03-09 03:15,owner,Agent F,Agent E
LS-12939,2026-03-09 03:44,group,Frontline UK,Payroll Team
LS-10764,2026-03-09 04:40,owner,Agent T,Agent E
LS-14116,2026-03-09 04:44,owner,Agent C,Agent B
LS-10387,2026-03-09 04:53,group,Frontline IE,Engineering
LS-12721,2026-03-09 04:56,group,Frontline UK,Product Specialists
LS-12576,2026-03-09 05:26,owner,Agent M,Agent L
LS-10818,2026-03-09 05:57,owner,Agent Q,Agent L
LS-13176,2026-03-09 06:15,status,Open,Solved
LS-14304,2026-03-09 06:39,owner,Agent F,Agent J
LS-14897,2026-03-09 06:41,owner,Agent J,Agent V
LS-10525,2026-03-09 09:09,owner,Agent E,Agent K
LS-14224,2026-03-09 09:22,owner,Agent J,Agent Q
LS-10913,2026-03-09 09:26,group,Frontline UK,Engineering
LS-13383,2026-03-09 10:22,group,Frontline UK,Payroll Team
LS-10274,2026-03-09 11:00,status,Open,Solved
LS-10233,2026-03-09 11:07,status,Open,Solved
LS-10764,2026-03-09 13:22,status,Open,Solved
LS-14622,2026-03-09 14:15,status,Open,Solved
LS-14398,2026-03-09 15:13,status,Open,Solved
LS-14492,2026-03-09 16:16,owner,Agent C,Agent H
LS-11180,2026-03-09 16:25,group,Frontline UK,Product Specialists
LS-14608,2026-03-09 16:34,status,Open,Solved
LS-10525,2026-03-09 16:36,status,Open,Solved
LS-10319,2026-03-09 17:04,group,Frontline UK,Engineering
LS-12721,2026-03-09 17:28,owner,Agent U,Agent S
LS-11116,2026-03-09 18:09,status,Open,Solved
LS-14975,2026-03-09 19:12,group,Frontline UK,Product Specialists
LS-10693,2026-03-09 21:05,status,Open,Solved
LS-12576,2026-03-09 21:17,status,Open,Solved
LS-11140,2026-03-09 21:39,group,Frontline UK,Engineering
LS-10664,2026-03-09 21:57,status,Open,Solved
LS-12068,2026-03-09 22:23,owner,Agent G,Agent F
LS-12432,2026-03-10 01:01,owner,Agent D,Agent P
LS-13940,2026-03-10 01:29,status,Open,Solved
LS-12939,2026-03-10 01:39,owner,Agent I,Agent V
LS-10514,2026-03-10 01:57,status,Open,Solved
LS-14897,2026-03-10 02:10,status,Open,Solved
LS-10421,2026-03-10 02:56,owner,Agent L,Agent V
LS-12375,2026-03-10 02:59,owner,Agent M,Agent L
LS-14113,2026-03-10 03:28,status,Open,Solved
LS-10271,2026-03-10 03:31,group,Frontline IE,Payroll Team
LS-12385,2026-03-10 03:43,status,Open,Solved
LS-10367,2026-03-10 04:22,owner,Agent E,Agent L
LS-12709,2026-03-10 05:23,group,Frontline UK,Engineering
LS-12721,2026-03-10 06:00,status,Open,Solved
LS-14963,2026-03-10 06:00,owner,Agent H,Agent M
LS-14091,2026-03-10 06:21,group,Frontline IE,Payroll Team
LS-10591,2026-03-10 06:57,status,Open,Solved
LS-12324,2026-03-10 07:00,status,Open,Solved
LS-10271,2026-03-10 07:05,owner,Agent A,Agent G
LS-13842,2026-03-10 07:37,status,Open,Solved
LS-10607,2026-03-10 07:45,status,Open,Solved
LS-11127,2026-03-10 08:10,group,Frontline IE,Engineering
LS-12276,2026-03-10 09:21,status,Open,Solved
LS-11920,2026-03-10 10:24,status,Open,Solved
LS-13383,2026-03-10 10:25,owner,Agent S,Agent B
LS-10271,2026-03-10 10:39,status,Open,Solved
LS-14806,2026-03-10 10:50,group,Frontline UK,Engineering
LS-11127,2026-03-10 11:09,owner,Agent V,Agent I
LS-10500,2026-03-10 11:10,group,Frontline UK,Product Specialists
LS-11449,2026-03-10 11:32,status,Open,Solved
LS-14975,2026-03-10 11:58,owner,Agent J,Agent M
LS-10500,2026-03-10 13:41,owner,Agent D,Agent O
LS-11127,2026-03-10 14:07,status,Open,Solved
LS-13105,2026-03-10 16:01,owner,Agent P,Agent I
LS-10500,2026-03-10 16:12,status,Open,Solved
LS-11022,2026-03-10 17:37,status,Open,Solved
LS-13828,2026-03-10 18:19,group,Frontline UK,Engineering
LS-14224,2026-03-10 19:33,status,Open,Solved
LS-12709,2026-03-10 19:53,owner,Agent Q,Agent E
LS-10343,2026-03-10 20:15,group,Frontline IE,Engineering
LS-11084,2026-03-10 21:05,owner,Agent A,Agent H
LS-11963,2026-03-10 21:18,group,Frontline IE,Product Specialists
LS-10258,2026-03-10 22:21,status,Open,Solved
LS-12939,2026-03-10 23:34,status,Open,Solved
LS-14304,2026-03-11 00:00,status,Open,Solved
LS-13396,2026-03-11 00:31,group,Frontline IE,Engineering
LS-14492,2026-03-11 00:42,status,Open,Solved
LS-10387,2026-03-11 01:07,owner,Agent D,Agent G
LS-10563,2026-03-11 01:12,owner,Agent K,Agent F
LS-14489,2026-03-11 02:12,status,Open,Solved
LS-11963,2026-03-11 02:27,owner,Agent I,Agent L
LS-12556,2026-03-11 03:50,status,Open,Solved
LS-14975,2026-03-11 04:43,status,Open,Solved
LS-10715,2026-03-11 05:20,status,Open,Solved
LS-13396,2026-03-11 05:54,owner,Agent C,Agent A
LS-11730,2026-03-11 06:14,group,Frontline UK,Engineering
LS-11963,2026-03-11 07:36,status,Open,Solved
LS-13828,2026-03-11 09:21,owner,Agent B,Agent H
LS-14091,2026-03-11 09:39,owner,Agent P,Agent N
LS-12709,2026-03-11 10:23,status,Open,Solved
LS-10396,2026-03-11 10:29,status,Open,Solved
LS-13383,2026-03-11 10:29,status,Open,Solved
LS-12233,2026-03-11 10:34,group,Frontline UK,Engineering
LS-11140,2026-03-11 11:05,owner,Agent D,Agent J
LS-13396,2026-03-11 11:16,status,Open,Solved
LS-10504,2026-03-11 11:44,status,Open,Solved
LS-14524,2026-03-11 12:21,group,Frontline IE,Payroll Team
LS-12446,2026-03-11 13:08,group,Frontline IE,Engineering
LS-13168,2026-03-11 14:28,group,Frontline UK,Engineering
LS-14963,2026-03-11 16:40,owner,Agent M,Agent K
LS-14546,2026-03-11 16:57,status,Open,Solved
LS-11645,2026-03-11 17:06,group,Frontline UK,Payroll Team
LS-11134,2026-03-11 18:22,group,Frontline UK,Payroll Team
LS-11525,2026-03-11 19:05,status,Open,Solved
LS-11134,2026-03-11 21:59,owner,Agent O,Agent P
LS-14865,2026-03-11 23:46,owner,Agent Q,Agent T
LS-13828,2026-03-12 00:22,owner,Agent H,Agent V
LS-10166,2026-03-12 01:07,group,Frontline IE,Engineering
LS-10901,2026-03-12 01:32,status,Open,Solved
LS-11134,2026-03-12 01:36,owner,Agent P,Agent K
LS-10818,2026-03-12 01:46,status,Open,Solved
LS-14989,2026-03-12 02:41,status,Open,Solved
LS-11645,2026-03-12 03:24,owner,Agent V,Agent T
LS-10319,2026-03-12 04:35,owner,Agent B,Agent I
LS-10417,2026-03-12 04:47,owner,Agent L,Agent O
LS-11134,2026-03-12 05:13,status,Open,Solved
LS-12426,2026-03-12 05:27,group,Frontline UK,Engineering
LS-11393,2026-03-12 08:19,status,Open,Solved
LS-11180,2026-03-12 08:20,owner,Agent S,Agent H
LS-12559,2026-03-12 10:07,group,Frontline IE,Engineering
LS-14524,2026-03-12 12:01,owner,Agent V,Agent P
LS-14091,2026-03-12 12:57,owner,Agent N,Agent F
LS-10541,2026-03-12 13:12,group,Frontline UK,Product Specialists
LS-11645,2026-03-12 13:43,status,Open,Solved
LS-13828,2026-03-12 15:24,status,Open,Solved
LS-14241,2026-03-12 16:40,status,Open,Solved
LS-10120,2026-03-12 16:43,group,Frontline IE,Product Specialists
LS-12426,2026-03-12 18:04,owner,Agent P,Agent G
LS-13676,2026-03-12 18:47,group,Frontline UK,Product Specialists
LS-12233,2026-03-12 19:22,owner,Agent R,Agent V
LS-13611,2026-03-12 19:53,group,Frontline UK,Engineering
LS-11101,2026-03-12 21:19,status,Open,Solved
LS-10387,2026-03-12 21:21,status,Open,Solved
LS-13676,2026-03-12 22:51,owner,Agent H,Agent G
LS-13193,2026-03-12 23:56,group,Frontline IE,Engineering
LS-13105,2026-03-13 00:16,owner,Agent I,Agent S
LS-11140,2026-03-13 00:31,owner,Agent J,Agent B
LS-14015,2026-03-13 00:54,owner,Agent T,Agent E
LS-10120,2026-03-13 01:27,owner,Agent K,Agent T
LS-10724,2026-03-13 02:13,status,Open,Solved
LS-10343,2026-03-13 02:26,owner,Agent R,Agent I
LS-11084,2026-03-13 02:51,status,Open,Solved
LS-13307,2026-03-13 02:51,group,Frontline UK,Engineering
LS-13676,2026-03-13 02:56,status,Open,Solved
LS-12022,2026-03-13 03:00,group,Frontline UK,Payroll Team
LS-13639,2026-03-13 03:04,group,Frontline IE,Payroll Team
LS-11939,2026-03-13 03:07,group,Frontline UK,Engineering
LS-14963,2026-03-13 03:19,status,Open,Solved
LS-13639,2026-03-13 04:07,owner,Agent E,Agent P
LS-11125,2026-03-13 04:22,owner,Agent V,Agent P
LS-13639,2026-03-13 05:10,status,Open,Solved
LS-10541,2026-03-13 06:01,owner,Agent F,Agent M
LS-12426,2026-03-13 06:41,status,Open,Solved
LS-12753,2026-03-13 06:57,group,Frontline UK,Product Specialists
LS-14247,2026-03-13 06:59,group,Frontline UK,Engineering
LS-14652,2026-03-13 08:39,status,Open,Solved
LS-10120,2026-03-13 10:12,status,Open,Solved
LS-11311,2026-03-13 11:05,status,Open,Solved
LS-10765,2026-03-13 11:23,status,Open,Solved
LS-14524,2026-03-13 11:41,status,Open,Solved
LS-13283,2026-03-13 12:41,group,Frontline UK,Engineering
LS-11146,2026-03-13 15:29,group,Frontline UK,Product Specialists
LS-10379,2026-03-13 16:11,group,Frontline UK,Engineering
LS-14091,2026-03-13 16:15,status,Open,Solved
LS-12427,2026-03-13 16:50,status,Open,Solved
LS-10426,2026-03-13 18:33,status,Open,Solved
LS-12451,2026-03-13 20:09,status,Open,Solved
LS-13307,2026-03-13 20:12,owner,Agent G,Agent A
LS-11939,2026-03-13 20:55,owner,Agent J,Agent S
LS-14590,2026-03-13 21:00,status,Open,Solved
LS-10586,2026-03-13 21:22,group,Frontline IE,Engineering
LS-10028,2026-03-13 22:44,status,Open,Solved
LS-10541,2026-03-13 22:50,status,Open,Solved
LS-10986,2026-03-13 23:04,status,Open,Solved
LS-12494,2026-03-13 23:14,status,Open,Solved
LS-11104,2026-03-13 23:42,status,Open,Solved
LS-11146,2026-03-13 23:48,owner,Agent C,Agent H
LS-12516,2026-03-14 00:07,status,Open,Solved
LS-13803,2026-03-14 00:22,status,Open,Solved
LS-14912,2026-03-14 00:34,group,Frontline UK,Engineering
LS-14941,2026-03-14 01:09,group,Frontline UK,Payroll Team
LS-12856,2026-03-14 03:07,status,Open,Solved
LS-14911,2026-03-14 03:09,owner,Agent K,Agent G
LS-13862,2026-03-14 03:50,group,Frontline UK,Product Specialists
LS-13296,2026-03-14 04:04,owner,Agent G,Agent D
LS-12233,2026-03-14 04:10,status,Open,Solved
LS-14767,2026-03-14 04:15,status,Open,Solved
LS-13998,2026-03-14 04:42,group,Frontline UK,Product Specialists
LS-13862,2026-03-14 04:49,owner,Agent M,Agent O
LS-13862,2026-03-14 05:48,status,Open,Solved
LS-13498,2026-03-14 06:58,group,Frontline UK,Engineering
LS-10367,2026-03-14 07:06,owner,Agent L,Agent T
LS-11730,2026-03-14 07:12,owner,Agent Q,Agent E
LS-10913,2026-03-14 08:07,owner,Agent J,Agent F
LS-11146,2026-03-14 08:07,status,Open,Solved
LS-10864,2026-03-14 08:22,owner,Agent N,Agent K
LS-14347,2026-03-14 08:51,group,Frontline UK,Product Specialists
LS-14294,2026-03-14 10:09,status,Open,Solved
LS-11869,2026-03-14 12:54,group,Frontline UK,Product Specialists
LS-14068,2026-03-14 13:08,status,Open,Solved
LS-14283,2026-03-14 13:26,group,Frontline UK,Engineering
LS-10855,2026-03-14 13:27,group,Frontline UK,Payroll Team
LS-13307,2026-03-14 13:33,status,Open,Solved
LS-10421,2026-03-14 13:55,owner,Agent V,Agent U
LS-11140,2026-03-14 13:58,status,Open,Solved
LS-12559,2026-03-14 13:58,owner,Agent F,Agent D
LS-11939,2026-03-14 14:43,status,Open,Solved
LS-14941,2026-03-14 15:00,owner,Agent I,Agent K
LS-12964,2026-03-14 15:57,group,Frontline UK,Product Specialists
LS-10319,2026-03-14 16:06,status,Open,Solved
LS-13716,2026-03-14 17:43,status,Open,Solved
LS-10586,2026-03-14 18:13,owner,Agent S,Agent L
LS-12964,2026-03-14 19:17,owner,Agent S,Agent N
LS-12491,2026-03-14 20:01,group,Frontline IE,Engineering
LS-10379,2026-03-14 21:14,owner,Agent T,Agent J
LS-12652,2026-03-14 21:32,status,Open,Solved
LS-14882,2026-03-14 21:39,owner,Agent C,Agent I
LS-12964,2026-03-14 22:37,owner,Agent N,Agent J
LS-12619,2026-03-14 23:06,group,Frontline UK,Engineering
LS-11332,2026-03-14 23:21,status,Open,Solved
LS-14347,2026-03-14 23:42,owner,Agent M,Agent N
LS-11180,2026-03-15 00:15,owner,Agent H,Agent F
LS-14798,2026-03-15 00:17,owner,Agent F,Agent N
LS-12022,2026-03-15 01:30,owner,Agent V,Agent B
LS-10855,2026-03-15 01:45,owner,Agent D,Agent E
LS-12964,2026-03-15 01:57,status,Open,Solved
LS-12455,2026-03-15 02:10,group,Frontline UK,Engineering
LS-12703,2026-03-15 04:02,group,Frontline UK,Product Specialists
LS-14941,2026-03-15 04:51,status,Open,Solved
LS-12142,2026-03-15 05:55,owner,Agent E,Agent K
LS-12703,2026-03-15 07:08,owner,Agent J,Agent Q
LS-14346,2026-03-15 07:23,status,Open,Solved
LS-13105,2026-03-15 08:30,status,Open,Solved
LS-10343,2026-03-15 08:37,status,Open,Solved
LS-12517,2026-03-15 09:49,owner,Agent Q,Agent A
LS-10995,2026-03-15 10:11,status,Open,Solved
LS-12703,2026-03-15 10:15,status,Open,Solved
LS-13574,2026-03-15 11:32,status,Open,Solved
LS-11149,2026-03-15 11:57,owner,Agent O,Agent F
LS-10855,2026-03-15 14:03,owner,Agent E,Agent O
LS-14347,2026-03-15 14:34,owner,Agent N,Agent L
LS-10586,2026-03-15 15:04,status,Open,Solved
LS-10642,2026-03-15 16:03,status,Open,Solved
LS-12269,2026-03-15 16:11,group,Frontline UK,Payroll Team
LS-11314,2026-03-15 16:44,status,Open,Solved
LS-10166,2026-03-15 19:00,owner,Agent J,Agent U
LS-11869,2026-03-16 01:11,owner,Agent K,Agent V
LS-10379,2026-03-16 02:17,owner,Agent J,Agent B
LS-10855,2026-03-16 02:21,status,Open,Solved
LS-10748,2026-03-16 02:58,group,Frontline UK,Engineering
LS-10887,2026-03-16 04:39,status,Open,Solved
LS-12651,2026-03-16 04:52,group,Frontline UK,Engineering
LS-14347,2026-03-16 05:25,status,Open,Solved
LS-11412,2026-03-16 06:08,group,Frontline IE,Payroll Team
LS-12429,2026-03-16 06:59,group,Frontline UK,Product Specialists
LS-11412,2026-03-16 07:04,owner,Agent Q,Agent T
LS-14718,2026-03-16 07:36,status,Open,Solved
LS-11412,2026-03-16 08:00,owner,Agent T,Agent V
LS-11412,2026-03-16 08:56,status,Open,Solved
LS-12729,2026-03-16 09:06,group,Frontline UK,Payroll Team
LS-11718,2026-03-16 09:54,status,Open,Solved
LS-14126,2026-03-16 10:04,group,Frontline IE,Product Specialists
LS-11050,2026-03-16 10:27,group,Frontline UK,Engineering
LS-13189,2026-03-16 12:12,status,Open,Solved
LS-10241,2026-03-16 13:17,group,Frontline UK,Product Specialists
LS-11985,2026-03-16 13:23,group,Frontline UK,Engineering
LS-14765,2026-03-16 13:25,group,Frontline IE,Engineering
LS-10241,2026-03-16 14:03,owner,Agent K,Agent G
LS-12729,2026-03-16 14:05,owner,Agent V,Agent L
LS-14217,2026-03-16 14:26,group,Frontline UK,Payroll Team
LS-10241,2026-03-16 14:48,status,Open,Solved
LS-12390,2026-03-16 14:57,status,Open,Solved
LS-14865,2026-03-16 15:41,status,Open,Solved
LS-13283,2026-03-16 15:51,owner,Agent Q,Agent D
LS-10710,2026-03-16 17:07,status,Open,Solved
LS-12559,2026-03-16 17:49,owner,Agent D,Agent R
LS-14283,2026-03-16 18:34,owner,Agent B,Agent L
LS-14126,2026-03-16 18:38,owner,Agent E,Agent Q
LS-12729,2026-03-16 19:04,owner,Agent L,Agent N
LS-14765,2026-03-16 23:37,owner,Agent E,Agent D
LS-12022,2026-03-16 23:59,status,Open,Solved
LS-12729,2026-03-17 00:03,status,Open,Solved
LS-12269,2026-03-17 00:38,owner,Agent Q,Agent T
LS-13193,2026-03-17 00:58,owner,Agent O,Agent M
LS-10714,2026-03-17 01:37,status,Open,Solved
LS-11222,2026-03-17 02:58,status,Open,Solved
LS-14126,2026-03-17 03:12,owner,Agent Q,Agent N
LS-10801,2026-03-17 04:51,owner,Agent C,Agent L
LS-10222,2026-03-17 05:17,owner,Agent M,Agent T
LS-10563,2026-03-17 06:06,status,Open,Solved
LS-14806,2026-03-17 06:13,owner,Agent C,Agent B
LS-13178,2026-03-17 06:50,status,Open,Solved
LS-13341,2026-03-17 07:13,group,Frontline UK,Engineering
LS-10379,2026-03-17 07:21,owner,Agent B,Agent C
LS-13270,2026-03-17 08:08,group,Frontline UK,Payroll Team
LS-11730,2026-03-17 08:10,owner,Agent E,Agent R
LS-12797,2026-03-17 08:18,group,Frontline UK,Engineering
LS-12573,2026-03-17 08:34,status,Open,Solved
LS-14247,2026-03-17 08:49,owner,Agent G,Agent O
LS-14765,2026-03-17 09:49,status,Open,Solved
LS-13179,2026-03-17 09:52,status,Open,Solved
LS-14015,2026-03-17 10:36,status,Open,Solved
LS-14126,2026-03-17 11:46,owner,Agent N,Agent H
LS-13270,2026-03-17 11:48,owner,Agent H,Agent K
LS-11051,2026-03-17 13:08,status,Open,Solved
LS-12272,2026-03-17 13:22,status,Open,Solved
LS-11869,2026-03-17 13:27,owner,Agent V,Agent C
LS-13270,2026-03-17 15:28,owner,Agent K,Agent C
LS-13341,2026-03-17 15:52,owner,Agent C,Agent F
LS-11180,2026-03-17 16:10,status,Open,Solved
LS-13270,2026-03-17 19:09,status,Open,Solved
LS-14126,2026-03-17 20:20,status,Open,Solved
LS-13217,2026-03-17 22:31,group,Frontline UK,Product Specialists
LS-13467,2026-03-18 00:10,status,Open,Solved
LS-10309,2026-03-18 00:20,group,Frontline UK,Engineering
LS-13341,2026-03-18 00:31,status,Open,Solved
LS-12642,2026-03-18 00:48,owner,Agent J,Agent R
LS-12429,2026-03-18 01:17,owner,Agent J,Agent A
LS-12651,2026-03-18 03:25,owner,Agent L,Agent I
LS-12432,2026-03-18 05:33,owner,Agent P,Agent H
LS-13806,2026-03-18 05:36,group,Frontline UK,Payroll Team
LS-13385,2026-03-18 07:13,status,Open,Solved
LS-10747,2026-03-18 07:21,owner,Agent H,Agent R
LS-13508,2026-03-18 07:34,status,Open,Solved
LS-12753,2026-03-18 07:44,owner,Agent L,Agent N
LS-12269,2026-03-18 09:05,owner,Agent T,Agent C
LS-12959,2026-03-18 09:44,group,Frontline UK,Product Specialists
LS-10367,2026-03-18 09:50,status,Open,Solved
LS-14408,2026-03-18 10:30,status,Open,Solved
LS-14101,2026-03-18 11:04,group,Frontline IE,Payroll Team
LS-10537,2026-03-18 11:09,status,Open,Solved
LS-10309,2026-03-18 12:03,owner,Agent H,Agent V
LS-10379,2026-03-18 12:24,status,Open,Solved
LS-12958,2026-03-18 12:25,status,Open,Solved
LS-13217,2026-03-18 14:56,owner,Agent R,Agent C
LS-12455,2026-03-18 15:13,owner,Agent J,Agent B
LS-10719,2026-03-18 17:33,group,Frontline UK,Product Specialists
LS-13529,2026-03-18 17:55,group,Frontline UK,Product Specialists
LS-13835,2026-03-18 18:20,group,Frontline UK,Product Specialists
LS-13806,2026-03-18 19:24,owner,Agent F,Agent N
LS-12491,2026-03-18 19:32,owner,Agent L,Agent N
LS-10173,2026-03-18 19:36,status,Open,Solved
LS-13754,2026-03-18 21:03,status,Open,Solved
LS-12559,2026-03-18 21:39,status,Open,Solved
LS-11265,2026-03-18 22:50,group,Frontline UK,Payroll Team
LS-14659,2026-03-18 22:59,status,Open,Solved
LS-14283,2026-03-18 23:41,owner,Agent L,Agent S
LS-10309,2026-03-18 23:46,status,Open,Solved
LS-10421,2026-03-19 00:54,status,Open,Solved
LS-11795,2026-03-19 01:33,owner,Agent F,Agent S
LS-11869,2026-03-19 01:44,status,Open,Solved
LS-11218,2026-03-19 02:28,group,Frontline UK,Payroll Team
LS-12726,2026-03-19 05:57,group,Frontline UK,Engineering
LS-12959,2026-03-19 06:26,owner,Agent J,Agent H
LS-10913,2026-03-19 06:47,owner,Agent F,Agent S
LS-14465,2026-03-19 07:16,status,Open,Solved
LS-13217,2026-03-19 07:21,status,Open,Solved
LS-12545,2026-03-19 08:00,status,Open,Solved
LS-14381,2026-03-19 08:15,status,Open,Solved
LS-10443,2026-03-19 08:30,status,Open,Solved
LS-13806,2026-03-19 09:11,status,Open,Solved
LS-13998,2026-03-19 09:14,owner,Agent T,Agent I
LS-13835,2026-03-19 10:48,owner,Agent L,Agent H
LS-13093,2026-03-19 11:17,status,Open,Solved
LS-13552,2026-03-19 11:58,group,Frontline IE,Payroll Team
LS-10166,2026-03-19 12:53,status,Open,Solved
LS-14101,2026-03-19 14:30,owner,Agent P,Agent G
LS-11125,2026-03-19 14:37,status,Open,Solved
LS-12269,2026-03-19 17:32,status,Open,Solved
LS-11259,2026-03-19 17:59,group,Frontline UK,Product Specialists
LS-13552,2026-03-19 18:35,owner,Agent A,Agent J
LS-13786,2026-03-19 18:47,owner,Agent V,Agent L
LS-13283,2026-03-19 19:02,status,Open,Solved
LS-11728,2026-03-19 19:14,group,Frontline UK,Product Specialists
LS-12429,2026-03-19 19:36,owner,Agent A,Agent Q
LS-10446,2026-03-19 19:53,status,Open,Solved
LS-11546,2026-03-19 20:02,group,Frontline UK,Payroll Team
LS-10599,2026-03-19 20:11,group,Frontline UK,Payroll Team
LS-11546,2026-03-19 21:47,owner,Agent M,Agent P
LS-11546,2026-03-19 23:32,status,Open,Solved
LS-13680,2026-03-20 00:24,status,Open,Solved
LS-13760,2026-03-20 00:33,status,Open,Solved
LS-10719,2026-03-20 01:08,owner,Agent E,Agent O
LS-13552,2026-03-20 01:12,status,Open,Solved
LS-12651,2026-03-20 01:57,owner,Agent I,Agent E
LS-13629,2026-03-20 02:23,status,Open,Solved
LS-14116,2026-03-20 02:40,status,Open,Solved
LS-12959,2026-03-20 03:08,owner,Agent H,Agent Q
LS-13835,2026-03-20 03:16,status,Open,Solved
LS-12375,2026-03-20 03:54,owner,Agent L,Agent P
LS-13529,2026-03-20 04:21,owner,Agent U,Agent B
LS-13354,2026-03-20 04:48,status,Open,Solved
LS-12221,2026-03-20 05:29,group,Frontline UK,Product Specialists
LS-10928,2026-03-20 06:16,group,Frontline UK,Product Specialists
LS-10266,2026-03-20 07:40,group,Frontline UK,Engineering
LS-11730,2026-03-20 09:07,owner,Agent R,Agent N
LS-14805,2026-03-20 10:40,owner,Agent B,Agent N
LS-10703,2026-03-20 10:51,status,Open,Solved
LS-13611,2026-03-20 14:18,owner,Agent U,Agent I
LS-14217,2026-03-20 16:19,owner,Agent V,Agent S
LS-11023,2026-03-20 16:54,status,Open,Solved
LS-14101,2026-03-20 17:56,status,Open,Solved
LS-13755,2026-03-20 20:13,status,Open,Solved
LS-14528,2026-03-20 21:57,owner,Agent T,Agent J
LS-14874,2026-03-20 21:58,status,Open,Solved
LS-12941,2026-03-20 22:24,group,Frontline UK,Engineering
LS-12431,2026-03-20 23:08,status,Open,Solved
LS-12797,2026-03-20 23:10,owner,Agent C,Agent L
LS-13880,2026-03-20 23:29,status,Open,Solved
LS-12959,2026-03-20 23:51,owner,Agent Q,Agent D
LS-14090,2026-03-20 23:57,group,Frontline UK,Payroll Team
LS-13691,2026-03-21 00:53,group,Frontline UK,Payroll Team
LS-12221,2026-03-21 01:41,owner,Agent C,Agent J
LS-14882,2026-03-21 01:52,status,Open,Solved
LS-13193,2026-03-21 01:59,owner,Agent M,Agent P
LS-14283,2026-03-21 04:49,status,Open,Solved
LS-10209,2026-03-21 06:31,status,Open,Solved
LS-10739,2026-03-21 07:00,group,Frontline UK,Product Specialists
LS-14090,2026-03-21 07:42,owner,Agent T,Agent I
LS-14839,2026-03-21 08:20,group,Frontline UK,Product Specialists
LS-10719,2026-03-21 08:43,status,Open,Solved
LS-10739,2026-03-21 08:55,owner,Agent U,Agent O
LS-11464,2026-03-21 09:39,group,Frontline UK,Product Specialists
LS-11259,2026-03-21 09:46,owner,Agent R,Agent Q
LS-14247,2026-03-21 10:40,status,Open,Solved
LS-10739,2026-03-21 10:51,status,Open,Solved
LS-11060,2026-03-21 11:01,group,Frontline UK,Engineering
LS-14839,2026-03-21 11:07,owner,Agent C,Agent O
LS-12726,2026-03-21 11:21,owner,Agent C,Agent B
LS-10599,2026-03-21 11:37,owner,Agent I,Agent O
LS-10835,2026-03-21 13:01,group,Frontline UK,Engineering
LS-12429,2026-03-21 13:54,owner,Agent Q,Agent M
LS-14839,2026-03-21 13:54,status,Open,Solved
LS-12487,2026-03-21 14:03,status,Open,Solved
LS-14753,2026-03-21 14:15,status,Open,Solved
LS-12744,2026-03-21 14:40,group,Frontline UK,Payroll Team
LS-14077,2026-03-21 14:46,group,Frontline UK,Engineering
LS-13529,2026-03-21 14:48,status,Open,Solved
LS-14090,2026-03-21 15:28,status,Open,Solved
LS-12744,2026-03-21 17:47,owner,Agent T,Agent L
LS-12019,2026-03-21 17:59,group,Frontline UK,Product Specialists
LS-11265,2026-03-21 18:36,owner,Agent I,Agent D
LS-13691,2026-03-21 19:49,owner,Agent G,Agent V
LS-12959,2026-03-21 20:33,owner,Agent D,Agent T
LS-12744,2026-03-21 20:53,status,Open,Solved
LS-12221,2026-03-21 21:54,status,Open,Solved
LS-12144,2026-03-21 22:02,group,Frontline UK,Engineering
LS-12867,2026-03-21 22:23,status,Open,Solved
LS-12019,2026-03-21 22:33,owner,Agent H,Agent U
LS-10276,2026-03-21 23:40,status,Open,Solved
LS-12651,2026-03-22 00:30,status,Open,Solved
LS-10928,2026-03-22 00:54,owner,Agent I,Agent T
LS-12019,2026-03-22 03:07,status,Open,Solved
LS-14568,2026-03-22 03:53,group,Frontline IE,Payroll Team
LS-12455,2026-03-22 04:16,owner,Agent B,Agent K
LS-14342,2026-03-22 05:15,group,Frontline UK,Payroll Team
LS-10864,2026-03-22 05:20,owner,Agent K,Agent S
LS-12669,2026-03-22 05:43,status,Open,Solved
LS-13072,2026-03-22 06:15,group,Frontline IE,Product Specialists
LS-12887,2026-03-22 06:31,status,Open,Solved
LS-14553,2026-03-22 06:58,group,Frontline UK,Engineering
LS-11728,2026-03-22 07:02,owner,Agent P,Agent V
LS-13035,2026-03-22 07:42,group,Frontline UK,Product Specialists
LS-14497,2026-03-22 08:16,status,Open,Solved
LS-13320,2026-03-22 11:29,group,Frontline UK,Payroll Team
LS-13634,2026-03-22 12:06,status,Open,Solved
LS-11218,2026-03-22 12:10,owner,Agent Q,Agent F
LS-11050,2026-03-22 14:13,owner,Agent J,Agent E
LS-13643,2026-03-22 14:26,group,Frontline UK,Engineering
LS-10946,2026-03-22 14:27,status,Open,Solved
LS-13691,2026-03-22 14:45,status,Open,Solved
LS-10417,2026-03-22 14:48,status,Open,Solved
LS-13320,2026-03-22 15:05,owner,Agent T,Agent J
LS-12804,2026-03-22 15:13,group,Frontline IE,Product Specialists
LS-11531,2026-03-22 15:31,group,Frontline IE,Engineering
LS-12804,2026-03-22 16:36,owner,Agent O,Agent S
LS-12959,2026-03-22 17:15,owner,Agent T,Agent L
LS-14568,2026-03-22 17:44,owner,Agent O,Agent I
LS-12804,2026-03-22 17:59,status,Open,Solved
LS-13320,2026-03-22 18:41,status,Open,Solved
LS-12491,2026-03-22 19:02,owner,Agent N,Agent Q
LS-12142,2026-03-22 19:59,owner,Agent K,Agent M
LS-11531,2026-03-22 20:11,owner,Agent E,Agent N
LS-12577,2026-03-22 20:48,group,Frontline UK,Engineering
LS-11001,2026-03-22 23:38,status,Open,Solved
LS-10266,2026-03-23 00:22,owner,Agent J,Agent S
LS-11531,2026-03-23 00:51,status,Open,Solved
LS-13547,2026-03-23 01:24,owner,Agent A,Agent S
LS-14430,2026-03-23 01:32,group,Frontline UK,Engineering
LS-11259,2026-03-23 01:33,owner,Agent Q,Agent H
LS-14017,2026-03-23 01:56,group,Frontline UK,Product Specialists
LS-14017,2026-03-23 02:36,owner,Agent T,Agent L
LS-12604,2026-03-23 02:37,group,Frontline IE,Product Specialists
LS-11801,2026-03-23 02:39,status,Open,Solved
LS-10599,2026-03-23 03:03,owner,Agent O,Agent H
LS-14017,2026-03-23 03:16,status,Open,Solved
LS-13961,2026-03-23 05:59,group,Frontline UK,Engineering
LS-12604,2026-03-23 07:34,owner,Agent N,Agent Q
LS-14568,2026-03-23 07:36,status,Open,Solved
LS-12429,2026-03-23 08:13,status,Open,Solved
LS-12753,2026-03-23 08:32,owner,Agent N,Agent O
LS-14077,2026-03-23 09:50,owner,Agent P,Agent N
LS-11730,2026-03-23 10:05,owner,Agent N,Agent P
LS-10787,2026-03-23 10:18,status,Open,Solved
LS-12144,2026-03-23 11:42,owner,Agent G,Agent R
LS-12227,2026-03-23 12:17,group,Frontline IE,Product Specialists
LS-12604,2026-03-23 12:31,owner,Agent Q,Agent I
LS-10748,2026-03-23 12:39,owner,Agent Q,Agent N
LS-12959,2026-03-23 13:58,status,Open,Solved
LS-11516,2026-03-23 15:03,group,Frontline UK,Engineering
LS-14911,2026-03-23 15:23,owner,Agent G,Agent V
LS-12726,2026-03-23 16:46,status,Open,Solved
LS-12604,2026-03-23 17:27,status,Open,Solved
LS-10928,2026-03-23 19:32,owner,Agent T,Agent K
LS-12941,2026-03-23 19:43,owner,Agent O,Agent I
LS-12895,2026-03-23 20:19,status,Open,Solved
LS-12461,2026-03-23 20:36,status,Open,Solved
LS-10777,2026-03-23 21:30,status,Open,Solved
LS-13756,2026-03-23 21:36,status,Open,Solved
LS-11573,2026-03-23 22:41,group,Frontline UK,Payroll Team
LS-11464,2026-03-23 23:01,owner,Agent D,Agent M
LS-10553,2026-03-24 01:15,group,Frontline UK,Engineering
LS-14806,2026-03-24 01:35,status,Open,Solved
LS-11090,2026-03-24 04:05,group,Frontline UK,Product Specialists
LS-11060,2026-03-24 04:38,owner,Agent C,Agent B
LS-10486,2026-03-24 04:45,status,Open,Solved
LS-14677,2026-03-24 05:22,status,Open,Solved
LS-10913,2026-03-24 05:28,owner,Agent S,Agent L
LS-13398,2026-03-24 05:31,status,Open,Solved
LS-12880,2026-03-24 06:30,group,Frontline UK,Engineering
LS-13035,2026-03-24 06:36,owner,Agent Q,Agent U
LS-12227,2026-03-24 06:52,owner,Agent J,Agent I
LS-14553,2026-03-24 07:37,owner,Agent G,Agent B
LS-14798,2026-03-24 08:29,owner,Agent N,Agent B
LS-11514,2026-03-24 09:09,group,Frontline UK,Engineering
LS-14976,2026-03-24 09:36,group,Frontline UK,Engineering
LS-14342,2026-03-24 09:56,owner,Agent T,Agent Q
LS-11573,2026-03-24 10:36,owner,Agent G,Agent O
LS-10346,2026-03-24 10:47,status,Open,Solved
LS-13961,2026-03-24 11:27,owner,Agent S,Agent T
LS-14230,2026-03-24 13:18,status,Open,Solved
LS-13998,2026-03-24 13:47,status,Open,Solved
LS-12797,2026-03-24 14:03,owner,Agent L,Agent J
LS-11265,2026-03-24 14:22,owner,Agent D,Agent M
LS-11985,2026-03-24 14:39,owner,Agent J,Agent P
LS-11259,2026-03-24 17:20,status,Open,Solved
LS-14217,2026-03-24 18:12,status,Open,Solved
LS-13254,2026-03-24 18:23,group,Frontline UK,Engineering
LS-10835,2026-03-24 18:24,owner,Agent F,Agent T
LS-10599,2026-03-24 18:29,owner,Agent H,Agent P
LS-11728,2026-03-24 18:50,status,Open,Solved
LS-11090,2026-03-24 19:01,owner,Agent B,Agent I
LS-13072,2026-03-24 20:49,owner,Agent R,Agent M
LS-13169,2026-03-24 21:46,group,Frontline UK,Product Specialists
LS-12259,2026-03-24 21:52,status,Open,Solved
LS-11573,2026-03-24 22:31,owner,Agent O,Agent U
LS-12263,2026-03-24 22:54,group,Frontline IE,Payroll Team
LS-10553,2026-03-25 01:22,owner,Agent C,Agent V
LS-12144,2026-03-25 01:22,owner,Agent R,Agent B
LS-12227,2026-03-25 01:28,owner,Agent I,Agent L
LS-13037,2026-03-25 02:22,group,Frontline UK,Engineering
LS-13193,2026-03-25 03:01,status,Open,Solved
LS-12007,2026-03-25 03:13,status,Open,Solved
LS-14077,2026-03-25 04:54,status,Open,Solved
LS-14683,2026-03-25 06:34,status,Open,Solved
LS-13169,2026-03-25 08:28,owner,Agent S,Agent D
LS-11090,2026-03-25 09:57,status,Open,Solved
LS-14430,2026-03-25 09:57,owner,Agent E,Agent B
LS-13254,2026-03-25 10:08,owner,Agent T,Agent N
LS-11573,2026-03-25 10:26,status,Open,Solved
LS-12485,2026-03-25 12:08,group,Frontline IE,Engineering
LS-14336,2026-03-25 12:33,group,Frontline IE,Engineering
LS-10928,2026-03-25 14:10,owner,Agent K,Agent O
LS-13246,2026-03-25 15:45,group,Frontline UK,Engineering
LS-12619,2026-03-25 16:39,owner,Agent B,Agent P
LS-13961,2026-03-25 16:56,owner,Agent T,Agent V
LS-10266,2026-03-25 17:04,owner,Agent S,Agent Q
LS-12455,2026-03-25 17:19,owner,Agent K,Agent L
LS-12263,2026-03-25 17:42,owner,Agent L,Agent V
LS-13246,2026-03-25 19:02,owner,Agent U,Agent O
LS-13169,2026-03-25 19:10,status,Open,Solved
LS-12227,2026-03-25 20:03,status,Open,Solved
LS-10960,2026-03-25 21:03,status,Open,Solved
LS-11218,2026-03-25 21:53,owner,Agent F,Agent V
LS-13246,2026-03-25 22:19,status,Open,Solved
LS-10340,2026-03-25 23:19,group,Frontline UK,Payroll Team
LS-14962,2026-03-26 00:23,group,Frontline IE,Product Specialists
LS-11514,2026-03-26 01:12,owner,Agent B,Agent C
LS-10553,2026-03-26 01:29,owner,Agent V,Agent K
LS-13254,2026-03-26 01:53,owner,Agent N,Agent F
LS-14912,2026-03-26 02:02,owner,Agent S,Agent Q
LS-12716,2026-03-26 03:37,status,Open,Solved
LS-14686,2026-03-26 04:20,status,Open,Solved
LS-10579,2026-03-26 04:26,group,Frontline IE,Engineering
LS-13903,2026-03-26 04:49,group,Frontline UK,Product Specialists
LS-13035,2026-03-26 05:29,owner,Agent U,Agent A
LS-12517,2026-03-26 06:33,status,Open,Solved
LS-13900,2026-03-26 07:36,status,Open,Solved
LS-14553,2026-03-26 08:16,status,Open,Solved
LS-14494,2026-03-26 08:28,status,Open,Solved
LS-10599,2026-03-26 09:55,owner,Agent P,Agent E
LS-12432,2026-03-26 10:06,owner,Agent H,Agent G
LS-11009,2026-03-26 10:47,group,Frontline UK,Payroll Team
LS-11730,2026-03-26 11:03,owner,Agent P,Agent T
LS-13643,2026-03-26 11:59,owner,Agent N,Agent S
LS-13498,2026-03-26 12:12,owner,Agent V,Agent M
LS-11464,2026-03-26 12:23,status,Open,Solved
LS-12263,2026-03-26 12:30,status,Open,Solved
LS-10672,2026-03-26 12:52,status,Open,Solved
LS-14342,2026-03-26 14:36,status,Open,Solved
LS-10414,2026-03-26 14:57,status,Open,Solved
LS-12144,2026-03-26 15:03,owner,Agent B,Agent V
LS-10340,2026-03-26 15:14,owner,Agent L,Agent S
LS-11610,2026-03-26 15:36,group,Frontline UK,Product Specialists
LS-12506,2026-03-26 16:55,status,Open,Solved
LS-12941,2026-03-26 17:02,status,Open,Solved
LS-13666,2026-03-26 17:11,status,Open,Solved
LS-13254,2026-03-26 17:38,owner,Agent F,Agent E
LS-10582,2026-03-26 18:22,status,Open,Solved
LS-12491,2026-03-26 18:33,owner,Agent Q,Agent A
LS-12111,2026-03-26 19:25,status,Open,Solved
LS-12848,2026-03-26 19:40,group,Frontline IE,Engineering
LS-13903,2026-03-26 21:19,owner,Agent U,Agent H
LS-12577,2026-03-26 21:33,owner,Agent Q,Agent E
LS-11060,2026-03-26 22:15,status,Open,Solved
LS-13961,2026-03-26 22:24,status,Open,Solved
LS-14962,2026-03-27 00:25,owner,Agent L,Agent C
LS-13487,2026-03-27 00:48,group,Frontline IE,Engineering
LS-10553,2026-03-27 01:36,status,Open,Solved
LS-11935,2026-03-27 04:40,status,Open,Solved
LS-13660,2026-03-27 04:53,group,Frontline UK,Engineering
LS-13788,2026-03-27 06:28,status,Open,Solved
LS-12485,2026-03-27 06:43,owner,Agent L,Agent G
LS-14516,2026-03-27 06:56,group,Frontline IE,Engineering
LS-10340,2026-03-27 07:09,status,Open,Solved
LS-11106,2026-03-27 07:11,status,Open,Solved
LS-10801,2026-03-27 07:16,status,Open,Solved
LS-10928,2026-03-27 08:47,status,Open,Solved
LS-10460,2026-03-27 09:08,group,Frontline UK,Engineering
LS-13254,2026-03-27 09:23,owner,Agent E,Agent O
LS-13789,2026-03-27 10:00,group,Frontline UK,Engineering
LS-11265,2026-03-27 10:08,status,Open,Solved
LS-11865,2026-03-27 10:59,group,Frontline UK,Product Specialists
LS-13072,2026-03-27 11:23,status,Open,Solved
LS-13903,2026-03-27 13:49,status,Open,Solved
LS-15020,2026-03-27 13:51,status,Open,Solved
LS-11693,2026-03-27 14:33,status,Open,Solved
LS-14710,2026-03-27 14:36,group,Frontline UK,Engineering
LS-10026,2026-03-27 16:00,group,Frontline UK,Engineering
LS-14341,2026-03-27 16:59,group,Frontline UK,Product Specialists
LS-10907,2026-03-27 17:14,status,Open,Solved
LS-11514,2026-03-27 17:15,status,Open,Solved
LS-14430,2026-03-27 18:22,status,Open,Solved
LS-10428,2026-03-27 19:58,status,Open,Solved
LS-13593,2026-03-27 20:23,status,Open,Solved
LS-10549,2026-03-27 20:26,group,Frontline UK,Engineering
LS-13660,2026-03-27 20:40,owner,Agent O,Agent N
LS-11397,2026-03-27 21:56,group,Frontline UK,Payroll Team
LS-14134,2026-03-27 23:33,status,Open,Solved
LS-10835,2026-03-27 23:47,status,Open,Solved
LS-12446,2026-03-28 00:00,owner,Agent N,Agent D
LS-14962,2026-03-28 00:27,status,Open,Solved
LS-13254,2026-03-28 01:08,status,Open,Solved
LS-13037,2026-03-28 01:15,owner,Agent S,Agent V
LS-10599,2026-03-28 01:21,status,Open,Solved
LS-14336,2026-03-28 01:24,owner,Agent F,Agent O
LS-14516,2026-03-28 02:04,owner,Agent R,Agent E
LS-13035,2026-03-28 04:23,owner,Agent A,Agent P
LS-10222,2026-03-28 04:41,status,Open,Solved
LS-12144,2026-03-28 04:43,status,Open,Solved
LS-12797,2026-03-28 04:55,status,Open,Solved
LS-12011,2026-03-28 04:59,group,Frontline UK,Engineering
LS-10695,2026-03-28 06:07,status,Open,Solved
LS-12547,2026-03-28 06:55,owner,Agent S,Agent T
LS-14438,2026-03-28 08:24,status,Open,Solved
LS-12011,2026-03-28 08:31,owner,Agent S,Agent H
LS-13611,2026-03-28 08:43,owner,Agent I,Agent J
LS-12753,2026-03-28 09:19,owner,Agent O,Agent S
LS-10829,2026-03-28 09:43,group,Frontline UK,Engineering
LS-10266,2026-03-28 09:46,status,Open,Solved
LS-13363,2026-03-28 10:49,group,Frontline IE,Engineering
LS-12011,2026-03-28 12:04,status,Open,Solved
LS-13660,2026-03-28 12:27,owner,Agent N,Agent M
LS-10091,2026-03-28 13:54,status,Open,Solved
LS-12953,2026-03-28 14:28,group,Frontline UK,Payroll Team
LS-12052,2026-03-28 15:01,status,Open,Solved
LS-13082,2026-03-28 15:31,group,Frontline UK,Payroll Team
LS-13082,2026-03-28 17:20,owner,Agent B,Agent F
LS-12810,2026-03-28 17:35,group,Frontline UK,Engineering
LS-10066,2026-03-28 17:48,owner,Agent Q,Agent F
LS-11050,2026-03-28 17:58,owner,Agent E,Agent R
LS-13082,2026-03-28 19:09,owner,Agent F,Agent U
LS-14164,2026-03-28 19:17,group,Frontline UK,Product Specialists
LS-14710,2026-03-28 19:38,owner,Agent J,Agent B
LS-13082,2026-03-28 20:58,status,Open,Solved
LS-14516,2026-03-28 21:11,status,Open,Solved
LS-14108,2026-03-28 21:52,status,Open,Solved
LS-14828,2026-03-28 22:45,status,Open,Solved
LS-12953,2026-03-28 22:46,owner,Agent F,Agent E
LS-11485,2026-03-28 22:57,group,Frontline UK,Engineering
LS-12810,2026-03-28 23:16,owner,Agent I,Agent O
LS-14164,2026-03-28 23:34,owner,Agent L,Agent F
LS-12880,2026-03-28 23:35,owner,Agent H,Agent V
LS-13921,2026-03-29 00:05,group,Frontline UK,Product Specialists
LS-11980,2026-03-29 00:11,status,Open,Solved
LS-12485,2026-03-29 01:18,status,Open,Solved
LS-13168,2026-03-29 03:20,owner,Agent V,Agent C
LS-14164,2026-03-29 03:51,status,Open,Solved
LS-10913,2026-03-29 04:08,status,Open,Solved
LS-13660,2026-03-29 04:14,status,Open,Solved
LS-14840,2026-03-29 04:16,status,Open,Solved
LS-12810,2026-03-29 04:57,owner,Agent O,Agent D
LS-10436,2026-03-29 05:47,status,Open,Solved
LS-10261,2026-03-29 06:09,group,Frontline UK,Payroll Team
LS-12096,2026-03-29 06:16,group,Frontline UK,Engineering
LS-12455,2026-03-29 06:22,owner,Agent L,Agent N
LS-12953,2026-03-29 07:03,owner,Agent E,Agent Q
LS-11218,2026-03-29 07:35,owner,Agent V,Agent U
LS-13616,2026-03-29 07:45,group,Frontline UK,Engineering
LS-13438,2026-03-29 08:29,status,Open,Solved
LS-12096,2026-03-29 08:57,owner,Agent O,Agent U
LS-10015,2026-03-29 08:58,group,Frontline UK,Payroll Team
LS-12810,2026-03-29 10:38,status,Open,Solved
LS-12986,2026-03-29 10:53,status,Open,Solved
LS-13571,2026-03-29 10:59,group,Frontline UK,Engineering
LS-11822,2026-03-29 11:15,status,Open,Solved
LS-12096,2026-03-29 11:38,status,Open,Solved
LS-11485,2026-03-29 11:39,owner,Agent D,Agent P
LS-10261,2026-03-29 11:41,owner,Agent I,Agent U
LS-11730,2026-03-29 12:01,owner,Agent T,Agent L
LS-12061,2026-03-29 13:34,group,Frontline UK,Engineering
LS-11553,2026-03-29 13:55,group,Frontline IE,Product Specialists
LS-11254,2026-03-29 14:21,owner,Agent G,Agent A
LS-11133,2026-03-29 15:15,status,Open,Solved
LS-12953,2026-03-29 15:21,owner,Agent Q,Agent V
LS-11865,2026-03-29 16:14,owner,Agent K,Agent M
LS-10261,2026-03-29 17:13,status,Open,Solved
LS-13281,2026-03-29 18:27,status,Open,Solved
LS-10549,2026-03-29 20:28,owner,Agent M,Agent I
LS-14581,2026-03-29 21:03,group,Frontline UK,Engineering
LS-10323,2026-03-29 21:51,owner,Agent P,Agent I
LS-11553,2026-03-29 22:34,owner,Agent O,Agent M
LS-11795,2026-03-29 23:03,owner,Agent S,Agent R
LS-12953,2026-03-29 23:39,status,Open,Solved
LS-10679,2026-03-29 23:48,status,Open,Solved
LS-11485,2026-03-30 00:22,owner,Agent P,Agent H
LS-10055,2026-03-30 00:39,status,Open,Solved
LS-14710,2026-03-30 00:40,owner,Agent B,Agent H
LS-10579,2026-03-30 01:52,owner,Agent I,Agent B
LS-13514,2026-03-30 02:15,status,Open,Solved
LS-10864,2026-03-30 02:17,owner,Agent S,Agent G
LS-12068,2026-03-30 02:17,status,Open,Solved
LS-13571,2026-03-30 02:44,owner,Agent F,Agent L
LS-14999,2026-03-30 03:06,status,Open,Solved
LS-13035,2026-03-30 03:16,owner,Agent P,Agent F
LS-12535,2026-03-30 03:35,status,Open,Solved
LS-12375,2026-03-30 04:50,status,Open,Solved
LS-14395,2026-03-30 04:53,status,Open,Solved
LS-14956,2026-03-30 06:51,status,Open,Solved
LS-11553,2026-03-30 07:13,status,Open,Solved
LS-13018,2026-03-30 07:35,group,Frontline UK,Engineering
LS-14922,2026-03-30 09:04,group,Frontline UK,Product Specialists
LS-13643,2026-03-30 09:33,status,Open,Solved
LS-11610,2026-03-30 09:34,owner,Agent Q,Agent R
LS-10489,2026-03-30 10:03,group,Frontline UK,Engineering
LS-12142,2026-03-30 10:03,status,Open,Solved
LS-13024,2026-03-30 10:17,group,Frontline UK,Engineering
LS-11485,2026-03-30 13:04,owner,Agent H,Agent A
LS-14336,2026-03-30 14:16,owner,Agent O,Agent R
LS-11055,2026-03-30 15:01,status,Open,Solved
LS-11615,2026-03-30 16:55,group,Frontline UK,Engineering
LS-12491,2026-03-30 18:03,owner,Agent A,Agent E
LS-13571,2026-03-30 18:29,status,Open,Solved
LS-14581,2026-03-30 19:21,owner,Agent M,Agent O
LS-14922,2026-03-30 19:45,owner,Agent U,Agent F
LS-12577,2026-03-30 22:19,owner,Agent E,Agent K
LS-13956,2026-03-30 22:19,group,Frontline UK,Payroll Team
LS-10748,2026-03-30 22:20,owner,Agent N,Agent F
LS-11684,2026-03-30 23:57,status,Open,Solved
LS-13037,2026-03-31 00:08,owner,Agent V,Agent U
LS-13789,2026-03-31 00:41,owner,Agent J,Agent I
LS-12410,2026-03-31 01:19,group,Frontline UK,Payroll Team
LS-10070,2026-03-31 01:36,status,Open,Solved
LS-11485,2026-03-31 01:47,status,Open,Solved
LS-11516,2026-03-31 02:15,owner,Agent A,Agent E
LS-12410,2026-03-31 03:48,owner,Agent J,Agent N
LS-13956,2026-03-31 03:55,owner,Agent A,Agent O
LS-11455,2026-03-31 04:29,status,Open,Solved
LS-14710,2026-03-31 05:42,status,Open,Solved
LS-12410,2026-03-31 06:18,status,Open,Solved
LS-14922,2026-03-31 06:27,status,Open,Solved
LS-10971,2026-03-31 06:37,status,Open,Solved
LS-11846,2026-03-31 06:51,group,Frontline UK,Engineering
LS-10489,2026-03-31 08:40,owner,Agent I,Agent T
LS-14663,2026-03-31 08:45,status,Open,Solved
LS-14625,2026-03-31 09:04,group,Frontline UK,Product Specialists
LS-13956,2026-03-31 09:31,status,Open,Solved
LS-13451,2026-03-31 10:36,group,Frontline UK,Engineering
LS-11805,2026-03-31 11:06,group,Frontline UK,Engineering
LS-13921,2026-03-31 11:31,owner,Agent I,Agent P
LS-12990,2026-03-31 15:34,status,Open,Solved
LS-11427,2026-03-31 16:02,status,Open,Solved
LS-10150,2026-03-31 16:41,group,Frontline IE,Payroll Team
LS-12598,2026-03-31 17:06,status,Open,Solved
LS-14625,2026-03-31 17:23,owner,Agent V,Agent O
LS-11482,2026-03-31 17:30,status,Open,Solved
LS-14581,2026-03-31 17:38,status,Open,Solved
LS-10150,2026-03-31 18:39,owner,Agent V,Agent B
LS-13208,2026-03-31 18:54,group,Frontline UK,Product Specialists
LS-14341,2026-03-31 19:13,owner,Agent D,Agent V
LS-10549,2026-03-31 20:30,status,Open,Solved
LS-10150,2026-03-31 20:38,owner,Agent B,Agent H
LS-13066,2026-03-31 21:05,status,Open,Solved
LS-11865,2026-03-31 21:29,owner,Agent M,Agent C
LS-10150,2026-03-31 22:36,status,Open,Solved
LS-13363,2026-03-31 23:03,owner,Agent J,Agent V
LS-14625,2026-04-01 01:42,owner,Agent O,Agent M
LS-13035,2026-04-01 02:10,status,Open,Solved
LS-14901,2026-04-01 03:27,group,Frontline UK,Payroll Team
LS-12822,2026-04-01 03:32,group,Frontline UK,Product Specialists
LS-13018,2026-04-01 04:05,owner,Agent N,Agent U
LS-10400,2026-04-01 04:27,group,Frontline UK,Payroll Team
LS-11805,2026-04-01 05:41,owner,Agent O,Agent S
LS-12822,2026-04-01 05:57,owner,Agent C,Agent G
LS-13002,2026-04-01 06:45,status,Open,Solved
LS-11450,2026-04-01 07:00,group,Frontline IE,Product Specialists
LS-10489,2026-04-01 07:17,status,Open,Solved
LS-12822,2026-04-01 08:22,status,Open,Solved
LS-11908,2026-04-01 08:25,group,Frontline UK,Engineering
LS-14625,2026-04-01 10:00,status,Open,Solved
LS-10439,2026-04-01 10:12,group,Frontline UK,Engineering
LS-11835,2026-04-01 10:46,group,Frontline IE,Payroll Team
LS-10297,2026-04-01 10:52,status,Open,Solved
LS-14106,2026-04-01 11:06,group,Frontline IE,Engineering
LS-14901,2026-04-01 12:26,owner,Agent J,Agent G
LS-11730,2026-04-01 12:58,status,Open,Solved
LS-14859,2026-04-01 13:05,status,Open,Solved
LS-13218,2026-04-01 14:00,group,Frontline IE,Engineering
LS-10190,2026-04-01 14:42,group,Frontline IE,Product Specialists
LS-10829,2026-04-01 14:45,owner,Agent V,Agent D
LS-11450,2026-04-01 15:18,owner,Agent A,Agent F
LS-10137,2026-04-01 15:26,group,Frontline IE,Product Specialists
LS-11985,2026-04-01 15:55,owner,Agent P,Agent K
LS-10734,2026-04-01 16:33,status,Open,Solved
LS-11218,2026-04-01 17:17,status,Open,Solved
LS-10137,2026-04-01 18:07,owner,Agent H,Agent U
LS-12455,2026-04-01 19:24,status,Open,Solved
LS-13487,2026-04-01 19:31,owner,Agent D,Agent L
LS-11659,2026-04-01 20:22,group,Frontline UK,Engineering
LS-10137,2026-04-01 20:48,status,Open,Solved
LS-14901,2026-04-01 21:26,status,Open,Solved
LS-14877,2026-04-01 21:48,status,Open,Solved
LS-10190,2026-04-01 23:33,owner,Agent D,Agent F
LS-11450,2026-04-01 23:36,status,Open,Solved
LS-11805,2026-04-02 00:15,status,Open,Solved
LS-11009,2026-04-02 00:44,owner,Agent S,Agent L
LS-14360,2026-04-02 00:50,status,Open,Solved
LS-10439,2026-04-02 01:23,owner,Agent H,Agent O
LS-12785,2026-04-02 02:23,group,Frontline UK,Payroll Team
LS-14336,2026-04-02 03:07,status,Open,Solved
LS-14911,2026-04-02 03:37,owner,Agent V,Agent D
LS-13374,2026-04-02 04:35,status,Open,Solved
LS-10015,2026-04-02 04:48,owner,Agent V,Agent S
LS-10400,2026-04-02 05:46,owner,Agent E,Agent N
LS-12848,2026-04-02 06:01,owner,Agent M,Agent J
LS-11149,2026-04-02 06:44,status,Open,Solved
LS-10190,2026-04-02 08:25,owner,Agent F,Agent A
LS-12753,2026-04-02 10:06,status,Open,Solved
LS-12387,2026-04-02 10:19,group,Frontline UK,Payroll Team
LS-13848,2026-04-02 10:42,status,Open,Solved
LS-11242,2026-04-02 11:07,group,Frontline UK,Product Specialists
LS-14106,2026-04-02 12:38,owner,Agent H,Agent P
LS-10840,2026-04-02 14:20,status,Open,Solved
LS-13208,2026-04-02 14:40,owner,Agent I,Agent V
LS-12159,2026-04-02 14:51,group,Frontline UK,Engineering
LS-12505,2026-04-02 15:11,group,Frontline UK,Product Specialists
LS-13218,2026-04-02 15:14,owner,Agent K,Agent B
LS-10376,2026-04-02 16:05,status,Open,Solved
LS-10439,2026-04-02 16:34,status,Open,Solved
LS-12880,2026-04-02 16:40,owner,Agent V,Agent O
LS-14798,2026-04-02 16:42,owner,Agent B,Agent O
LS-10190,2026-04-02 17:16,status,Open,Solved
LS-13794,2026-04-02 17:50,status,Open,Solved
LS-13198,2026-04-02 18:58,group,Frontline UK,Product Specialists
LS-13583,2026-04-02 20:38,group,Frontline IE,Engineering
LS-13921,2026-04-02 22:56,status,Open,Solved
LS-13037,2026-04-02 23:01,owner,Agent U,Agent G
LS-10579,2026-04-02 23:17,owner,Agent B,Agent O
LS-13451,2026-04-02 23:18,owner,Agent B,Agent M
LS-13018,2026-04-03 00:35,owner,Agent U,Agent D
LS-10378,2026-04-03 01:02,group,Frontline UK,Payroll Team
LS-11865,2026-04-03 02:45,owner,Agent C,Agent B
LS-11242,2026-04-03 03:04,owner,Agent Q,Agent A
LS-11610,2026-04-03 03:32,status,Open,Solved
LS-14050,2026-04-03 03:38,group,Frontline UK,Engineering
LS-12505,2026-04-03 04:57,owner,Agent P,Agent H
LS-10400,2026-04-03 07:05,status,Open,Solved
LS-14453,2026-04-03 07:52,group,Frontline UK,Engineering
LS-13010,2026-04-03 07:56,group,Frontline UK,Engineering
LS-14713,2026-04-03 08:06,group,Frontline UK,Engineering
LS-13024,2026-04-03 08:33,owner,Agent R,Agent L
LS-12159,2026-04-03 09:09,owner,Agent P,Agent E
LS-13198,2026-04-03 10:30,owner,Agent M,Agent H
LS-13463,2026-04-03 11:13,status,Open,Solved
LS-11768,2026-04-03 12:27,group,Frontline IE,Product Specialists
LS-13214,2026-04-03 12:40,status,Open,Solved
LS-11377,2026-04-03 13:57,group,Frontline UK,Product Specialists
LS-14106,2026-04-03 14:10,status,Open,Solved
LS-10816,2026-04-03 14:16,status,Open,Solved
LS-12432,2026-04-03 14:38,status,Open,Solved
LS-12785,2026-04-03 15:12,owner,Agent I,Agent U
LS-13789,2026-04-03 15:22,owner,Agent I,Agent L
LS-11377,2026-04-03 15:45,owner,Agent S,Agent D
LS-13218,2026-04-03 16:29,status,Open,Solved
LS-12630,2026-04-03 16:46,group,Frontline UK,Payroll Team
LS-11377,2026-04-03 17:33,status,Open,Solved
LS-12491,2026-04-03 17:34,owner,Agent E,Agent U
LS-12505,2026-04-03 18:42,status,Open,Solved
LS-11242,2026-04-03 19:01,owner,Agent A,Agent S
LS-12387,2026-04-03 19:31,owner,Agent E,Agent A
LS-11768,2026-04-03 19:47,owner,Agent G,Agent T
LS-10014,2026-04-03 20:32,group,Frontline UK,Product Specialists
LS-11050,2026-04-03 21:44,status,Open,Solved
LS-12577,2026-04-03 23:04,status,Open,Solved
LS-10014,2026-04-03 23:33,owner,Agent Q,Agent A
LS-13583,2026-04-04 00:27,owner,Agent J,Agent V
LS-12155,2026-04-04 01:35,status,Open,Solved
LS-11835,2026-04-04 01:36,owner,Agent I,Agent B
LS-13198,2026-04-04 02:03,status,Open,Solved
LS-14651,2026-04-04 02:21,status,Open,Solved
LS-11995,2026-04-04 02:30,status,Open,Solved
LS-10014,2026-04-04 02:33,owner,Agent A,Agent T
LS-11768,2026-04-04 03:06,status,Open,Solved
LS-12630,2026-04-04 03:10,owner,Agent U,Agent E
LS-12159,2026-04-04 03:27,status,Open,Solved
LS-10126,2026-04-04 05:06,group,Frontline UK,Engineering
LS-10014,2026-04-04 05:34,status,Open,Solved
LS-11382,2026-04-04 05:56,group,Frontline UK,Engineering
LS-10026,2026-04-04 06:59,owner,Agent B,Agent C
LS-11261,2026-04-04 07:19,group,Frontline UK,Payroll Team
LS-10559,2026-04-04 09:35,group,Frontline UK,Engineering
LS-12695,2026-04-04 10:14,status,Open,Solved
LS-13208,2026-04-04 10:26,owner,Agent V,Agent C
LS-11242,2026-04-04 10:57,status,Open,Solved
LS-13363,2026-04-04 11:17,status,Open,Solved
LS-10503,2026-04-04 11:39,group,Frontline UK,Engineering
LS-12630,2026-04-04 13:34,owner,Agent E,Agent F
LS-10850,2026-04-04 14:19,group,Frontline UK,Product Specialists
LS-14970,2026-04-04 15:48,group,Frontline IE,Engineering
LS-11823,2026-04-04 15:56,group,Frontline UK,Product Specialists
LS-13220,2026-04-04 17:51,group,Frontline IE,Engineering
LS-10598,2026-04-04 19:02,status,Open,Solved
LS-10850,2026-04-04 20:27,owner,Agent O,Agent R
LS-15062,2026-04-04 20:48,group,Frontline IE,Payroll Team
LS-13018,2026-04-04 21:05,status,Open,Solved
LS-14341,2026-04-04 21:27,owner,Agent V,Agent O
LS-10378,2026-04-04 22:32,owner,Agent Q,Agent J
LS-12630,2026-04-04 23:58,status,Open,Solved
LS-15062,2026-04-05 01:48,owner,Agent N,Agent M
LS-10850,2026-04-05 02:35,status,Open,Solved
LS-13611,2026-04-05 03:08,status,Open,Solved
LS-12785,2026-04-05 04:01,status,Open,Solved
LS-13583,2026-04-05 04:15,owner,Agent V,Agent E
LS-12387,2026-04-05 04:43,status,Open,Solved
LS-10273,2026-04-05 05:06,group,Frontline UK,Engineering
LS-13220,2026-04-05 06:11,owner,Agent K,Agent F
LS-15062,2026-04-05 06:48,owner,Agent M,Agent V
LS-11865,2026-04-05 08:00,status,Open,Solved
LS-12619,2026-04-05 10:12,status,Open,Solved
LS-11846,2026-04-05 10:58,owner,Agent Q,Agent T
LS-15062,2026-04-05 11:48,status,Open,Solved
LS-13451,2026-04-05 12:00,owner,Agent M,Agent G
LS-12386,2026-04-05 12:09,status,Open,Solved
LS-11823,2026-04-05 13:15,owner,Agent H,Agent K
LS-12281,2026-04-05 13:18,group,Frontline UK,Engineering
LS-12061,2026-04-05 14:50,owner,Agent Q,Agent M
LS-14050,2026-04-05 15:31,owner,Agent I,Agent F
LS-14577,2026-04-05 17:01,group,Frontline IE,Payroll Team
LS-13440,2026-04-05 17:18,group,Frontline UK,Engineering
LS-11460,2026-04-05 17:30,group,Frontline IE,Engineering
LS-10988,2026-04-05 18:09,group,Frontline UK,Product Specialists
LS-12193,2026-04-05 18:18,group,Frontline UK,Engineering
LS-13220,2026-04-05 18:31,status,Open,Solved
LS-10829,2026-04-05 19:48,status,Open,Solved
LS-11397,2026-04-05 21:18,owner,Agent Q,Agent J
LS-13037,2026-04-05 21:54,status,Open,Solved
LS-10032,2026-04-05 22:15,group,Frontline IE,Engineering
LS-12475,2026-04-05 23:35,group,Frontline UK,Engineering
LS-11719,2026-04-06 00:04,status,Open,Solved
LS-10015,2026-04-06 00:38,owner,Agent S,Agent T
LS-12157,2026-04-06 01:30,group,Frontline UK,Product Specialists
LS-13440,2026-04-06 01:34,owner,Agent S,Agent G
LS-14083,2026-04-06 03:34,group,Frontline UK,Payroll Team
LS-12942,2026-04-06 03:42,status,Open,Solved
LS-14387,2026-04-06 04:06,status,Open,Solved
LS-14943,2026-04-06 04:53,status,Open,Solved
LS-13109,2026-04-06 05:22,group,Frontline UK,Product Specialists
LS-13208,2026-04-06 06:12,status,Open,Solved
LS-12110,2026-04-06 07:16,group,Frontline UK,Payroll Team
LS-13583,2026-04-06 08:04,owner,Agent E,Agent R
LS-10503,2026-04-06 08:21,owner,Agent O,Agent M
LS-13661,2026-04-06 08:59,status,Open,Solved
LS-13440,2026-04-06 09:50,owner,Agent G,Agent J
LS-11823,2026-04-06 10:34,owner,Agent K,Agent A
LS-13241,2026-04-06 15:04,status,Open,Solved
LS-11929,2026-04-06 16:17,status,Open,Solved
LS-11835,2026-04-06 16:26,status,Open,Solved
LS-12343,2026-04-06 17:36,status,Open,Solved
LS-13440,2026-04-06 18:06,status,Open,Solved
LS-14083,2026-04-06 19:25,owner,Agent T,Agent A
LS-14577,2026-04-06 19:31,owner,Agent M,Agent F
LS-10378,2026-04-06 20:03,owner,Agent J,Agent V
LS-10579,2026-04-06 20:43,owner,Agent O,Agent E
LS-10935,2026-04-06 22:55,group,Frontline UK,Product Specialists
LS-10864,2026-04-06 23:15,status,Open,Solved
LS-14713,2026-04-06 23:16,owner,Agent A,Agent H
LS-14453,2026-04-06 23:45,owner,Agent S,Agent R
LS-10126,2026-04-07 01:05,owner,Agent T,Agent O
LS-10747,2026-04-07 01:28,status,Open,Solved
LS-12157,2026-04-07 02:46,owner,Agent Q,Agent J
LS-14912,2026-04-07 03:29,owner,Agent Q,Agent B
LS-12957,2026-04-07 03:53,group,Frontline IE,Engineering
LS-10290,2026-04-07 04:27,status,Open,Solved
LS-10988,2026-04-07 04:28,owner,Agent C,Agent I
LS-11261,2026-04-07 05:59,owner,Agent K,Agent N
LS-13789,2026-04-07 06:03,status,Open,Solved
LS-13024,2026-04-07 06:50,owner,Agent L,Agent O
LS-14950,2026-04-07 07:25,group,Frontline UK,Payroll Team
LS-13109,2026-04-07 07:36,owner,Agent R,Agent D
LS-11823,2026-04-07 07:52,owner,Agent A,Agent P
LS-10748,2026-04-07 08:01,owner,Agent F,Agent U
LS-13069,2026-04-07 08:54,group,Frontline UK,Product Specialists
LS-12880,2026-04-07 09:45,owner,Agent O,Agent C
LS-12502,2026-04-07 10:21,status,Open,Solved
LS-14083,2026-04-07 11:16,owner,Agent A,Agent E
LS-12193,2026-04-07 11:25,owner,Agent M,Agent U
LS-13583,2026-04-07 11:53,status,Open,Solved
LS-13970,2026-04-07 11:54,group,Frontline UK,Product Specialists
LS-14022,2026-04-07 12:25,status,Open,Solved
LS-11516,2026-04-07 13:27,owner,Agent E,Agent K
LS-13487,2026-04-07 14:14,owner,Agent L,Agent V
LS-11182,2026-04-07 14:57,group,Frontline UK,Product Specialists
LS-14602,2026-04-07 15:05,status,Open,Solved
LS-10559,2026-04-07 15:33,owner,Agent U,Agent K
LS-10539,2026-04-07 15:49,status,Open,Solved
LS-13069,2026-04-07 16:32,owner,Agent C,Agent Q
LS-12491,2026-04-07 17:04,owner,Agent U,Agent M
LS-13498,2026-04-07 17:26,status,Open,Solved
LS-12588,2026-04-07 17:39,group,Frontline UK,Payroll Team
LS-10951,2026-04-07 17:56,group,Frontline UK,Payroll Team
LS-11182,2026-04-07 17:57,owner,Agent N,Agent G
LS-14848,2026-04-07 18:48,status,Open,Solved
LS-13004,2026-04-07 19:06,status,Open,Solved
LS-10951,2026-04-07 19:07,owner,Agent A,Agent Q
LS-10951,2026-04-07 20:17,status,Open,Solved
LS-14338,2026-04-07 20:26,status,Open,Solved
LS-11182,2026-04-07 20:58,status,Open,Solved
LS-14577,2026-04-07 22:01,status,Open,Solved
LS-11382,2026-04-07 23:32,owner,Agent B,Agent L
LS-13069,2026-04-08 00:10,owner,Agent Q,Agent G
LS-13451,2026-04-08 00:42,status,Open,Solved
LS-12699,2026-04-08 01:10,status,Open,Solved
LS-12434,2026-04-08 02:30,status,Open,Solved
LS-14083,2026-04-08 03:07,status,Open,Solved
LS-14050,2026-04-08 03:24,owner,Agent F,Agent N
LS-13734,2026-04-08 03:25,status,Open,Solved
LS-12157,2026-04-08 04:03,status,Open,Solved
LS-10503,2026-04-08 05:03,owner,Agent M,Agent U
LS-11823,2026-04-08 05:11,status,Open,Solved
LS-10293,2026-04-08 05:33,group,Frontline IE,Product Specialists
LS-11717,2026-04-08 06:06,group,Frontline UK,Payroll Team
LS-11853,2026-04-08 06:25,group,Frontline UK,Engineering
LS-13069,2026-04-08 07:48,owner,Agent G,Agent E
LS-14950,2026-04-08 08:05,owner,Agent B,Agent O
LS-10935,2026-04-08 08:34,owner,Agent R,Agent F
LS-11659,2026-04-08 08:52,owner,Agent U,Agent R
LS-14141,2026-04-08 09:23,status,Open,Solved
LS-10293,2026-04-08 09:45,owner,Agent E,Agent O
LS-13109,2026-04-08 09:50,status,Open,Solved
LS-14970,2026-04-08 10:04,owner,Agent V,Agent D
LS-13970,2026-04-08 12:25,owner,Agent H,Agent L
LS-11717,2026-04-08 12:44,owner,Agent U,Agent L
LS-10293,2026-04-08 13:56,owner,Agent O,Agent R
LS-11009,2026-04-08 14:40,owner,Agent L,Agent H
LS-10988,2026-04-08 14:47,owner,Agent I,Agent Q
LS-11368,2026-04-08 14:56,group,Frontline UK,Engineering
LS-13069,2026-04-08 15:27,status,Open,Solved
LS-14369,2026-04-08 15:43,group,Frontline UK,Engineering
LS-14480,2026-04-08 16:05,group,Frontline UK,Payroll Team
LS-12848,2026-04-08 16:22,owner,Agent J,Agent S
LS-10378,2026-04-08 17:33,status,Open,Solved
LS-10293,2026-04-08 18:08,status,Open,Solved
LS-10427,2026-04-08 18:51,status,Open,Solved
LS-14480,2026-04-08 19:15,owner,Agent J,Agent B
LS-11717,2026-04-08 19:22,status,Open,Solved
LS-13632,2026-04-08 19:28,status,Open,Solved
LS-12281,2026-04-08 19:34,owner,Agent A,Agent H
LS-14480,2026-04-08 22:25,status,Open,Solved
LS-13427,2026-04-08 23:32,status,Open,Solved
LS-14341,2026-04-08 23:41,status,Open,Solved
LS-14805,2026-04-09 00:21,owner,Agent N,Agent S
LS-12642,2026-04-09 00:26,status,Open,Solved
LS-10191,2026-04-09 00:46,status,Open,Solved
LS-12814,2026-04-09 01:31,status,Open,Solved
LS-13159,2026-04-09 01:58,group,Frontline UK,Payroll Team
LS-13244,2026-04-09 03:06,status,Open,Solved
LS-12193,2026-04-09 04:32,status,Open,Solved
LS-14369,2026-04-09 06:34,owner,Agent K,Agent G
LS-14950,2026-04-09 08:44,owner,Agent O,Agent T
LS-10218,2026-04-09 08:51,group,Frontline UK,Payroll Team
LS-11348,2026-04-09 11:11,group,Frontline UK,Engineering
LS-14558,2026-04-09 11:33,status,Open,Solved
LS-11619,2026-04-09 11:34,group,Frontline UK,Engineering
LS-10218,2026-04-09 11:54,owner,Agent P,Agent H
LS-12110,2026-04-09 11:57,owner,Agent N,Agent I
LS-12906,2026-04-09 12:49,group,Frontline UK,Payroll Team
LS-13970,2026-04-09 12:56,status,Open,Solved
LS-10218,2026-04-09 14:57,status,Open,Solved
LS-13547,2026-04-09 15:10,owner,Agent S,Agent G
LS-14520,2026-04-09 15:19,status,Open,Solved
LS-11985,2026-04-09 17:11,status,Open,Solved
LS-10032,2026-04-09 17:13,owner,Agent U,Agent V
LS-14221,2026-04-09 17:20,group,Frontline UK,Payroll Team
LS-13097,2026-04-09 17:23,group,Frontline UK,Product Specialists
LS-10935,2026-04-09 18:13,status,Open,Solved
LS-11577,2026-04-09 18:47,group,Frontline IE,Product Specialists
LS-14221,2026-04-09 19:36,owner,Agent P,Agent F
LS-10015,2026-04-09 20:28,owner,Agent T,Agent I
LS-11795,2026-04-09 20:33,status,Open,Solved
LS-10126,2026-04-09 21:03,owner,Agent O,Agent P
LS-13159,2026-04-09 21:04,owner,Agent V,Agent K
LS-11503,2026-04-09 21:22,group,Frontline UK,Payroll Team
LS-14369,2026-04-09 21:25,owner,Agent G,Agent V
LS-14221,2026-04-09 21:53,owner,Agent F,Agent C
LS-13928,2026-04-09 22:39,group,Frontline UK,Payroll Team
LS-13097,2026-04-09 23:20,owner,Agent K,Agent G
LS-11853,2026-04-09 23:44,owner,Agent T,Agent J
LS-14221,2026-04-10 00:09,status,Open,Solved
LS-14011,2026-04-10 00:50,group,Frontline IE,Engineering
LS-13959,2026-04-10 01:04,group,Frontline UK,Payroll Team
LS-10988,2026-04-10 01:06,status,Open,Solved
LS-12683,2026-04-10 01:10,group,Frontline IE,Engineering
LS-13288,2026-04-10 01:15,group,Frontline IE,Engineering
LS-10503,2026-04-10 01:45,owner,Agent U,Agent P
LS-12683,2026-04-10 02:36,owner,Agent T,Agent D
LS-11502,2026-04-10 03:03,group,Frontline IE,Engineering
LS-13959,2026-04-10 03:54,owner,Agent D,Agent A
LS-12683,2026-04-10 04:01,status,Open,Solved
LS-11261,2026-04-10 04:39,status,Open,Solved
LS-12906,2026-04-10 04:47,owner,Agent P,Agent T
LS-11460,2026-04-10 05:01,owner,Agent H,Agent P
LS-13097,2026-04-10 05:17,status,Open,Solved
LS-11473,2026-04-10 05:19,status,Open,Solved
LS-10661,2026-04-10 05:47,status,Open,Solved
LS-11381,2026-04-10 05:47,status,Open,Solved
LS-13959,2026-04-10 06:44,owner,Agent A,Agent O
LS-12218,2026-04-10 07:05,status,Open,Solved
LS-13928,2026-04-10 09:01,owner,Agent M,Agent B
LS-12588,2026-04-10 09:06,owner,Agent H,Agent I
LS-14950,2026-04-10 09:24,owner,Agent T,Agent K
LS-13959,2026-04-10 09:34,status,Open,Solved
LS-14303,2026-04-10 12:09,group,Frontline UK,Engineering
LS-14369,2026-04-10 12:17,status,Open,Solved
LS-14713,2026-04-10 14:26,status,Open,Solved
LS-11846,2026-04-10 15:05,status,Open,Solved
LS-14050,2026-04-10 15:17,status,Open,Solved
LS-14453,2026-04-10 15:37,owner,Agent R,Agent V
LS-13159,2026-04-10 16:11,status,Open,Solved
LS-14028,2026-04-10 16:12,group,Frontline UK,Product Specialists
LS-12783,2026-04-10 16:31,group,Frontline IE,Engineering
LS-10579,2026-04-10 18:08,owner,Agent E,Agent M
LS-13928,2026-04-10 19:24,owner,Agent B,Agent S
LS-11577,2026-04-10 19:52,owner,Agent E,Agent J
LS-13264,2026-04-10 20:19,group,Frontline UK,Payroll Team
LS-12906,2026-04-10 20:45,owner,Agent T,Agent A
LS-13419,2026-04-10 21:01,group,Frontline UK,Engineering
LS-13034,2026-04-10 21:08,group,Frontline IE,Payroll Team
LS-10559,2026-04-10 21:31,status,Open,Solved
LS-12393,2026-04-10 21:33,status,Open,Solved
LS-11269,2026-04-10 22:12,group,Frontline UK,Engineering
LS-11503,2026-04-10 22:44,owner,Agent U,Agent D
LS-12490,2026-04-10 22:45,group,Frontline UK,Payroll Team
LS-13845,2026-04-11 00:37,group,Frontline UK,Engineering
LS-14191,2026-04-11 01:09,status,Open,Solved
LS-13419,2026-04-11 02:39,owner,Agent S,Agent O
LS-13696,2026-04-11 04:15,group,Frontline UK,Product Specialists
LS-12490,2026-04-11 04:24,owner,Agent B,Agent O
LS-13024,2026-04-11 05:06,status,Open,Solved
LS-14794,2026-04-11 05:41,status,Open,Solved
LS-13928,2026-04-11 05:46,status,Open,Solved
LS-10615,2026-04-11 06:50,group,Frontline IE,Product Specialists
LS-10444,2026-04-11 07:36,group,Frontline UK,Product Specialists
LS-13419,2026-04-11 08:17,status,Open,Solved
LS-13786,2026-04-11 08:20,status,Open,Solved
LS-12490,2026-04-11 10:03,owner,Agent O,Agent C
LS-14950,2026-04-11 10:03,status,Open,Solved
LS-13034,2026-04-11 10:32,owner,Agent O,Agent Q
LS-11773,2026-04-11 10:58,status,Open,Solved
LS-12906,2026-04-11 12:43,owner,Agent A,Agent S
LS-13455,2026-04-11 12:58,status,Open,Solved
LS-10477,2026-04-11 13:04,status,Open,Solved
LS-13230,2026-04-11 14:37,group,Frontline UK,Engineering
LS-12490,2026-04-11 15:41,status,Open,Solved
LS-14911,2026-04-11 15:51,status,Open,Solved
LS-13696,2026-04-11 15:54,owner,Agent I,Agent H
LS-12491,2026-04-11 16:35,status,Open,Solved
LS-10511,2026-04-11 16:58,status,Open,Solved
LS-11853,2026-04-11 17:03,status,Open,Solved
LS-11382,2026-04-11 17:08,owner,Agent L,Agent I
LS-13264,2026-04-11 20:37,owner,Agent V,Agent R
LS-11577,2026-04-11 20:57,status,Open,Solved
LS-11220,2026-04-11 20:58,group,Frontline UK,Payroll Team
LS-10615,2026-04-11 21:01,owner,Agent O,Agent M
LS-12957,2026-04-11 21:16,owner,Agent V,Agent I
LS-14303,2026-04-11 21:28,owner,Agent F,Agent T
LS-10026,2026-04-11 21:58,owner,Agent C,Agent V
LS-10503,2026-04-11 22:27,owner,Agent P,Agent Q
LS-13845,2026-04-11 23:15,owner,Agent M,Agent L
LS-11312,2026-04-11 23:30,status,Open,Solved
LS-12103,2026-04-11 23:33,status,Open,Solved
LS-13034,2026-04-11 23:56,status,Open,Solved
LS-11503,2026-04-12 00:06,status,Open,Solved
LS-10931,2026-04-12 00:10,group,Frontline UK,Engineering
LS-11829,2026-04-12 00:29,group,Frontline UK,Engineering
LS-14798,2026-04-12 00:55,status,Open,Solved
LS-13616,2026-04-12 01:45,owner,Agent M,Agent K
LS-12281,2026-04-12 01:50,owner,Agent H,Agent K
LS-12880,2026-04-12 02:50,status,Open,Solved
LS-12251,2026-04-12 02:55,status,Open,Solved
LS-13696,2026-04-12 03:34,status,Open,Solved
LS-14970,2026-04-12 04:20,owner,Agent D,Agent C
LS-12906,2026-04-12 04:40,status,Open,Solved
LS-13067,2026-04-12 06:19,status,Open,Solved
LS-12165,2026-04-12 08:20,group,Frontline UK,Payroll Team
LS-10615,2026-04-12 11:11,owner,Agent M,Agent F
LS-10444,2026-04-12 13:47,owner,Agent C,Agent P
LS-12165,2026-04-12 14:37,owner,Agent I,Agent F
LS-11220,2026-04-12 14:56,owner,Agent J,Agent F
LS-10460,2026-04-12 14:58,owner,Agent H,Agent R
LS-12061,2026-04-12 16:06,owner,Agent M,Agent S
LS-12110,2026-04-12 16:39,status,Open,Solved
LS-13795,2026-04-12 16:53,status,Open,Solved
LS-10126,2026-04-12 17:02,status,Open,Solved
LS-13386,2026-04-12 19:20,status,Open,Solved
LS-12165,2026-04-12 20:54,owner,Agent F,Agent K
LS-13264,2026-04-12 20:54,owner,Agent R,Agent A
LS-13845,2026-04-12 21:53,status,Open,Solved
LS-14833,2026-04-12 22:02,group,Frontline UK,Payroll Team
LS-14397,2026-04-12 23:46,status,Open,Solved
LS-12588,2026-04-13 00:33,owner,Agent I,Agent O
LS-14789,2026-04-13 01:09,group,Frontline UK,Payroll Team
LS-10615,2026-04-13 01:22,status,Open,Solved
LS-11269,2026-04-13 02:04,owner,Agent B,Agent R
LS-12318,2026-04-13 02:27,status,Open,Solved
LS-14833,2026-04-13 02:42,owner,Agent L,Agent F
LS-12165,2026-04-13 03:11,status,Open,Solved
LS-11266,2026-04-13 04:05,status,Open,Solved
LS-13591,2026-04-13 05:31,group,Frontline UK,Engineering
LS-13860,2026-04-13 05:35,status,Open,Solved
LS-13990,2026-04-13 05:37,status,Open,Solved
LS-14303,2026-04-13 06:46,owner,Agent T,Agent O
LS-14833,2026-04-13 07:22,status,Open,Solved
LS-13967,2026-04-13 08:36,status,Open,Solved
LS-14025,2026-04-13 08:44,status,Open,Solved
LS-11220,2026-04-13 08:54,status,Open,Solved
LS-13487,2026-04-13 08:57,status,Open,Solved
LS-13195,2026-04-13 10:13,status,Open,Solved
LS-14862,2026-04-13 10:47,status,Open,Solved
LS-12446,2026-04-13 10:51,owner,Agent D,Agent E
LS-10032,2026-04-13 12:11,status,Open,Solved
LS-14966,2026-04-13 13:43,status,Open,Solved
LS-13642,2026-04-13 13:52,group,Frontline UK,Product Specialists
LS-12367,2026-04-13 14:08,status,Open,Solved
LS-12570,2026-04-13 14:27,group,Frontline IE,Product Specialists
LS-11159,2026-04-13 14:34,group,Frontline IE,Engineering
LS-13591,2026-04-13 15:01,owner,Agent P,Agent J
LS-14028,2026-04-13 15:37,owner,Agent I,Agent O
LS-10015,2026-04-13 16:18,status,Open,Solved
LS-11354,2026-04-13 16:23,status,Open,Solved
LS-13117,2026-04-13 17:33,status,Open,Solved
LS-13642,2026-04-13 18:10,owner,Agent D,Agent S
LS-10031,2026-04-13 18:23,group,Frontline UK,Engineering
LS-12412,2026-04-13 18:52,status,Open,Solved
LS-10503,2026-04-13 19:09,status,Open,Solved
LS-10444,2026-04-13 19:57,status,Open,Solved
LS-11368,2026-04-13 21:05,owner,Agent M,Agent K
LS-13264,2026-04-13 21:12,owner,Agent A,Agent T
LS-13521,2026-04-13 22:01,group,Frontline UK,Product Specialists
LS-13642,2026-04-13 22:28,status,Open,Solved
LS-13591,2026-04-14 00:30,owner,Agent J,Agent A
LS-10217,2026-04-14 00:46,group,Frontline IE,Product Specialists
LS-14789,2026-04-14 00:54,owner,Agent O,Agent F
LS-14273,2026-04-14 01:51,group,Frontline UK,Product Specialists
LS-11502,2026-04-14 02:35,owner,Agent M,Agent R
LS-14876,2026-04-14 03:19,group,Frontline UK,Engineering
LS-10358,2026-04-14 05:29,group,Frontline UK,Product Specialists
LS-10767,2026-04-14 06:38,status,Open,Solved
LS-14453,2026-04-14 07:30,status,Open,Solved
LS-10697,2026-04-14 08:44,status,Open,Solved
LS-13431,2026-04-14 08:48,group,Frontline UK,Payroll Team
LS-11809,2026-04-14 09:08,group,Frontline UK,Product Specialists
LS-10195,2026-04-14 09:11,status,Open,Solved
LS-13591,2026-04-14 10:00,status,Open,Solved
LS-13397,2026-04-14 10:03,group,Frontline UK,Payroll Team
LS-14957,2026-04-14 10:06,status,Open,Solved
LS-10643,2026-04-14 10:12,group,Frontline UK,Engineering
LS-11854,2026-04-14 12:17,owner,Agent R,Agent I
LS-10898,2026-04-14 14:49,status,Open,Solved
LS-11524,2026-04-14 14:52,group,Frontline IE,Product Specialists
LS-10579,2026-04-14 15:34,status,Open,Solved
LS-14303,2026-04-14 16:05,owner,Agent O,Agent D
LS-11460,2026-04-14 16:32,owner,Agent P,Agent M
LS-10748,2026-04-14 17:42,status,Open,Solved
LS-11976,2026-04-14 18:16,group,Frontline UK,Payroll Team
LS-10199,2026-04-14 19:02,group,Frontline IE,Engineering
LS-11173,2026-04-14 19:35,group,Frontline UK,Product Specialists
LS-11397,2026-04-14 20:40,owner,Agent J,Agent M
LS-11659,2026-04-14 21:21,status,Open,Solved
LS-13264,2026-04-14 21:29,status,Open,Solved
LS-10982,2026-04-14 23:32,group,Frontline UK,Engineering
LS-12525,2026-04-15 00:09,status,Open,Solved
LS-11516,2026-04-15 00:39,owner,Agent K,Agent T
LS-14789,2026-04-15 00:40,status,Open,Solved
LS-11451,2026-04-15 01:17,group,Frontline UK,Engineering
LS-13397,2026-04-15 01:40,owner,Agent C,Agent R
LS-12848,2026-04-15 02:43,owner,Agent S,Agent E
LS-12779,2026-04-15 04:06,status,Open,Solved
LS-11009,2026-04-15 04:37,owner,Agent H,Agent M
LS-11269,2026-04-15 05:56,status,Open,Solved
LS-13422,2026-04-15 07:09,group,Frontline UK,Engineering
LS-11173,2026-04-15 07:48,owner,Agent C,Agent K
LS-12281,2026-04-15 08:06,status,Open,Solved
LS-10493,2026-04-15 09:52,status,Open,Solved
LS-11382,2026-04-15 10:44,status,Open,Solved
LS-11451,2026-04-15 10:47,owner,Agent S,Agent T
LS-11524,2026-04-15 11:43,owner,Agent T,Agent P
LS-13230,2026-04-15 11:51,owner,Agent H,Agent C
LS-13288,2026-04-15 12:12,owner,Agent P,Agent I
LS-14005,2026-04-15 12:57,group,Frontline IE,Product Specialists
LS-10125,2026-04-15 13:13,group,Frontline UK,Payroll Team
LS-11809,2026-04-15 14:00,owner,Agent B,Agent S
LS-12570,2026-04-15 14:36,owner,Agent I,Agent Q
LS-14057,2026-04-15 14:51,status,Open,Solved
LS-14005,2026-04-15 15:00,owner,Agent G,Agent R
LS-11348,2026-04-15 15:23,owner,Agent K,Agent V
LS-12588,2026-04-15 16:00,owner,Agent O,Agent P
LS-13168,2026-04-15 16:12,owner,Agent C,Agent E
LS-10125,2026-04-15 16:20,owner,Agent G,Agent C
LS-14005,2026-04-15 17:03,status,Open,Solved
LS-13397,2026-04-15 17:17,status,Open,Solved
LS-10457,2026-04-15 18:47,group,Frontline UK,Payroll Team
LS-14876,2026-04-15 19:00,owner,Agent T,Agent K
LS-11976,2026-04-15 19:06,owner,Agent S,Agent N
LS-10125,2026-04-15 19:28,status,Open,Solved
LS-11173,2026-04-15 20:02,status,Open,Solved
LS-11451,2026-04-15 20:18,status,Open,Solved
LS-10358,2026-04-15 20:57,owner,Agent C,Agent B
LS-12557,2026-04-15 21:01,group,Frontline UK,Engineering
LS-14970,2026-04-15 22:36,status,Open,Solved
LS-10618,2026-04-16 00:03,status,Open,Solved
LS-14303,2026-04-16 01:23,status,Open,Solved
LS-13359,2026-04-16 01:54,status,Open,Solved
LS-10643,2026-04-16 02:21,owner,Agent N,Agent L
LS-10982,2026-04-16 02:42,owner,Agent K,Agent T
LS-11584,2026-04-16 03:03,status,Open,Solved
LS-14273,2026-04-16 03:18,owner,Agent L,Agent E
LS-11997,2026-04-16 03:32,group,Frontline UK,Engineering
LS-11252,2026-04-16 04:46,status,Open,Solved
LS-14421,2026-04-16 05:38,group,Frontline UK,Product Specialists
LS-14845,2026-04-16 05:59,group,Frontline IE,Payroll Team
LS-11388,2026-04-16 06:44,status,Open,Solved
LS-14845,2026-04-16 06:52,owner,Agent N,Agent S
LS-14845,2026-04-16 07:46,status,Open,Solved
LS-12980,2026-04-16 08:04,group,Frontline UK,Product Specialists
LS-11524,2026-04-16 08:33,owner,Agent P,Agent M
LS-10891,2026-04-16 08:43,group,Frontline IE,Engineering
LS-14623,2026-04-16 08:44,status,Open,Solved
LS-11622,2026-04-16 09:31,status,Open,Solved
LS-11420,2026-04-16 10:14,status,Open,Solved
LS-10533,2026-04-16 11:33,group,Frontline UK,Engineering
LS-13247,2026-04-16 11:37,status,Open,Solved
LS-11912,2026-04-16 12:45,group,Frontline UK,Engineering
LS-12752,2026-04-16 13:47,group,Frontline IE,Product Specialists
LS-12957,2026-04-16 14:39,owner,Agent I,Agent N
LS-11919,2026-04-16 14:53,group,Frontline UK,Product Specialists
LS-14028,2026-04-16 15:02,owner,Agent O,Agent T
LS-10031,2026-04-16 16:13,owner,Agent M,Agent B
LS-11481,2026-04-16 16:17,group,Frontline UK,Payroll Team
LS-10566,2026-04-16 17:00,group,Frontline UK,Payroll Team
LS-12752,2026-04-16 17:09,owner,Agent J,Agent H
LS-11216,2026-04-16 17:45,status,Open,Solved
LS-10891,2026-04-16 17:55,owner,Agent Q,Agent H
LS-12980,2026-04-16 18:15,owner,Agent I,Agent D
LS-11809,2026-04-16 18:52,owner,Agent S,Agent Q
LS-10407,2026-04-16 19:14,group,Frontline UK,Engineering
LS-11976,2026-04-16 19:56,owner,Agent N,Agent F
LS-12752,2026-04-16 20:30,status,Open,Solved
LS-11829,2026-04-16 23:01,owner,Agent N,Agent P
LS-10794,2026-04-16 23:18,status,Open,Solved
LS-11912,2026-04-17 02:55,owner,Agent O,Agent E
LS-11727,2026-04-17 03:07,group,Frontline UK,Product Specialists
LS-10891,2026-04-17 03:08,owner,Agent H,Agent O
LS-11357,2026-04-17 03:16,group,Frontline UK,Engineering
LS-12980,2026-04-17 04:26,owner,Agent D,Agent M
LS-11524,2026-04-17 05:24,status,Open,Solved
LS-10982,2026-04-17 05:53,owner,Agent T,Agent A
LS-11727,2026-04-17 07:37,owner,Agent J,Agent H
LS-14238,2026-04-17 08:29,status,Open,Solved
LS-10566,2026-04-17 10:14,owner,Agent F,Agent Q
LS-14933,2026-04-17 10:19,group,Frontline UK,Product Specialists
LS-11406,2026-04-17 10:36,group,Frontline IE,Payroll Team
LS-10931,2026-04-17 10:38,owner,Agent I,Agent R
LS-14421,2026-04-17 10:40,owner,Agent A,Agent H
LS-14876,2026-04-17 10:41,owner,Agent K,Agent D
LS-13431,2026-04-17 11:22,owner,Agent O,Agent H
LS-11727,2026-04-17 12:08,status,Open,Solved
LS-10891,2026-04-17 12:20,status,Open,Solved
LS-10358,2026-04-17 12:26,status,Open,Solved
LS-14933,2026-04-17 12:51,owner,Agent I,Agent T
LS-14268,2026-04-17 13:01,group,Frontline UK,Payroll Team
LS-12980,2026-04-17 14:37,status,Open,Solved
LS-11406,2026-04-17 14:40,owner,Agent F,Agent T
LS-12570,2026-04-17 14:45,owner,Agent Q,Agent H
LS-14933,2026-04-17 15:23,status,Open,Solved
LS-11912,2026-04-17 17:04,owner,Agent E,Agent K
LS-11357,2026-04-17 18:10,owner,Agent B,Agent L
LS-10643,2026-04-17 18:31,status,Open,Solved
LS-11406,2026-04-17 18:44,owner,Agent T,Agent G
LS-10407,2026-04-17 19:45,owner,Agent B,Agent V
LS-11976,2026-04-17 20:46,status,Open,Solved
LS-11619,2026-04-17 21:43,owner,Agent U,Agent S
LS-10301,2026-04-17 22:27,status,Open,Solved
LS-11406,2026-04-17 22:48,status,Open,Solved
LS-11365,2026-04-17 23:02,status,Open,Solved
LS-10434,2026-04-17 23:16,group,Frontline UK,Payroll Team
LS-11809,2026-04-17 23:44,status,Open,Solved
LS-10177,2026-04-18 00:13,status,Open,Solved
LS-14493,2026-04-18 00:17,group,Frontline UK,Product Specialists
LS-14011,2026-04-18 01:48,owner,Agent I,Agent O
LS-11293,2026-04-18 01:59,status,Open,Solved
LS-11502,2026-04-18 02:07,status,Open,Solved
LS-10566,2026-04-18 03:28,status,Open,Solved
LS-10890,2026-04-18 04:42,status,Open,Solved
LS-14273,2026-04-18 04:45,owner,Agent E,Agent O
LS-12174,2026-04-18 05:42,group,Frontline IE,Engineering
LS-12783,2026-04-18 06:19,owner,Agent M,Agent B
LS-11912,2026-04-18 07:14,status,Open,Solved
LS-12588,2026-04-18 07:27,status,Open,Solved
LS-13472,2026-04-18 08:21,status,Open,Solved
LS-10434,2026-04-18 08:36,owner,Agent L,Agent R
LS-10982,2026-04-18 09:03,status,Open,Solved
LS-11357,2026-04-18 09:04,owner,Agent L,Agent P
LS-10984,2026-04-18 11:02,group,Frontline UK,Engineering
LS-14976,2026-04-18 11:38,owner,Agent H,Agent O
LS-11775,2026-04-18 14:39,group,Frontline UK,Product Specialists
LS-11830,2026-04-18 15:22,group,Frontline UK,Engineering
LS-14421,2026-04-18 15:42,owner,Agent H,Agent Q
LS-12079,2026-04-18 15:50,status,Open,Solved
LS-13902,2026-04-18 16:42,status,Open,Solved
LS-12489,2026-04-18 16:55,group,Frontline UK,Payroll Team
LS-13010,2026-04-18 17:26,owner,Agent H,Agent M
LS-10434,2026-04-18 17:56,owner,Agent R,Agent P
LS-14268,2026-04-18 18:22,owner,Agent Q,Agent G
LS-13916,2026-04-18 19:35,group,Frontline UK,Payroll Team
LS-10407,2026-04-18 20:16,status,Open,Solved
LS-11646,2026-04-18 20:34,status,Open,Solved
LS-11919,2026-04-18 21:12,owner,Agent P,Agent E
LS-13916,2026-04-18 22:11,owner,Agent R,Agent F
LS-11997,2026-04-18 22:15,owner,Agent F,Agent C
LS-12609,2026-04-18 22:27,status,Open,Solved
LS-11357,2026-04-18 23:58,status,Open,Solved
LS-13521,2026-04-19 00:38,owner,Agent G,Agent U
LS-13916,2026-04-19 00:47,status,Open,Solved
LS-11775,2026-04-19 02:17,owner,Agent L,Agent Q
LS-14876,2026-04-19 02:22,owner,Agent D,Agent F
LS-11368,2026-04-19 03:14,owner,Agent K,Agent T
LS-10434,2026-04-19 03:16,owner,Agent P,Agent I
LS-12475,2026-04-19 03:36,owner,Agent T,Agent A
LS-11460,2026-04-19 04:03,owner,Agent M,Agent S
LS-13165,2026-04-19 04:51,group,Frontline UK,Engineering
LS-14912,2026-04-19 04:57,owner,Agent B,Agent R
LS-13950,2026-04-19 05:26,group,Frontline IE,Product Specialists
LS-14483,2026-04-19 06:14,group,Frontline UK,Engineering
LS-10223,2026-04-19 07:20,status,Open,Solved
LS-10797,2026-04-19 07:47,status,Open,Solved
LS-13469,2026-04-19 07:47,status,Open,Solved
LS-13230,2026-04-19 09:05,status,Open,Solved
LS-12489,2026-04-19 09:39,owner,Agent K,Agent O
LS-12893,2026-04-19 11:49,status,Open,Solved
LS-10434,2026-04-19 12:36,status,Open,Solved
LS-13165,2026-04-19 12:47,owner,Agent E,Agent U
LS-10026,2026-04-19 12:57,status,Open,Solved
LS-11775,2026-04-19 13:55,owner,Agent Q,Agent D
LS-12358,2026-04-19 13:55,status,Open,Solved
LS-11604,2026-04-19 13:59,group,Frontline UK,Product Specialists
LS-10031,2026-04-19 14:03,status,Open,Solved
LS-11481,2026-04-19 14:25,owner,Agent J,Agent S
LS-14028,2026-04-19 14:28,status,Open,Solved
LS-12570,2026-04-19 14:53,owner,Agent H,Agent O
LS-12061,2026-04-19 17:23,status,Open,Solved
LS-13165,2026-04-19 20:43,status,Open,Solved
LS-14421,2026-04-19 20:45,status,Open,Solved
LS-13582,2026-04-19 21:20,status,Open,Solved
LS-10169,2026-04-19 22:24,status,Open,Solved
LS-13303,2026-04-19 22:54,group,Frontline UK,Payroll Team
LS-14268,2026-04-19 23:44,owner,Agent G,Agent J
LS-12308,2026-04-20 00:29,group,Frontline UK,Product Specialists
LS-11775,2026-04-20 01:33,status,Open,Solved
LS-12489,2026-04-20 02:23,owner,Agent O,Agent N
LS-10060,2026-04-20 02:43,group,Frontline IE,Payroll Team
LS-11537,2026-04-20 03:04,group,Frontline UK,Engineering
LS-12308,2026-04-20 03:24,owner,Agent C,Agent P
LS-12201,2026-04-20 03:54,status,Open,Solved
LS-10217,2026-04-20 05:35,owner,Agent T,Agent G
LS-14273,2026-04-20 06:13,status,Open,Solved
LS-12308,2026-04-20 06:19,owner,Agent P,Agent U
LS-10729,2026-04-20 06:21,group,Frontline IE,Payroll Team
LS-10996,2026-04-20 06:30,status,Open,Solved
LS-11648,2026-04-20 08:09,status,Open,Solved
LS-14483,2026-04-20 08:33,owner,Agent D,Agent V
LS-12245,2026-04-20 09:01,group,Frontline IE,Engineering
LS-12308,2026-04-20 09:13,status,Open,Solved
LS-13073,2026-04-20 09:56,status,Open,Solved
LS-14166,2026-04-20 10:16,status,Open,Solved
LS-10457,2026-04-20 11:32,owner,Agent H,Agent M
LS-10199,2026-04-20 12:16,owner,Agent B,Agent E
LS-13431,2026-04-20 13:56,status,Open,Solved
LS-10895,2026-04-20 15:15,status,Open,Solved
LS-14565,2026-04-20 15:23,status,Open,Solved
LS-11686,2026-04-20 17:27,group,Frontline IE,Engineering
LS-14876,2026-04-20 18:03,owner,Agent F,Agent P
LS-10729,2026-04-20 18:29,owner,Agent T,Agent N
LS-12489,2026-04-20 19:07,status,Open,Solved
LS-10227,2026-04-20 19:53,status,Open,Solved
LS-12277,2026-04-20 20:32,status,Open,Solved
LS-11254,2026-04-20 22:18,owner,Agent A,Agent N
LS-11604,2026-04-20 22:26,owner,Agent K,Agent Q
LS-13335,2026-04-20 22:32,group,Frontline IE,Payroll Team
LS-13741,2026-04-20 23:06,status,Open,Solved
LS-13288,2026-04-20 23:09,owner,Agent I,Agent U
LS-11919,2026-04-21 03:31,owner,Agent E,Agent G
LS-14268,2026-04-21 05:05,status,Open,Solved
LS-11830,2026-04-21 06:28,owner,Agent R,Agent A
LS-10729,2026-04-21 06:37,status,Open,Solved
LS-13548,2026-04-21 07:58,status,Open,Solved
LS-12957,2026-04-21 08:01,status,Open,Solved
LS-13410,2026-04-21 08:45,group,Frontline IE,Engineering
LS-12617,2026-04-21 08:59,status,Open,Solved
LS-10246,2026-04-21 10:03,group,Frontline UK,Engineering
LS-14483,2026-04-21 10:51,status,Open,Solved
LS-11908,2026-04-21 11:15,owner,Agent O,Agent F
LS-14231,2026-04-21 11:53,status,Open,Solved
LS-13332,2026-04-21 11:55,status,Open,Solved
LS-11686,2026-04-21 12:17,owner,Agent T,Agent D
LS-12848,2026-04-21 13:04,status,Open,Solved
LS-13950,2026-04-21 13:09,owner,Agent Q,Agent L
LS-11863,2026-04-21 15:01,group,Frontline UK,Product Specialists
LS-12570,2026-04-21 15:02,status,Open,Solved
LS-12649,2026-04-21 15:10,group,Frontline UK,Product Specialists
LS-10060,2026-04-21 15:44,owner,Agent A,Agent T
LS-11863,2026-04-21 16:00,owner,Agent D,Agent S
LS-11194,2026-04-21 16:41,group,Frontline UK,Payroll Team
LS-11997,2026-04-21 16:58,status,Open,Solved
LS-11863,2026-04-21 16:59,status,Open,Solved
LS-11009,2026-04-21 18:34,owner,Agent M,Agent U
LS-11348,2026-04-21 19:34,owner,Agent V,Agent M
LS-13278,2026-04-21 20:07,group,Frontline UK,Engineering
LS-10335,2026-04-21 20:47,group,Frontline IE,Engineering
LS-13335,2026-04-21 20:47,owner,Agent A,Agent C
LS-14533,2026-04-21 21:06,group,Frontline UK,Product Specialists
LS-11829,2026-04-21 21:32,owner,Agent P,Agent Q
LS-13361,2026-04-22 03:24,group,Frontline IE,Engineering
LS-15074,2026-04-22 04:31,group,Frontline IE,Engineering
LS-12382,2026-04-22 05:28,group,Frontline UK,Payroll Team
LS-14533,2026-04-22 06:10,owner,Agent U,Agent V
LS-11604,2026-04-22 06:53,status,Open,Solved
LS-11686,2026-04-22 07:07,status,Open,Solved
LS-10406,2026-04-22 08:14,group,Frontline UK,Payroll Team
LS-11559,2026-04-22 09:12,group,Frontline IE,Product Specialists
LS-14876,2026-04-22 09:44,status,Open,Solved
LS-14952,2026-04-22 11:26,status,Open,Solved
LS-11516,2026-04-22 11:51,status,Open,Solved
LS-11481,2026-04-22 12:34,owner,Agent S,Agent G
LS-11213,2026-04-22 12:48,status,Open,Solved
LS-11194,2026-04-22 13:34,owner,Agent S,Agent H
LS-10406,2026-04-22 13:44,owner,Agent H,Agent G
LS-14533,2026-04-22 15:14,owner,Agent V,Agent E
LS-10225,2026-04-22 15:48,group,Frontline UK,Product Specialists
LS-14078,2026-04-22 16:28,group,Frontline IE,Payroll Team
LS-11159,2026-04-22 18:23,owner,Agent E,Agent Q
LS-12361,2026-04-22 18:23,group,Frontline UK,Payroll Team
LS-13266,2026-04-22 18:53,status,Open,Solved
LS-13335,2026-04-22 19:03,status,Open,Solved
LS-10406,2026-04-22 19:14,owner,Agent G,Agent C
LS-11559,2026-04-22 20:19,owner,Agent V,Agent U
LS-14493,2026-04-22 20:32,owner,Agent K,Agent C
LS-10931,2026-04-22 21:06,owner,Agent R,Agent K
LS-11617,2026-04-22 21:41,status,Open,Solved
LS-14533,2026-04-23 00:18,status,Open,Solved
LS-12928,2026-04-23 00:20,status,Open,Solved
LS-12361,2026-04-23 00:34,owner,Agent L,Agent F
LS-10406,2026-04-23 00:44,status,Open,Solved
LS-12382,2026-04-23 02:10,owner,Agent A,Agent H
LS-14078,2026-04-23 02:35,owner,Agent B,Agent O
LS-11899,2026-04-23 04:11,status,Open,Solved
LS-10060,2026-04-23 04:45,owner,Agent T,Agent F
LS-10533,2026-04-23 06:26,owner,Agent I,Agent B
LS-12361,2026-04-23 06:45,status,Open,Solved
LS-11559,2026-04-23 07:26,status,Open,Solved
LS-11919,2026-04-23 09:50,status,Open,Solved
LS-11243,2026-04-23 10:21,group,Frontline UK,Payroll Team
LS-11194,2026-04-23 10:28,status,Open,Solved
LS-13303,2026-04-23 11:36,owner,Agent E,Agent O
LS-11572,2026-04-23 12:09,group,Frontline UK,Payroll Team
LS-14078,2026-04-23 12:42,status,Open,Solved
LS-13426,2026-04-23 13:23,status,Open,Solved
LS-10066,2026-04-23 13:24,owner,Agent F,Agent M
LS-11460,2026-04-23 15:35,owner,Agent S,Agent E
LS-11974,2026-04-23 18:09,status,Open,Solved
LS-14215,2026-04-23 19:00,status,Open,Solved
LS-11230,2026-04-23 19:10,status,Open,Solved
LS-14724,2026-04-23 19:17,status,Open,Solved
LS-11397,2026-04-23 20:02,status,Open,Solved
LS-13950,2026-04-23 20:52,status,Open,Solved
LS-11519,2026-04-23 21:28,group,Frontline IE,Engineering
LS-11830,2026-04-23 21:34,status,Open,Solved
LS-14198,2026-04-23 22:16,group,Frontline UK,Engineering
LS-12382,2026-04-23 22:52,owner,Agent H,Agent B
LS-12962,2026-04-23 23:01,status,Open,Solved
LS-13115,2026-04-23 23:21,group,Frontline UK,Engineering
LS-12813,2026-04-23 23:59,group,Frontline UK,Engineering
LS-13521,2026-04-24 03:15,owner,Agent U,Agent H
LS-13527,2026-04-24 05:37,status,Open,Solved
LS-10273,2026-04-24 06:09,owner,Agent H,Agent C
LS-11537,2026-04-24 07:23,owner,Agent H,Agent K
LS-13153,2026-04-24 08:45,group,Frontline UK,Engineering
LS-12169,2026-04-24 09:13,group,Frontline UK,Product Specialists
LS-11572,2026-04-24 09:16,owner,Agent B,Agent L
LS-11368,2026-04-24 09:24,status,Open,Solved
LS-14519,2026-04-24 10:11,status,Open,Solved
LS-12641,2026-04-24 10:50,status,Open,Solved
LS-12169,2026-04-24 11:34,owner,Agent J,Agent T
LS-10245,2026-04-24 11:41,status,Open,Solved
LS-10052,2026-04-24 12:55,group,Frontline IE,Product Specialists
LS-12169,2026-04-24 13:56,status,Open,Solved
LS-11243,2026-04-24 16:04,owner,Agent F,Agent P
LS-14198,2026-04-24 16:10,owner,Agent O,Agent E
LS-12191,2026-04-24 17:12,group,Frontline UK,Payroll Team
LS-10060,2026-04-24 17:46,status,Open,Solved
LS-12557,2026-04-24 18:07,owner,Agent O,Agent H
LS-13410,2026-04-24 18:12,owner,Agent A,Agent T
LS-12191,2026-04-24 19:28,owner,Agent I,Agent B
LS-15070,2026-04-24 19:29,group,Frontline UK,Product Specialists
LS-12382,2026-04-24 19:34,owner,Agent B,Agent O
LS-10804,2026-04-24 20:29,group,Frontline UK,Engineering
LS-12191,2026-04-24 21:44,status,Open,Solved
LS-10052,2026-04-24 22:03,owner,Agent A,Agent F
LS-13731,2026-04-25 00:14,group,Frontline UK,Payroll Team
LS-13731,2026-04-25 01:18,owner,Agent U,Agent T
LS-12206,2026-04-25 01:32,status,Open,Solved
LS-14605,2026-04-25 02:05,group,Frontline IE,Engineering
LS-10577,2026-04-25 02:18,status,Open,Solved
LS-13731,2026-04-25 02:22,owner,Agent T,Agent N
LS-11071,2026-04-25 02:31,status,Open,Solved
LS-12450,2026-04-25 02:54,group,Frontline UK,Engineering
LS-13731,2026-04-25 03:25,status,Open,Solved
LS-14969,2026-04-25 03:29,status,Open,Solved
LS-10457,2026-04-25 04:17,status,Open,Solved
LS-10469,2026-04-25 04:47,group,Frontline UK,Engineering
LS-11572,2026-04-25 06:23,status,Open,Solved
LS-10052,2026-04-25 07:11,owner,Agent F,Agent T
LS-14198,2026-04-25 10:04,status,Open,Solved
LS-13422,2026-04-25 10:30,owner,Agent P,Agent K
LS-11481,2026-04-25 10:42,status,Open,Solved
LS-13224,2026-04-25 11:18,group,Frontline UK,Engineering
LS-12289,2026-04-25 13:23,group,Frontline UK,Product Specialists
LS-12146,2026-04-25 14:53,status,Open,Solved
LS-12289,2026-04-25 15:31,owner,Agent U,Agent I
LS-12382,2026-04-25 16:15,owner,Agent O,Agent E
LS-10052,2026-04-25 16:18,status,Open,Solved
LS-11137,2026-04-25 16:35,group,Frontline IE,Payroll Team
LS-12289,2026-04-25 17:38,status,Open,Solved
LS-13616,2026-04-25 19:45,owner,Agent K,Agent A
LS-12335,2026-04-25 20:02,status,Open,Solved
LS-10225,2026-04-25 20:07,owner,Agent A,Agent O
LS-12783,2026-04-25 20:07,owner,Agent B,Agent N
LS-11243,2026-04-25 21:47,status,Open,Solved
LS-14605,2026-04-25 22:27,owner,Agent U,Agent E
LS-11694,2026-04-25 23:51,group,Frontline UK,Product Specialists
LS-11144,2026-04-25 23:53,status,Open,Solved
LS-15074,2026-04-26 01:14,owner,Agent T,Agent S
LS-14011,2026-04-26 02:46,owner,Agent O,Agent N
LS-12064,2026-04-26 02:50,group,Frontline UK,Product Specialists
LS-11694,2026-04-26 03:43,owner,Agent H,Agent A
LS-13153,2026-04-26 05:23,owner,Agent T,Agent Q
LS-10199,2026-04-26 05:30,owner,Agent E,Agent I
LS-13558,2026-04-26 06:32,group,Frontline UK,Product Specialists
LS-11694,2026-04-26 07:35,status,Open,Solved
LS-11619,2026-04-26 07:52,status,Open,Solved
LS-13288,2026-04-26 10:06,owner,Agent U,Agent O
LS-14337,2026-04-26 10:21,status,Open,Solved
LS-10217,2026-04-26 10:25,status,Open,Solved
LS-11403,2026-04-26 11:17,group,Frontline UK,Payroll Team
LS-12245,2026-04-26 11:24,owner,Agent A,Agent U
LS-12382,2026-04-26 12:57,status,Open,Solved
LS-11696,2026-04-26 16:25,group,Frontline UK,Product Specialists
LS-11403,2026-04-26 16:51,owner,Agent K,Agent V
LS-13644,2026-04-26 18:01,status,Open,Solved
LS-14621,2026-04-26 18:45,status,Open,Solved
LS-14605,2026-04-26 18:49,status,Open,Solved
LS-11749,2026-04-26 20:03,group,Frontline UK,Payroll Team
LS-11829,2026-04-26 20:04,owner,Agent Q,Agent B
LS-12059,2026-04-26 20:37,group,Frontline UK,Payroll Team
LS-12027,2026-04-26 21:47,group,Frontline UK,Engineering
LS-10779,2026-04-26 22:12,group,Frontline IE,Payroll Team
LS-11298,2026-04-26 22:15,status,Open,Solved
LS-11403,2026-04-26 22:25,status,Open,Solved
LS-11696,2026-04-26 23:43,owner,Agent Q,Agent G
LS-13115,2026-04-27 00:11,owner,Agent K,Agent D
LS-13303,2026-04-27 00:19,owner,Agent O,Agent U
LS-11137,2026-04-27 02:48,owner,Agent A,Agent D
LS-10106,2026-04-27 03:29,group,Frontline UK,Payroll Team
LS-13547,2026-04-27 04:56,status,Open,Solved
LS-11696,2026-04-27 07:00,status,Open,Solved
LS-15019,2026-04-27 07:01,group,Frontline UK,Payroll Team
LS-13361,2026-04-27 07:17,owner,Agent F,Agent S
LS-10106,2026-04-27 07:24,owner,Agent U,Agent R
LS-11199,2026-04-27 07:56,status,Open,Solved
LS-13890,2026-04-27 09:05,status,Open,Solved
LS-10879,2026-04-27 10:17,group,Frontline UK,Engineering
LS-10106,2026-04-27 11:19,owner,Agent R,Agent O
LS-12171,2026-04-27 12:46,status,Open,Solved
LS-12059,2026-04-27 14:10,owner,Agent A,Agent G
LS-10779,2026-04-27 14:23,owner,Agent B,Agent P
LS-13764,2026-04-27 14:32,status,Open,Solved
LS-10106,2026-04-27 15:14,status,Open,Solved
LS-10784,2026-04-27 16:36,group,Frontline UK,Payroll Team
LS-14493,2026-04-27 16:47,status,Open,Solved
LS-14528,2026-04-27 17:04,status,Open,Solved
LS-10469,2026-04-27 18:09,owner,Agent F,Agent B
LS-13703,2026-04-27 19:41,group,Frontline IE,Product Specialists
LS-14895,2026-04-27 20:42,status,Open,Solved
LS-10056,2026-04-27 21:06,status,Open,Solved
LS-13328,2026-04-27 22:10,status,Open,Solved
LS-12498,2026-04-27 23:20,group,Frontline UK,Engineering
LS-11828,2026-04-27 23:25,group,Frontline UK,Payroll Team
LS-11348,2026-04-27 23:46,owner,Agent M,Agent A
LS-13488,2026-04-28 01:09,group,Frontline UK,Engineering
LS-13182,2026-04-28 01:15,status,Open,Solved
LS-13153,2026-04-28 02:01,status,Open,Solved
LS-11460,2026-04-28 03:06,status,Open,Solved
LS-13410,2026-04-28 03:39,owner,Agent T,Agent S
LS-14958,2026-04-28 04:16,status,Open,Solved
LS-11749,2026-04-28 04:55,owner,Agent R,Agent I
LS-15070,2026-04-28 05:59,owner,Agent U,Agent S
LS-10779,2026-04-28 06:34,status,Open,Solved
LS-14004,2026-04-28 06:36,status,Open,Solved
LS-10931,2026-04-28 07:33,owner,Agent K,Agent C
LS-12059,2026-04-28 07:44,owner,Agent G,Agent B
LS-11009,2026-04-28 08:30,status,Open,Solved
LS-13703,2026-04-28 09:37,owner,Agent E,Agent S
LS-10857,2026-04-28 10:56,group,Frontline UK,Product Specialists
LS-11537,2026-04-28 11:42,status,Open,Solved
LS-11137,2026-04-28 13:01,owner,Agent D,Agent C
LS-14805,2026-04-28 14:03,status,Open,Solved
LS-12825,2026-04-28 15:33,status,Open,Solved
LS-12087,2026-04-28 15:39,group,Frontline UK,Engineering
LS-13350,2026-04-28 16:06,group,Frontline IE,Engineering
LS-10372,2026-04-28 16:15,status,Open,Solved
LS-10296,2026-04-28 16:21,status,Open,Solved
LS-14716,2026-04-28 16:33,group,Frontline UK,Payroll Team
LS-11725,2026-04-28 17:52,group,Frontline UK,Product Specialists
LS-14914,2026-04-28 20:14,group,Frontline UK,Product Specialists
LS-10460,2026-04-28 20:47,owner,Agent R,Agent P
LS-10857,2026-04-28 21:27,owner,Agent M,Agent D
LS-12087,2026-04-28 21:30,owner,Agent J,Agent K
LS-11592,2026-04-28 21:51,status,Open,Solved
LS-13703,2026-04-28 23:34,status,Open,Solved
LS-10225,2026-04-29 00:26,owner,Agent O,Agent N
LS-12059,2026-04-29 01:17,owner,Agent B,Agent H
LS-12087,2026-04-29 03:21,status,Open,Solved
LS-13799,2026-04-29 03:45,status,Open,Solved
LS-13521,2026-04-29 05:52,status,Open,Solved
LS-13166,2026-04-29 07:05,status,Open,Solved
LS-10857,2026-04-29 07:59,owner,Agent D,Agent L
LS-14243,2026-04-29 10:36,group,Frontline UK,Engineering
LS-15019,2026-04-29 10:40,owner,Agent R,Agent O
LS-11828,2026-04-29 11:00,owner,Agent R,Agent J
LS-14716,2026-04-29 11:43,owner,Agent G,Agent O
LS-13917,2026-04-29 12:45,status,Open,Solved
LS-13274,2026-04-29 13:15,group,Frontline UK,Payroll Team
LS-13259,2026-04-29 13:35,group,Frontline UK,Payroll Team
LS-11749,2026-04-29 13:47,status,Open,Solved
LS-11608,2026-04-29 13:56,group,Frontline UK,Engineering
LS-13259,2026-04-29 15:28,owner,Agent K,Agent N
LS-12846,2026-04-29 16:20,status,Open,Solved
LS-13259,2026-04-29 17:21,status,Open,Solved
LS-14121,2026-04-29 18:17,status,Open,Solved
LS-10857,2026-04-29 18:30,status,Open,Solved
LS-12059,2026-04-29 18:50,status,Open,Solved
LS-11725,2026-04-29 19:33,owner,Agent M,Agent J
LS-10833,2026-04-29 20:48,group,Frontline UK,Engineering
LS-12446,2026-04-29 21:43,status,Open,Solved
LS-10795,2026-04-29 21:50,group,Frontline UK,Payroll Team
LS-15074,2026-04-29 21:57,status,Open,Solved
LS-12498,2026-04-29 22:32,owner,Agent Q,Agent O
LS-12164,2026-04-29 22:33,status,Open,Solved
LS-11687,2026-04-29 22:45,group,Frontline IE,Engineering
LS-11137,2026-04-29 23:14,status,Open,Solved
LS-11680,2026-04-29 23:57,group,Frontline UK,Engineering
LS-13587,2026-04-30 00:22,group,Frontline IE,Payroll Team
LS-13115,2026-04-30 01:01,owner,Agent D,Agent G
LS-10533,2026-04-30 01:19,owner,Agent B,Agent G
LS-11970,2026-04-30 02:08,status,Open,Solved
LS-11609,2026-04-30 03:05,group,Frontline IE,Engineering
LS-13070,2026-04-30 03:53,status,Open,Solved
LS-10162,2026-04-30 05:57,status,Open,Solved
LS-11225,2026-04-30 06:52,group,Frontline IE,Engineering
LS-14716,2026-04-30 06:53,owner,Agent O,Agent A
LS-12212,2026-04-30 07:25,group,Frontline UK,Engineering
LS-13587,2026-04-30 07:25,owner,Agent R,Agent G
LS-10023,2026-04-30 07:30,status,Open,Solved
LS-10469,2026-04-30 07:30,status,Open,Solved
LS-13274,2026-04-30 07:46,owner,Agent P,Agent K
LS-11641,2026-04-30 07:47,group,Frontline UK,Payroll Team
LS-14914,2026-04-30 08:36,owner,Agent L,Agent R
LS-10149,2026-04-30 12:00,status,Open,Solved
LS-13303,2026-04-30 13:01,status,Open,Solved
LS-10795,2026-04-30 13:04,owner,Agent N,Agent B
LS-13579,2026-04-30 13:27,group,Frontline IE,Payroll Team
LS-13587,2026-04-30 14:28,status,Open,Solved
LS-10246,2026-04-30 15:24,owner,Agent S,Agent I
LS-10822,2026-04-30 17:35,group,Frontline IE,Engineering
LS-13579,2026-04-30 19:45,owner,Agent J,Agent K
LS-11079,2026-04-30 20:58,status,Open,Solved
LS-11725,2026-04-30 21:14,status,Open,Solved
LS-10522,2026-04-30 21:52,group,Frontline UK,Product Specialists
LS-11828,2026-04-30 22:34,status,Open,Solved
LS-11178,2026-05-01 01:06,status,Open,Solved
LS-14144,2026-05-01 01:18,status,Open,Solved
LS-13949,2026-05-01 01:25,status,Open,Solved
LS-10522,2026-05-01 01:29,owner,Agent T,Agent G
LS-13579,2026-05-01 02:03,status,Open,Solved
LS-14716,2026-05-01 02:03,status,Open,Solved
LS-13274,2026-05-01 02:17,status,Open,Solved
LS-14006,2026-05-01 03:24,group,Frontline IE,Product Specialists
LS-10281,2026-05-01 03:54,group,Frontline IE,Engineering
LS-10795,2026-05-01 04:19,status,Open,Solved
LS-10522,2026-05-01 05:06,status,Open,Solved
LS-14912,2026-05-01 06:24,status,Open,Solved
LS-12039,2026-05-01 07:27,group,Frontline UK,Product Specialists
LS-11641,2026-05-01 10:14,owner,Agent I,Agent S
LS-14006,2026-05-01 11:18,owner,Agent G,Agent S
LS-13410,2026-05-01 13:06,owner,Agent S,Agent R
LS-10353,2026-05-01 13:34,group,Frontline UK,Payroll Team
LS-15019,2026-05-01 14:18,owner,Agent O,Agent M
LS-13209,2026-05-01 14:49,group,Frontline IE,Engineering
LS-10723,2026-05-01 15:14,status,Open,Solved
LS-13994,2026-05-01 15:40,status,Open,Solved
LS-11897,2026-05-01 15:50,group,Frontline UK,Product Specialists
LS-15070,2026-05-01 16:30,status,Open,Solved
LS-10323,2026-05-01 17:15,status,Open,Solved
LS-11897,2026-05-01 18:31,owner,Agent Q,Agent M
LS-11829,2026-05-01 18:35,status,Open,Solved
LS-14006,2026-05-01 19:13,status,Open,Solved
LS-13640,2026-05-01 20:31,group,Frontline UK,Engineering
LS-14914,2026-05-01 20:59,status,Open,Solved
LS-13288,2026-05-01 21:03,owner,Agent O,Agent E
LS-11897,2026-05-01 21:11,status,Open,Solved
LS-12039,2026-05-01 21:29,owner,Agent B,Agent N
LS-12498,2026-05-01 21:43,status,Open,Solved
LS-11159,2026-05-01 22:11,status,Open,Solved
LS-10199,2026-05-01 22:44,status,Open,Solved
LS-10353,2026-05-02 01:21,owner,Agent E,Agent A
LS-13488,2026-05-02 02:43,owner,Agent C,Agent M
LS-10225,2026-05-02 04:45,status,Open,Solved
LS-11621,2026-05-02 06:11,status,Open,Solved
LS-12274,2026-05-02 06:15,status,Open,Solved
LS-10879,2026-05-02 07:21,owner,Agent I,Agent L
LS-14446,2026-05-02 07:21,group,Frontline UK,Engineering
LS-12475,2026-05-02 07:37,owner,Agent A,Agent I
LS-12513,2026-05-02 08:36,status,Open,Solved
LS-12649,2026-05-02 10:54,owner,Agent L,Agent T
LS-13361,2026-05-02 11:10,owner,Agent S,Agent R
LS-12039,2026-05-02 11:30,status,Open,Solved
LS-11641,2026-05-02 12:41,status,Open,Solved
LS-10353,2026-05-02 13:08,status,Open,Solved
LS-13120,2026-05-02 13:21,status,Open,Solved
LS-12245,2026-05-02 13:48,status,Open,Solved
LS-10955,2026-05-02 14:09,group,Frontline UK,Payroll Team
LS-13113,2026-05-02 14:20,group,Frontline IE,Payroll Team
LS-14066,2026-05-02 14:39,group,Frontline IE,Engineering
LS-11225,2026-05-02 17:29,owner,Agent B,Agent M
LS-11142,2026-05-02 19:11,group,Frontline UK,Product Specialists
LS-12122,2026-05-02 19:43,group,Frontline UK,Product Specialists
LS-12841,2026-05-02 19:57,group,Frontline UK,Product Specialists
LS-13641,2026-05-02 19:57,group,Frontline UK,Engineering
LS-13934,2026-05-02 20:03,group,Frontline UK,Payroll Team
LS-12122,2026-05-02 23:05,owner,Agent H,Agent B
LS-11142,2026-05-03 01:18,owner,Agent C,Agent O
LS-13115,2026-05-03 01:51,owner,Agent G,Agent S
LS-12122,2026-05-03 02:28,owner,Agent B,Agent C
LS-10804,2026-05-03 02:30,owner,Agent T,Agent K
LS-11655,2026-05-03 03:56,group,Frontline UK,Engineering
LS-13168,2026-05-03 05:04,owner,Agent E,Agent R
LS-12122,2026-05-03 05:50,status,Open,Solved
LS-11142,2026-05-03 07:25,status,Open,Solved
LS-13934,2026-05-03 07:51,owner,Agent I,Agent J
LS-11165,2026-05-03 08:00,group,Frontline UK,Payroll Team
LS-12783,2026-05-03 09:55,status,Open,Solved
LS-11594,2026-05-03 11:07,status,Open,Solved
LS-13807,2026-05-03 11:08,group,Frontline UK,Engineering
LS-13224,2026-05-03 11:22,owner,Agent H,Agent L
LS-14482,2026-05-03 11:34,status,Open,Solved
LS-11609,2026-05-03 12:25,owner,Agent K,Agent A
LS-13119,2026-05-03 13:14,status,Open,Solved
LS-11713,2026-05-03 13:42,group,Frontline UK,Engineering
LS-12714,2026-05-03 14:46,group,Frontline UK,Product Specialists
LS-12557,2026-05-03 15:13,owner,Agent H,Agent J
LS-11568,2026-05-03 15:23,group,Frontline UK,Product Specialists
LS-12174,2026-05-03 17:05,owner,Agent S,Agent Q
LS-13113,2026-05-03 17:17,owner,Agent L,Agent O
LS-15019,2026-05-03 17:57,status,Open,Solved
LS-10931,2026-05-03 18:01,status,Open,Solved
LS-11568,2026-05-03 19:28,owner,Agent N,Agent M
LS-13934,2026-05-03 19:39,owner,Agent J,Agent O
LS-12714,2026-05-03 21:06,owner,Agent B,Agent E
LS-13641,2026-05-03 22:12,owner,Agent F,Agent H
LS-12776,2026-05-03 23:22,status,Open,Solved
LS-11568,2026-05-03 23:33,status,Open,Solved
LS-11608,2026-05-04 01:00,owner,Agent N,Agent F
LS-13010,2026-05-04 02:56,owner,Agent M,Agent D
LS-13640,2026-05-04 03:18,owner,Agent A,Agent P
LS-12714,2026-05-04 03:26,owner,Agent E,Agent L
LS-10955,2026-05-04 03:28,owner,Agent E,Agent G
LS-15042,2026-05-04 03:36,group,Frontline UK,Payroll Team
LS-14011,2026-05-04 03:44,status,Open,Solved
LS-11348,2026-05-04 03:58,status,Open,Solved
LS-14435,2026-05-04 04:19,group,Frontline UK,Product Specialists
LS-12104,2026-05-04 05:41,status,Open,Solved
LS-13934,2026-05-04 07:27,owner,Agent O,Agent H
LS-10186,2026-05-04 08:13,status,Open,Solved
LS-12714,2026-05-04 09:46,status,Open,Solved
LS-15042,2026-05-04 10:58,owner,Agent C,Agent S
LS-11900,2026-05-04 11:08,group,Frontline UK,Engineering
LS-13350,2026-05-04 13:10,owner,Agent A,Agent D
LS-11699,2026-05-04 13:17,group,Frontline UK,Payroll Team
LS-12374,2026-05-04 14:14,status,Open,Solved
LS-11165,2026-05-04 15:16,owner,Agent P,Agent T
LS-14243,2026-05-04 18:06,owner,Agent V,Agent O
LS-15042,2026-05-04 18:20,status,Open,Solved
LS-13257,2026-05-04 18:55,group,Frontline UK,Engineering
LS-13934,2026-05-04 19:15,status,Open,Solved
LS-13113,2026-05-04 20:14,owner,Agent O,Agent V
LS-13245,2026-05-04 20:32,status,Open,Solved
LS-11699,2026-05-04 20:36,owner,Agent S,Agent F
LS-13209,2026-05-04 21:54,owner,Agent M,Agent D
LS-13410,2026-05-04 22:33,status,Open,Solved
LS-13641,2026-05-05 00:27,owner,Agent H,Agent R
LS-11900,2026-05-05 00:41,owner,Agent C,Agent M
LS-11499,2026-05-05 02:14,group,Frontline IE,Engineering
LS-14435,2026-05-05 03:25,owner,Agent D,Agent A
LS-11699,2026-05-05 03:55,owner,Agent F,Agent G
LS-11225,2026-05-05 04:05,owner,Agent M,Agent U
LS-12435,2026-05-05 04:29,status,Open,Solved
LS-12894,2026-05-05 05:36,status,Open,Solved
LS-11713,2026-05-05 06:09,owner,Agent J,Agent B
LS-12547,2026-05-05 06:50,status,Open,Solved
LS-12470,2026-05-05 07:22,status,Open,Solved
LS-10654,2026-05-05 07:27,group,Frontline IE,Engineering
LS-11655,2026-05-05 08:27,owner,Agent V,Agent G
LS-11699,2026-05-05 11:14,status,Open,Solved
LS-13422,2026-05-05 13:51,owner,Agent K,Agent H
LS-11900,2026-05-05 14:14,owner,Agent M,Agent U
LS-10305,2026-05-05 15:45,status,Open,Solved
LS-10565,2026-05-05 15:48,group,Frontline IE,Engineering
LS-10833,2026-05-05 16:04,owner,Agent K,Agent Q
LS-12841,2026-05-05 16:29,owner,Agent L,Agent F
LS-10955,2026-05-05 16:46,owner,Agent G,Agent U
LS-12027,2026-05-05 17:03,owner,Agent D,Agent G
LS-12555,2026-05-05 19:56,status,Open,Solved
LS-10583,2026-05-05 21:55,group,Frontline UK,Engineering
LS-11165,2026-05-05 22:32,owner,Agent T,Agent Q
LS-13113,2026-05-05 23:11,status,Open,Solved
LS-10752,2026-05-06 00:17,status,Open,Solved
LS-14435,2026-05-06 02:31,status,Open,Solved
LS-13115,2026-05-06 02:41,owner,Agent S,Agent F
LS-13641,2026-05-06 02:43,status,Open,Solved
LS-13257,2026-05-06 03:00,owner,Agent S,Agent U
LS-11900,2026-05-06 03:47,status,Open,Solved
LS-13488,2026-05-06 04:17,status,Open,Solved
LS-14916,2026-05-06 05:06,status,Open,Solved
LS-10784,2026-05-06 06:19,owner,Agent B,Agent U
LS-11499,2026-05-06 07:37,owner,Agent T,Agent K
LS-13640,2026-05-06 10:05,owner,Agent P,Agent I
LS-13758,2026-05-06 13:10,status,Open,Solved
LS-11209,2026-05-06 13:48,status,Open,Solved
LS-12181,2026-05-06 14:03,group,Frontline IE,Engineering
LS-10822,2026-05-06 15:02,owner,Agent T,Agent H
LS-13558,2026-05-06 15:10,owner,Agent R,Agent F
LS-13201,2026-05-06 17:11,status,Open,Solved
LS-13933,2026-05-06 17:25,group,Frontline IE,Payroll Team
LS-12549,2026-05-06 18:18,group,Frontline UK,Engineering
LS-12852,2026-05-06 18:52,group,Frontline IE,Engineering
LS-10565,2026-05-06 20:09,owner,Agent M,Agent O
LS-10533,2026-05-06 20:12,owner,Agent G,Agent C
LS-13038,2026-05-06 20:14,group,Frontline UK,Payroll Team
LS-13933,2026-05-06 20:32,owner,Agent C,Agent U
LS-11609,2026-05-06 21:45,status,Open,Solved
LS-12048,2026-05-06 21:46,group,Frontline UK,Product Specialists
LS-11713,2026-05-06 22:36,owner,Agent B,Agent T
LS-13933,2026-05-06 23:39,status,Open,Solved
LS-15032,2026-05-07 01:02,status,Open,Solved
LS-10449,2026-05-07 01:10,group,Frontline UK,Engineering
LS-13038,2026-05-07 02:29,owner,Agent T,Agent I
LS-10879,2026-05-07 04:26,owner,Agent L,Agent S
LS-11165,2026-05-07 05:47,status,Open,Solved
LS-10955,2026-05-07 06:05,owner,Agent U,Agent O
LS-10250,2026-05-07 07:32,status,Open,Solved
LS-14517,2026-05-07 07:47,group,Frontline UK,Payroll Team
LS-13288,2026-05-07 08:00,status,Open,Solved
LS-13038,2026-05-07 08:44,status,Open,Solved
LS-10145,2026-05-07 09:35,group,Frontline IE,Engineering
LS-12813,2026-05-07 10:27,owner,Agent G,Agent V
LS-12852,2026-05-07 10:53,owner,Agent D,Agent P
LS-13257,2026-05-07 11:05,owner,Agent U,Agent K
LS-15052,2026-05-07 11:16,group,Frontline IE,Product Specialists
LS-12048,2026-05-07 11:42,owner,Agent O,Agent U
LS-11959,2026-05-07 11:49,status,Open,Solved
LS-12182,2026-05-07 11:49,status,Open,Solved
LS-11655,2026-05-07 12:57,owner,Agent G,Agent I
LS-11499,2026-05-07 13:00,owner,Agent K,Agent N
LS-14869,2026-05-07 13:54,group,Frontline IE,Payroll Team
LS-10583,2026-05-07 14:01,owner,Agent O,Agent C
LS-11748,2026-05-07 14:09,status,Open,Solved
LS-11225,2026-05-07 14:42,status,Open,Solved
LS-13361,2026-05-07 15:03,status,Open,Solved
LS-13126,2026-05-07 15:37,status,Open,Solved
LS-12327,2026-05-07 17:27,group,Frontline UK,Product Specialists
LS-14697,2026-05-07 18:03,status,Open,Solved
LS-13763,2026-05-07 22:48,group,Frontline UK,Product Specialists
LS-14837,2026-05-07 23:40,group,Frontline UK,Engineering
LS-10565,2026-05-08 00:30,status,Open,Solved
LS-12048,2026-05-08 01:38,owner,Agent U,Agent Q
LS-12852,2026-05-08 02:53,status,Open,Solved
LS-12327,2026-05-08 03:47,owner,Agent K,Agent S
LS-13209,2026-05-08 04:59,owner,Agent D,Agent K
LS-14517,2026-05-08 07:37,owner,Agent P,Agent J
LS-11701,2026-05-08 08:31,status,Open,Solved
LS-12827,2026-05-08 10:19,status,Open,Solved
LS-10984,2026-05-08 11:17,owner,Agent J,Agent V
LS-13606,2026-05-08 11:52,group,Frontline UK,Engineering
LS-11608,2026-05-08 12:05,owner,Agent F,Agent J
LS-11591,2026-05-08 12:09,status,Open,Solved
LS-12841,2026-05-08 13:00,status,Open,Solved
LS-12327,2026-05-08 14:07,status,Open,Solved
LS-12181,2026-05-08 14:37,owner,Agent G,Agent E
LS-11713,2026-05-08 15:02,owner,Agent T,Agent Q
LS-12048,2026-05-08 15:34,owner,Agent Q,Agent E
LS-13640,2026-05-08 16:52,owner,Agent I,Agent O
LS-11499,2026-05-08 18:23,status,Open,Solved
LS-13257,2026-05-08 19:10,status,Open,Solved
LS-10145,2026-05-08 19:18,owner,Agent J,Agent R
LS-10955,2026-05-08 19:23,status,Open,Solved
LS-11653,2026-05-08 19:24,group,Frontline UK,Engineering
LS-13763,2026-05-08 20:37,owner,Agent D,Agent Q
LS-14816,2026-05-08 22:33,group,Frontline IE,Product Specialists
LS-11488,2026-05-08 22:51,group,Frontline UK,Engineering
LS-14816,2026-05-09 00:00,owner,Agent H,Agent K
LS-13287,2026-05-09 00:21,group,Frontline UK,Product Specialists
LS-14744,2026-05-09 00:43,group,Frontline IE,Payroll Team
LS-13977,2026-05-09 01:11,group,Frontline UK,Payroll Team
LS-14816,2026-05-09 01:26,status,Open,Solved
LS-11417,2026-05-09 02:13,group,Frontline UK,Product Specialists
LS-13278,2026-05-09 02:55,owner,Agent L,Agent E
LS-13115,2026-05-09 03:31,status,Open,Solved
LS-10529,2026-05-09 04:07,status,Open,Solved
LS-14837,2026-05-09 05:06,owner,Agent U,Agent N
LS-12048,2026-05-09 05:30,owner,Agent E,Agent J
LS-10583,2026-05-09 06:07,status,Open,Solved
LS-14517,2026-05-09 07:26,status,Open,Solved
LS-14457,2026-05-09 07:35,status,Open,Solved
LS-14869,2026-05-09 08:23,owner,Agent G,Agent Q
LS-12815,2026-05-09 09:18,status,Open,Solved
LS-11430,2026-05-09 10:36,group,Frontline UK,Engineering
LS-11535,2026-05-09 12:48,group,Frontline IE,Engineering
LS-13616,2026-05-09 13:44,owner,Agent A,Agent N
LS-12549,2026-05-09 14:17,owner,Agent E,Agent M
LS-15052,2026-05-09 16:00,owner,Agent B,Agent L
LS-13698,2026-05-09 17:02,status,Open,Solved
LS-12290,2026-05-09 17:15,status,Open,Solved
LS-11655,2026-05-09 17:28,owner,Agent I,Agent S
LS-14305,2026-05-09 17:52,group,Frontline IE,Product Specialists
LS-13763,2026-05-09 18:26,status,Open,Solved
LS-12048,2026-05-09 19:26,owner,Agent J,Agent G
LS-10246,2026-05-09 20:44,owner,Agent I,Agent D
LS-13296,2026-05-09 21:37,status,Open,Solved
LS-10355,2026-05-09 22:39,group,Frontline UK,Payroll Team
LS-14305,2026-05-09 22:47,owner,Agent V,Agent B
LS-10006,2026-05-09 23:03,status,Open,Solved
LS-14112,2026-05-10 01:04,group,Frontline UK,Engineering
LS-14243,2026-05-10 01:35,status,Open,Solved
LS-12653,2026-05-10 03:24,group,Frontline UK,Product Specialists
LS-14305,2026-05-10 03:41,status,Open,Solved
LS-10145,2026-05-10 05:02,status,Open,Solved
LS-11713,2026-05-10 07:29,status,Open,Solved
LS-12653,2026-05-10 07:34,owner,Agent T,Agent N
LS-14112,2026-05-10 07:51,owner,Agent A,Agent I
LS-10966,2026-05-10 08:05,group,Frontline UK,Engineering
LS-12048,2026-05-10 09:22,status,Open,Solved
LS-11257,2026-05-10 09:40,group,Frontline UK,Engineering
LS-13057,2026-05-10 10:12,group,Frontline UK,Product Specialists
LS-13350,2026-05-10 10:14,owner,Agent D,Agent R
LS-14837,2026-05-10 10:32,status,Open,Solved
LS-13513,2026-05-10 11:40,group,Frontline UK,Engineering
LS-12653,2026-05-10 11:45,owner,Agent N,Agent J
LS-13057,2026-05-10 13:22,owner,Agent V,Agent I
LS-10846,2026-05-10 13:40,status,Open,Solved
LS-11152,2026-05-10 14:26,group,Frontline UK,Engineering
LS-14112,2026-05-10 14:38,status,Open,Solved
LS-12181,2026-05-10 15:12,owner,Agent E,Agent S
LS-10617,2026-05-10 15:22,status,Open,Solved
LS-12653,2026-05-10 15:55,status,Open,Solved
LS-11430,2026-05-10 16:04,owner,Agent R,Agent P
LS-13057,2026-05-10 16:32,status,Open,Solved
LS-15030,2026-05-10 16:42,group,Frontline IE,Payroll Team
LS-10449,2026-05-10 17:58,owner,Agent B,Agent C
LS-10966,2026-05-10 19:58,owner,Agent E,Agent I
LS-10281,2026-05-10 20:45,owner,Agent P,Agent A
LS-11687,2026-05-10 22:40,owner,Agent C,Agent B
LS-13640,2026-05-10 23:39,status,Open,Solved
LS-11653,2026-05-11 01:29,owner,Agent B,Agent K
LS-14183,2026-05-11 02:11,group,Frontline UK,Payroll Team
LS-13725,2026-05-11 02:40,status,Open,Solved
LS-14869,2026-05-11 02:51,owner,Agent Q,Agent K
LS-13287,2026-05-11 04:01,owner,Agent P,Agent T
LS-12094,2026-05-11 04:05,group,Frontline UK,Product Specialists
LS-13977,2026-05-11 04:50,owner,Agent N,Agent G
LS-13563,2026-05-11 05:41,group,Frontline UK,Product Specialists
LS-11697,2026-05-11 06:49,group,Frontline UK,Product Specialists
LS-14699,2026-05-11 07:09,status,Open,Solved
LS-10966,2026-05-11 07:50,status,Open,Solved
LS-10804,2026-05-11 08:31,status,Open,Solved
LS-14183,2026-05-11 08:33,owner,Agent I,Agent V
LS-10833,2026-05-11 11:19,status,Open,Solved
LS-13224,2026-05-11 11:25,status,Open,Solved
LS-13209,2026-05-11 12:04,status,Open,Solved
LS-10704,2026-05-11 12:10,status,Open,Solved
LS-13322,2026-05-11 13:52,status,Open,Solved
LS-10355,2026-05-11 14:05,owner,Agent V,Agent Q
LS-11908,2026-05-11 14:06,status,Open,Solved
LS-12767,2026-05-11 14:16,group,Frontline UK,Engineering
LS-14183,2026-05-11 14:55,status,Open,Solved
LS-14288,2026-05-11 15:03,status,Open,Solved
LS-14668,2026-05-11 15:37,group,Frontline UK,Payroll Team
LS-11082,2026-05-11 15:52,group,Frontline IE,Product Specialists
LS-15030,2026-05-11 15:59,owner,Agent L,Agent E
LS-13563,2026-05-11 18:34,owner,Agent G,Agent I
LS-14706,2026-05-11 19:03,group,Frontline UK,Product Specialists
LS-11697,2026-05-11 19:55,owner,Agent S,Agent Q
LS-14412,2026-05-11 19:57,status,Open,Solved
LS-10786,2026-05-11 20:04,group,Frontline UK,Product Specialists
LS-15052,2026-05-11 20:44,status,Open,Solved
LS-14885,2026-05-11 21:05,group,Frontline IE,Product Specialists
LS-11430,2026-05-11 21:32,status,Open,Solved
LS-11493,2026-05-11 21:48,group,Frontline UK,Payroll Team
LS-11655,2026-05-11 21:58,status,Open,Solved
LS-10270,2026-05-11 22:43,status,Open,Solved
LS-12527,2026-05-11 23:02,group,Frontline UK,Engineering
LS-10654,2026-05-11 23:10,owner,Agent D,Agent J
LS-13513,2026-05-11 23:33,owner,Agent U,Agent H
LS-11250,2026-05-11 23:52,group,Frontline UK,Product Specialists
LS-14639,2026-05-11 23:54,group,Frontline IE,Engineering
LS-10879,2026-05-12 01:30,status,Open,Solved
LS-12767,2026-05-12 01:30,owner,Agent L,Agent K
LS-11250,2026-05-12 01:32,owner,Agent R,Agent E
LS-11417,2026-05-12 01:56,owner,Agent G,Agent B
LS-11793,2026-05-12 01:58,group,Frontline UK,Engineering
LS-13194,2026-05-12 02:45,group,Frontline IE,Payroll Team
LS-10786,2026-05-12 03:07,owner,Agent K,Agent J
LS-11250,2026-05-12 03:11,status,Open,Solved
LS-11535,2026-05-12 04:05,owner,Agent P,Agent I
LS-13807,2026-05-12 05:43,owner,Agent E,Agent P
LS-13563,2026-05-12 07:27,owner,Agent I,Agent A
LS-14668,2026-05-12 08:08,owner,Agent J,Agent N
LS-11697,2026-05-12 09:01,status,Open,Solved
LS-13147,2026-05-12 09:24,group,Frontline IE,Engineering
LS-14744,2026-05-12 10:00,owner,Agent D,Agent J
LS-10786,2026-05-12 10:11,status,Open,Solved
LS-12549,2026-05-12 10:16,status,Open,Solved
LS-10973,2026-05-12 10:40,status,Open,Solved
LS-12527,2026-05-12 11:13,owner,Agent C,Agent E
LS-11082,2026-05-12 11:56,owner,Agent U,Agent R
LS-12143,2026-05-12 11:56,status,Open,Solved
LS-12557,2026-05-12 12:18,owner,Agent J,Agent Q
LS-10822,2026-05-12 12:30,owner,Agent H,Agent C
LS-12767,2026-05-12 12:44,status,Open,Solved
LS-14885,2026-05-12 13:37,owner,Agent N,Agent V
LS-12005,2026-05-12 13:47,group,Frontline UK,Engineering
LS-13782,2026-05-12 14:12,status,Open,Solved
LS-15030,2026-05-12 15:16,status,Open,Solved
LS-14008,2026-05-12 15:42,status,Open,Solved
LS-12181,2026-05-12 15:46,status,Open,Solved
LS-14253,2026-05-12 18:08,group,Frontline UK,Product Specialists
LS-14239,2026-05-12 19:40,group,Frontline UK,Product Specialists
LS-13563,2026-05-12 20:20,status,Open,Solved
LS-14869,2026-05-12 21:20,status,Open,Solved
LS-11378,2026-05-12 21:52,group,Frontline UK,Payroll Team
LS-11608,2026-05-12 23:09,status,Open,Solved
LS-12527,2026-05-12 23:24,owner,Agent E,Agent G
LS-10648,2026-05-12 23:29,group,Frontline UK,Engineering
LS-14239,2026-05-12 23:37,owner,Agent V,Agent F
LS-14668,2026-05-13 00:39,status,Open,Solved
LS-14639,2026-05-13 02:21,owner,Agent F,Agent P
LS-14239,2026-05-13 03:35,status,Open,Solved
LS-14153,2026-05-13 03:48,status,Open,Solved
LS-12212,2026-05-13 05:16,owner,Agent C,Agent G
LS-10355,2026-05-13 05:31,owner,Agent Q,Agent J
LS-13049,2026-05-13 05:50,group,Frontline UK,Payroll Team
LS-14885,2026-05-13 06:08,status,Open,Solved
LS-11254,2026-05-13 06:15,owner,Agent N,Agent C
LS-12649,2026-05-13 06:37,owner,Agent T,Agent B
LS-10273,2026-05-13 07:12,owner,Agent C,Agent T
LS-14013,2026-05-13 07:16,group,Frontline UK,Engineering
LS-13194,2026-05-13 07:19,owner,Agent K,Agent J
LS-11653,2026-05-13 07:34,owner,Agent K,Agent L
LS-13287,2026-05-13 07:41,status,Open,Solved
LS-11082,2026-05-13 08:01,status,Open,Solved
LS-13977,2026-05-13 08:30,status,Open,Solved
LS-14706,2026-05-13 10:06,owner,Agent C,Agent T
LS-14253,2026-05-13 10:11,owner,Agent O,Agent I
LS-14251,2026-05-13 10:41,status,Open,Solved
LS-13513,2026-05-13 11:26,owner,Agent H,Agent M
LS-12527,2026-05-13 11:35,status,Open,Solved
LS-11488,2026-05-13 11:42,owner,Agent P,Agent E
LS-12947,2026-05-13 13:37,status,Open,Solved
LS-14976,2026-05-13 13:40,owner,Agent O,Agent B
LS-13360,2026-05-13 14:21,group,Frontline UK,Payroll Team
LS-10533,2026-05-13 15:05,status,Open,Solved
LS-11680,2026-05-13 16:45,owner,Agent V,Agent C
LS-11012,2026-05-13 16:55,group,Frontline IE,Product Specialists
LS-12094,2026-05-13 18:02,owner,Agent G,Agent Q
LS-13677,2026-05-13 18:06,status,Open,Solved
LS-13049,2026-05-13 18:07,owner,Agent K,Agent C
LS-11012,2026-05-13 18:59,owner,Agent M,Agent E
LS-11793,2026-05-13 19:36,owner,Agent G,Agent V
LS-14129,2026-05-13 20:06,group,Frontline UK,Product Specialists
LS-11012,2026-05-13 21:03,status,Open,Solved
LS-13360,2026-05-13 21:16,owner,Agent K,Agent V
LS-12005,2026-05-13 21:29,owner,Agent P,Agent K
LS-10548,2026-05-13 21:44,status,Open,Solved
LS-11971,2026-05-13 22:06,group,Frontline UK,Engineering
LS-13581,2026-05-13 22:13,status,Open,Solved
LS-11015,2026-05-13 22:31,status,Open,Solved
LS-10648,2026-05-13 23:22,owner,Agent E,Agent G
LS-10335,2026-05-13 23:49,owner,Agent N,Agent D
LS-14129,2026-05-14 00:04,owner,Agent M,Agent L
LS-11631,2026-05-14 00:17,group,Frontline UK,Payroll Team
LS-13284,2026-05-14 00:41,group,Frontline IE,Product Specialists
LS-14253,2026-05-14 02:15,status,Open,Solved
LS-12091,2026-05-14 02:41,status,Open,Solved
LS-14129,2026-05-14 04:03,status,Open,Solved
LS-13360,2026-05-14 04:10,status,Open,Solved
LS-14870,2026-05-14 04:14,group,Frontline UK,Engineering
LS-11631,2026-05-14 04:41,owner,Agent M,Agent V
LS-14639,2026-05-14 04:47,status,Open,Solved
LS-14013,2026-05-14 04:54,owner,Agent B,Agent D
LS-11378,2026-05-14 05:25,owner,Agent K,Agent R
LS-13049,2026-05-14 06:24,owner,Agent C,Agent M
LS-11569,2026-05-14 06:40,status,Open,Solved
LS-10175,2026-05-14 08:37,status,Open,Solved
LS-11631,2026-05-14 09:04,status,Open,Solved
LS-11689,2026-05-14 10:31,group,Frontline UK,Engineering
LS-10449,2026-05-14 10:46,owner,Agent C,Agent L
LS-13194,2026-05-14 11:54,owner,Agent J,Agent O
LS-12027,2026-05-14 12:19,owner,Agent G,Agent B
LS-14199,2026-05-14 12:28,status,Open,Solved
LS-10425,2026-05-14 14:12,status,Open,Solved
LS-11689,2026-05-14 15:34,owner,Agent C,Agent O
LS-11325,2026-05-14 18:11,status,Open,Solved
LS-13049,2026-05-14 18:40,status,Open,Solved
LS-11535,2026-05-14 19:22,owner,Agent I,Agent R
LS-10784,2026-05-14 20:03,owner,Agent U,Agent Q
LS-11689,2026-05-14 20:36,status,Open,Solved
LS-10355,2026-05-14 20:57,status,Open,Solved
LS-11938,2026-05-14 21:01,group,Frontline UK,Engineering
LS-11438,2026-05-14 21:10,group,Frontline IE,Engineering
LS-14446,2026-05-14 21:13,owner,Agent K,Agent T
LS-14040,2026-05-14 21:45,status,Open,Solved
LS-14066,2026-05-14 21:48,owner,Agent J,Agent H
LS-13829,2026-05-14 22:27,status,Open,Solved
LS-10648,2026-05-14 23:15,owner,Agent G,Agent P
LS-13513,2026-05-14 23:19,owner,Agent M,Agent P
LS-14706,2026-05-15 01:09,status,Open,Solved
LS-11417,2026-05-15 01:39,owner,Agent B,Agent R
LS-14013,2026-05-15 02:32,status,Open,Solved
LS-10460,2026-05-15 02:37,status,Open,Solved
LS-12005,2026-05-15 05:10,status,Open,Solved
LS-10775,2026-05-15 06:16,status,Open,Solved
LS-12231,2026-05-15 06:29,status,Open,Solved
LS-10412,2026-05-15 06:56,group,Frontline UK,Engineering
LS-13262,2026-05-15 08:42,status,Open,Solved
LS-12475,2026-05-15 11:39,status,Open,Solved
LS-11378,2026-05-15 12:58,owner,Agent R,Agent O
LS-11793,2026-05-15 13:14,owner,Agent V,Agent Q
LS-12702,2026-05-15 13:16,group,Frontline UK,Product Specialists
LS-11653,2026-05-15 13:39,owner,Agent L,Agent D
LS-12627,2026-05-15 14:28,group,Frontline UK,Engineering
LS-10521,2026-05-15 15:04,group,Frontline UK,Payroll Team
LS-12702,2026-05-15 15:19,owner,Agent H,Agent K
LS-12474,2026-05-15 15:41,status,Open,Solved
LS-13194,2026-05-15 16:28,status,Open,Solved
LS-11615,2026-05-15 17:11,owner,Agent L,Agent N
LS-13422,2026-05-15 17:12,status,Open,Solved
LS-12702,2026-05-15 17:22,status,Open,Solved
LS-14058,2026-05-15 17:43,group,Frontline UK,Engineering
LS-11102,2026-05-15 17:55,group,Frontline UK,Product Specialists
LS-11971,2026-05-15 18:08,owner,Agent J,Agent Q
LS-14811,2026-05-15 19:14,status,Open,Solved
LS-14744,2026-05-15 19:16,owner,Agent J,Agent V
LS-10517,2026-05-15 20:15,group,Frontline UK,Engineering
LS-10648,2026-05-15 23:08,status,Open,Solved
LS-12627,2026-05-15 23:25,owner,Agent U,Agent T
LS-10461,2026-05-15 23:45,group,Frontline UK,Engineering
LS-11623,2026-05-16 01:06,status,Open,Solved
LS-10521,2026-05-16 01:08,owner,Agent B,Agent A
LS-10940,2026-05-16 02:43,group,Frontline UK,Product Specialists
LS-10517,2026-05-16 02:45,owner,Agent E,Agent F
LS-11102,2026-05-16 04:26,owner,Agent A,Agent H
LS-10569,2026-05-16 04:35,group,Frontline IE,Payroll Team
LS-10473,2026-05-16 06:14,group,Frontline UK,Engineering
LS-13350,2026-05-16 07:17,status,Open,Solved
LS-12094,2026-05-16 07:59,owner,Agent Q,Agent C
LS-12627,2026-05-16 08:22,status,Open,Solved
LS-10517,2026-05-16 09:15,status,Open,Solved
LS-11493,2026-05-16 10:36,owner,Agent K,Agent G
LS-10521,2026-05-16 11:11,status,Open,Solved
LS-13513,2026-05-16 11:12,status,Open,Solved
LS-12836,2026-05-16 14:12,group,Frontline UK,Payroll Team
LS-13236,2026-05-16 14:50,group,Frontline UK,Product Specialists
LS-11102,2026-05-16 14:58,status,Open,Solved
LS-15041,2026-05-16 15:03,status,Open,Solved
LS-12836,2026-05-16 16:35,owner,Agent D,Agent R
LS-10569,2026-05-16 17:21,owner,Agent E,Agent B
LS-12836,2026-05-16 18:58,status,Open,Solved
LS-11378,2026-05-16 20:31,status,Open,Solved
LS-13411,2026-05-16 22:25,status,Open,Solved
LS-11519,2026-05-16 22:31,owner,Agent F,Agent A
LS-13558,2026-05-16 23:48,owner,Agent F,Agent Q
LS-12907,2026-05-17 00:29,status,Open,Solved
LS-11438,2026-05-17 02:41,owner,Agent M,Agent B
LS-12064,2026-05-17 04:49,owner,Agent R,Agent E
LS-10569,2026-05-17 06:07,status,Open,Solved
LS-14670,2026-05-17 06:26,status,Open,Solved
LS-11793,2026-05-17 06:52,status,Open,Solved
LS-10136,2026-05-17 07:39,status,Open,Solved
LS-13500,2026-05-17 09:50,group,Frontline UK,Payroll Team
LS-11535,2026-05-17 10:40,status,Open,Solved
LS-13908,2026-05-17 11:40,status,Open,Solved
LS-11424,2026-05-17 12:16,status,Open,Solved
LS-11971,2026-05-17 14:11,owner,Agent Q,Agent M
LS-10622,2026-05-17 16:12,status,Open,Solved
LS-11653,2026-05-17 19:44,status,Open,Solved
LS-11152,2026-05-17 22:08,owner,Agent F,Agent J
LS-10397,2026-05-17 22:40,status,Open,Solved
LS-12497,2026-05-17 22:40,group,Frontline IE,Engineering
LS-12834,2026-05-17 22:43,group,Frontline UK,Payroll Team
LS-12904,2026-05-17 23:27,group,Frontline UK,Engineering
LS-11488,2026-05-18 00:33,status,Open,Solved
LS-11417,2026-05-18 01:22,owner,Agent R,Agent D
LS-12222,2026-05-18 02:42,group,Frontline UK,Payroll Team
LS-10449,2026-05-18 03:34,status,Open,Solved
LS-12961,2026-05-18 05:18,group,Frontline UK,Payroll Team
LS-12222,2026-05-18 05:47,owner,Agent P,Agent T
LS-12222,2026-05-18 08:52,owner,Agent T,Agent N
LS-11356,2026-05-18 08:56,group,Frontline UK,Payroll Team
LS-10822,2026-05-18 09:57,owner,Agent C,Agent S
LS-12497,2026-05-18 10:30,owner,Agent B,Agent I
LS-12552,2026-05-18 11:30,group,Frontline UK,Engineering
LS-12222,2026-05-18 11:58,status,Open,Solved
LS-12834,2026-05-18 12:59,owner,Agent A,Agent N
LS-14152,2026-05-18 13:32,group,Frontline UK,Engineering
LS-10654,2026-05-18 14:53,owner,Agent J,Agent R
LS-11237,2026-05-18 14:59,group,Frontline UK,Payroll Team
LS-12961,2026-05-18 18:15,owner,Agent E,Agent H
LS-11307,2026-05-18 20:11,status,Open,Solved
LS-12094,2026-05-18 21:56,status,Open,Solved
LS-12497,2026-05-18 22:21,status,Open,Solved
LS-11356,2026-05-18 22:49,owner,Agent C,Agent T
LS-10105,2026-05-19 01:53,status,Open,Solved
LS-10246,2026-05-19 02:05,status,Open,Solved
LS-12834,2026-05-19 03:15,status,Open,Solved
LS-13412,2026-05-19 03:26,group,Frontline IE,Engineering
LS-13144,2026-05-19 03:49,status,Open,Solved
LS-12174,2026-05-19 04:28,owner,Agent Q,Agent J
LS-14744,2026-05-19 04:33,status,Open,Solved
LS-12971,2026-05-19 05:04,group,Frontline IE,Payroll Team
LS-12934,2026-05-19 05:35,group,Frontline UK,Engineering
LS-12961,2026-05-19 07:12,status,Open,Solved
LS-13147,2026-05-19 07:24,owner,Agent F,Agent V
LS-11438,2026-05-19 08:12,status,Open,Solved
LS-12780,2026-05-19 08:46,group,Frontline UK,Engineering
LS-10066,2026-05-19 09:00,owner,Agent M,Agent U
LS-12524,2026-05-19 10:06,status,Open,Solved
LS-11971,2026-05-19 10:13,status,Open,Solved
LS-12321,2026-05-19 10:22,group,Frontline UK,Product Specialists
LS-10302,2026-05-19 11:11,status,Open,Solved
LS-14061,2026-05-19 11:27,status,Open,Solved
LS-14987,2026-05-19 11:47,status,Open,Solved
LS-13010,2026-05-19 12:27,owner,Agent D,Agent E
LS-11356,2026-05-19 12:42,status,Open,Solved
LS-13971,2026-05-19 13:18,group,Frontline UK,Engineering
LS-11237,2026-05-19 18:59,owner,Agent B,Agent C
LS-14967,2026-05-19 20:45,group,Frontline UK,Engineering
LS-13484,2026-05-19 22:24,status,Open,Solved
LS-11597,2026-05-19 22:35,status,Open,Solved
LS-12321,2026-05-19 23:37,owner,Agent D,Agent F
LS-12065,2026-05-20 01:10,status,Open,Solved
LS-10146,2026-05-20 02:02,group,Frontline UK,Engineering
LS-13500,2026-05-20 02:24,owner,Agent M,Agent C
LS-11960,2026-05-20 06:01,group,Frontline UK,Product Specialists
LS-12202,2026-05-20 08:53,status,Open,Solved
LS-14058,2026-05-20 09:10,owner,Agent J,Agent E
LS-13914,2026-05-20 09:33,group,Frontline UK,Engineering
LS-14582,2026-05-20 10:05,group,Frontline UK,Engineering
LS-12751,2026-05-20 11:19,status,Open,Solved
LS-10390,2026-05-20 11:59,status,Open,Solved
LS-11675,2026-05-20 12:11,status,Open,Solved
LS-12321,2026-05-20 12:52,owner,Agent F,Agent T
LS-13971,2026-05-20 13:19,owner,Agent A,Agent B
LS-10419,2026-05-20 13:21,group,Frontline UK,Engineering
LS-10281,2026-05-20 13:36,owner,Agent A,Agent V
LS-11754,2026-05-20 15:39,status,Open,Solved
LS-13575,2026-05-20 16:51,status,Open,Solved
LS-13168,2026-05-20 17:56,status,Open,Solved
LS-13930,2026-05-20 20:14,status,Open,Solved
LS-12813,2026-05-20 20:56,owner,Agent V,Agent E
LS-14582,2026-05-20 21:44,owner,Agent N,Agent J
LS-11927,2026-05-20 22:39,group,Frontline IE,Payroll Team
LS-11237,2026-05-20 22:59,status,Open,Solved
LS-11493,2026-05-20 23:23,status,Open,Solved
LS-13807,2026-05-21 00:19,owner,Agent P,Agent K
LS-12448,2026-05-21 00:27,group,Frontline UK,Engineering
LS-11417,2026-05-21 01:05,owner,Agent D,Agent Q
LS-10146,2026-05-21 01:36,owner,Agent P,Agent D
LS-15035,2026-05-21 01:59,group,Frontline UK,Engineering
LS-12321,2026-05-21 02:07,status,Open,Solved
LS-11837,2026-05-21 02:08,status,Open,Solved
LS-13284,2026-05-21 03:16,owner,Agent E,Agent B
LS-12685,2026-05-21 03:31,status,Open,Solved
LS-13606,2026-05-21 03:50,owner,Agent P,Agent C
LS-10940,2026-05-21 04:23,owner,Agent M,Agent V
LS-12419,2026-05-21 05:23,status,Open,Solved
LS-14902,2026-05-21 05:32,group,Frontline IE,Product Specialists
LS-13748,2026-05-21 06:17,status,Open,Solved
LS-14928,2026-05-21 06:59,group,Frontline UK,Engineering
LS-14582,2026-05-21 09:23,status,Open,Solved
LS-12557,2026-05-21 09:24,status,Open,Solved
LS-14665,2026-05-21 11:09,group,Frontline UK,Engineering
LS-14902,2026-05-21 11:55,owner,Agent D,Agent V
LS-14152,2026-05-21 12:38,owner,Agent E,Agent I
LS-14611,2026-05-21 12:50,status,Open,Solved
LS-13971,2026-05-21 13:19,status,Open,Solved
LS-13236,2026-05-21 15:12,owner,Agent K,Agent L
LS-14407,2026-05-21 16:29,group,Frontline UK,Product Specialists
LS-14902,2026-05-21 18:18,status,Open,Solved
LS-13566,2026-05-21 18:42,group,Frontline UK,Product Specialists
LS-13566,2026-05-21 20:30,owner,Agent F,Agent T
LS-14531,2026-05-21 20:58,group,Frontline IE,Engineering
LS-13290,2026-05-21 21:22,group,Frontline UK,Engineering
LS-14665,2026-05-21 21:54,owner,Agent H,Agent A
LS-13566,2026-05-21 22:18,status,Open,Solved
LS-11687,2026-05-21 22:34,status,Open,Solved
LS-11824,2026-05-21 23:22,group,Frontline IE,Engineering
LS-14531,2026-05-22 00:23,owner,Agent E,Agent F
LS-14931,2026-05-22 01:00,group,Frontline UK,Engineering
LS-10146,2026-05-22 01:10,owner,Agent D,Agent T
LS-11411,2026-05-22 01:57,status,Open,Solved
LS-11671,2026-05-22 03:28,status,Open,Solved
LS-14531,2026-05-22 03:49,status,Open,Solved
LS-11605,2026-05-22 04:23,status,Open,Solved
LS-10412,2026-05-22 05:09,owner,Agent P,Agent M
LS-12450,2026-05-22 08:24,owner,Agent T,Agent B
LS-14665,2026-05-22 08:40,status,Open,Solved
LS-13494,2026-05-22 10:09,status,Open,Solved
LS-14931,2026-05-22 16:21,owner,Agent E,Agent P
LS-14407,2026-05-22 16:42,owner,Agent R,Agent I
LS-14136,2026-05-22 18:12,group,Frontline IE,Product Specialists
LS-14646,2026-05-22 18:23,group,Frontline UK,Product Specialists
LS-13412,2026-05-22 18:35,owner,Agent L,Agent E
LS-13500,2026-05-22 18:59,owner,Agent C,Agent U
LS-14136,2026-05-22 19:38,owner,Agent A,Agent O
LS-10461,2026-05-22 20:02,owner,Agent V,Agent D
LS-14136,2026-05-22 21:04,status,Open,Solved
LS-10146,2026-05-23 00:44,status,Open,Solved
LS-11135,2026-05-23 02:18,group,Frontline UK,Product Specialists
LS-14717,2026-05-23 02:59,status,Open,Solved
LS-11336,2026-05-23 04:32,status,Open,Solved
LS-11135,2026-05-23 05:51,owner,Agent K,Agent T
LS-13477,2026-05-23 06:08,status,Open,Solved
LS-13377,2026-05-23 07:06,group,Frontline IE,Payroll Team
LS-12027,2026-05-23 07:35,owner,Agent B,Agent E
LS-12731,2026-05-23 07:40,status,Open,Solved
LS-14931,2026-05-23 07:41,status,Open,Solved
LS-13616,2026-05-23 07:44,owner,Agent N,Agent I
LS-10041,2026-05-23 08:01,status,Open,Solved
LS-11700,2026-05-23 08:17,group,Frontline UK,Engineering
LS-11135,2026-05-23 09:24,owner,Agent T,Agent A
LS-10784,2026-05-23 09:46,status,Open,Solved
LS-12780,2026-05-23 10:37,owner,Agent N,Agent V
LS-11135,2026-05-23 12:57,status,Open,Solved
LS-12704,2026-05-23 15:04,status,Open,Solved
LS-14407,2026-05-23 16:54,status,Open,Solved
LS-10956,2026-05-23 19:47,status,Open,Solved
LS-12691,2026-05-23 20:32,group,Frontline IE,Payroll Team
LS-11827,2026-05-23 20:51,group,Frontline UK,Payroll Team
LS-13377,2026-05-23 21:16,owner,Agent J,Agent H
LS-11428,2026-05-23 21:23,status,Open,Solved
LS-10133,2026-05-23 21:55,status,Open,Solved
LS-11913,2026-05-23 23:34,status,Open,Solved
LS-13460,2026-05-24 00:07,group,Frontline UK,Product Specialists
LS-11417,2026-05-24 00:48,owner,Agent Q,Agent A
LS-12649,2026-05-24 02:21,owner,Agent B,Agent R
LS-12325,2026-05-24 03:00,group,Frontline UK,Payroll Team
LS-13509,2026-05-24 04:53,group,Frontline IE,Payroll Team
LS-11453,2026-05-24 04:55,status,Open,Solved
LS-11938,2026-05-24 06:20,owner,Agent Q,Agent G
LS-14898,2026-05-24 06:46,group,Frontline UK,Payroll Team
LS-10822,2026-05-24 07:25,status,Open,Solved
LS-13509,2026-05-24 08:18,owner,Agent E,Agent M
LS-13273,2026-05-24 09:26,group,Frontline IE,Engineering
LS-11582,2026-05-24 10:01,status,Open,Solved
LS-11876,2026-05-24 10:27,group,Frontline UK,Engineering
LS-13377,2026-05-24 11:26,owner,Agent H,Agent U
LS-11824,2026-05-24 11:28,owner,Agent O,Agent G
LS-13509,2026-05-24 11:43,status,Open,Solved
LS-14152,2026-05-24 11:45,status,Open,Solved
LS-11351,2026-05-24 12:07,status,Open,Solved
LS-12665,2026-05-24 14:01,group,Frontline UK,Product Specialists
LS-14810,2026-05-24 15:56,status,Open,Solved
LS-14898,2026-05-24 17:00,owner,Agent T,Agent H
LS-12552,2026-05-24 21:24,owner,Agent L,Agent F
LS-11013,2026-05-24 22:06,status,Open,Solved
LS-12325,2026-05-24 23:19,owner,Agent C,Agent K
LS-12665,2026-05-24 23:25,owner,Agent C,Agent P
LS-10596,2026-05-24 23:34,status,Open,Solved
LS-14058,2026-05-25 00:37,owner,Agent E,Agent O
LS-13377,2026-05-25 01:35,status,Open,Solved
LS-13216,2026-05-25 02:42,group,Frontline UK,Payroll Team
LS-14898,2026-05-25 03:13,owner,Agent H,Agent R
LS-11152,2026-05-25 05:50,owner,Agent J,Agent T
LS-14646,2026-05-25 05:52,owner,Agent G,Agent Q
LS-13216,2026-05-25 06:00,owner,Agent N,Agent G
LS-11389,2026-05-25 06:22,group,Frontline UK,Product Specialists
LS-10654,2026-05-25 06:37,status,Open,Solved
LS-10419,2026-05-25 07:45,owner,Agent U,Agent T
LS-14795,2026-05-25 08:14,status,Open,Solved
LS-12665,2026-05-25 08:49,status,Open,Solved
LS-13216,2026-05-25 09:18,owner,Agent G,Agent E
LS-14799,2026-05-25 10:17,status,Open,Solved
LS-13500,2026-05-25 11:33,status,Open,Solved
LS-13216,2026-05-25 12:36,owner,Agent E,Agent V
LS-14898,2026-05-25 13:27,status,Open,Solved
LS-12465,2026-05-25 14:30,status,Open,Solved
LS-12402,2026-05-25 15:10,status,Open,Solved
LS-13460,2026-05-25 15:18,owner,Agent V,Agent H
LS-12346,2026-05-25 15:32,status,Open,Solved
LS-13216,2026-05-25 15:55,status,Open,Solved
LS-11927,2026-05-25 16:45,owner,Agent U,Agent Q
LS-10004,2026-05-25 16:48,status,Open,Solved
LS-15035,2026-05-25 17:09,owner,Agent H,Agent R
LS-12325,2026-05-25 19:38,status,Open,Solved
LS-14967,2026-05-25 19:42,owner,Agent T,Agent H
LS-12971,2026-05-25 20:26,owner,Agent O,Agent M
LS-13482,2026-05-25 23:35,group,Frontline IE,Payroll Team
LS-11960,2026-05-25 23:56,owner,Agent J,Agent R
LS-12212,2026-05-26 03:07,owner,Agent G,Agent E
LS-11466,2026-05-26 03:46,group,Frontline IE,Product Specialists
LS-15043,2026-05-26 03:47,group,Frontline IE,Payroll Team
LS-12069,2026-05-26 04:51,status,Open,Solved
LS-12691,2026-05-26 05:12,owner,Agent R,Agent U
LS-13147,2026-05-26 05:23,owner,Agent V,Agent H
LS-15043,2026-05-26 05:31,owner,Agent N,Agent U
LS-11708,2026-05-26 05:36,group,Frontline IE,Product Specialists
LS-10940,2026-05-26 06:03,owner,Agent V,Agent L
LS-11389,2026-05-26 06:32,owner,Agent I,Agent U
LS-12860,2026-05-26 06:42,group,Frontline UK,Engineering
LS-14208,2026-05-26 07:05,status,Open,Solved
LS-15043,2026-05-26 07:15,status,Open,Solved
LS-11708,2026-05-26 09:02,owner,Agent R,Agent J
LS-11468,2026-05-26 09:24,group,Frontline UK,Engineering
LS-13278,2026-05-26 09:43,owner,Agent E,Agent K
LS-13412,2026-05-26 09:44,owner,Agent E,Agent U
LS-12448,2026-05-26 09:49,owner,Agent B,Agent J
LS-12628,2026-05-26 10:05,status,Open,Solved
LS-11708,2026-05-26 12:27,status,Open,Solved
LS-14921,2026-05-26 15:31,status,Open,Solved
LS-13236,2026-05-26 15:34,status,Open,Solved
LS-12283,2026-05-26 15:59,group,Frontline UK,Product Specialists
LS-12283,2026-05-26 17:39,owner,Agent N,Agent K
LS-10085,2026-05-26 17:43,group,Frontline UK,Payroll Team
LS-15031,2026-05-26 18:32,group,Frontline UK,Product Specialists
LS-12645,2026-05-26 18:57,status,Open,Solved
LS-12283,2026-05-26 19:20,status,Open,Solved
LS-12449,2026-05-26 19:34,status,Open,Solved
LS-12363,2026-05-26 19:40,status,Open,Solved
LS-11854,2026-05-26 19:42,owner,Agent I,Agent E
LS-12214,2026-05-26 19:54,status,Open,Solved
LS-12319,2026-05-26 20:34,group,Frontline IE,Engineering
LS-15031,2026-05-26 21:06,owner,Agent V,Agent T
LS-14592,2026-05-26 22:26,group,Frontline UK,Engineering
LS-12350,2026-05-26 22:55,group,Frontline UK,Engineering
LS-10085,2026-05-26 23:14,owner,Agent G,Agent D
LS-11824,2026-05-26 23:34,owner,Agent G,Agent J
LS-15031,2026-05-26 23:40,status,Open,Solved
LS-13779,2026-05-27 00:26,group,Frontline UK,Payroll Team
LS-11417,2026-05-27 00:31,status,Open,Solved
LS-11827,2026-05-27 00:49,owner,Agent L,Agent H
LS-13022,2026-05-27 03:26,group,Frontline UK,Product Specialists
LS-10085,2026-05-27 04:45,status,Open,Solved
LS-14066,2026-05-27 04:57,owner,Agent H,Agent N
LS-14285,2026-05-27 05:04,status,Open,Solved
LS-13009,2026-05-27 06:03,status,Open,Solved
LS-13460,2026-05-27 06:29,status,Open,Solved
LS-11389,2026-05-27 06:41,owner,Agent U,Agent G
LS-12904,2026-05-27 06:48,owner,Agent O,Agent H
LS-13558,2026-05-27 08:25,owner,Agent Q,Agent T
LS-11200,2026-05-27 08:49,group,Frontline UK,Engineering
LS-13482,2026-05-27 09:12,owner,Agent G,Agent E
LS-11680,2026-05-27 09:33,status,Open,Solved
LS-14925,2026-05-27 11:02,status,Open,Solved
LS-14446,2026-05-27 11:04,owner,Agent T,Agent O
LS-14374,2026-05-27 11:08,status,Open,Solved
LS-12780,2026-05-27 12:28,owner,Agent V,Agent B
LS-14592,2026-05-27 13:07,owner,Agent P,Agent R
LS-13779,2026-05-27 14:03,owner,Agent E,Agent B
LS-12896,2026-05-27 15:04,status,Open,Solved
LS-11201,2026-05-27 16:21,status,Open,Solved
LS-14646,2026-05-27 17:21,owner,Agent Q,Agent N
LS-10690,2026-05-27 17:22,group,Frontline IE,Engineering
LS-10626,2026-05-27 19:32,status,Open,Solved
LS-13609,2026-05-27 19:58,group,Frontline UK,Product Specialists
LS-14354,2026-05-27 20:07,status,Open,Solved
LS-11466,2026-05-27 20:18,owner,Agent E,Agent H
LS-11200,2026-05-27 22:18,owner,Agent E,Agent R
LS-13929,2026-05-27 23:03,status,Open,Solved
LS-10772,2026-05-27 23:21,group,Frontline UK,Payroll Team
LS-13609,2026-05-27 23:39,owner,Agent J,Agent C
LS-13909,2026-05-28 01:08,status,Open,Solved
LS-13609,2026-05-28 03:20,status,Open,Solved
LS-13022,2026-05-28 03:25,owner,Agent B,Agent F
LS-13779,2026-05-28 03:40,status,Open,Solved
LS-14592,2026-05-28 03:47,status,Open,Solved
LS-15001,2026-05-28 04:25,status,Open,Solved
LS-10772,2026-05-28 04:42,owner,Agent O,Agent N
LS-14117,2026-05-28 05:37,group,Frontline IE,Product Specialists
LS-13284,2026-05-28 05:51,owner,Agent B,Agent T
LS-11389,2026-05-28 06:51,status,Open,Solved
LS-10445,2026-05-28 07:36,group,Frontline UK,Product Specialists
LS-10684,2026-05-28 08:05,group,Frontline IE,Product Specialists
LS-11700,2026-05-28 08:07,owner,Agent E,Agent U
LS-10405,2026-05-28 09:52,group,Frontline UK,Engineering
LS-10772,2026-05-28 10:02,owner,Agent N,Agent C
LS-10984,2026-05-28 11:32,status,Open,Solved
LS-11200,2026-05-28 11:47,status,Open,Solved
LS-12691,2026-05-28 13:53,status,Open,Solved
LS-10467,2026-05-28 13:54,group,Frontline UK,Payroll Team
LS-10772,2026-05-28 15:23,status,Open,Solved
LS-13482,2026-05-28 18:48,owner,Agent E,Agent I
LS-15017,2026-05-28 20:23,status,Open,Solved
LS-13612,2026-05-29 00:56,group,Frontline UK,Engineering
LS-12416,2026-05-29 01:42,status,Open,Solved
LS-10467,2026-05-29 01:45,owner,Agent S,Agent F
LS-14928,2026-05-29 02:11,owner,Agent T,Agent J
LS-10364,2026-05-29 03:17,status,Open,Solved
LS-10412,2026-05-29 03:23,owner,Agent M,Agent C
LS-13022,2026-05-29 03:23,owner,Agent F,Agent A
LS-11398,2026-05-29 05:55,group,Frontline UK,Product Specialists
LS-13914,2026-05-29 06:18,owner,Agent K,Agent T
LS-12326,2026-05-29 07:48,status,Open,Solved
LS-13290,2026-05-29 07:58,owner,Agent T,Agent F
LS-11262,2026-05-29 08:20,group,Frontline UK,Payroll Team
LS-14614,2026-05-29 10:51,group,Frontline IE,Payroll Team
LS-13651,2026-05-29 10:55,status,Open,Solved
LS-11824,2026-05-29 11:41,status,Open,Solved
LS-11036,2026-05-29 12:17,status,Open,Solved
LS-11466,2026-05-29 12:50,owner,Agent H,Agent P
LS-10467,2026-05-29 13:36,status,Open,Solved
LS-13955,2026-05-29 15:03,status,Open,Solved
LS-12696,2026-05-29 15:54,status,Open,Solved
LS-14058,2026-05-29 16:04,status,Open,Solved
LS-10461,2026-05-29 16:18,owner,Agent D,Agent F
LS-12872,2026-05-29 18:36,group,Frontline UK,Payroll Team
LS-13807,2026-05-29 18:54,owner,Agent K,Agent A
LS-10337,2026-05-29 19:06,status,Open,Solved
LS-12952,2026-05-29 19:57,status,Open,Solved
LS-13412,2026-05-30 00:53,status,Open,Solved
LS-13425,2026-05-30 01:19,group,Frontline UK,Payroll Team
LS-10419,2026-05-30 02:10,owner,Agent T,Agent A
LS-12319,2026-05-30 02:41,owner,Agent Q,Agent L
LS-11262,2026-05-30 02:45,owner,Agent I,Agent J
LS-10020,2026-05-30 03:15,status,Open,Solved
LS-10690,2026-05-30 03:21,owner,Agent B,Agent U
LS-13022,2026-05-30 03:22,owner,Agent A,Agent J
LS-13482,2026-05-30 04:25,status,Open,Solved
LS-11827,2026-05-30 04:47,owner,Agent H,Agent V
LS-14646,2026-05-30 04:50,owner,Agent N,Agent H
LS-10774,2026-05-30 04:51,group,Frontline UK,Engineering
LS-11398,2026-05-30 05:09,owner,Agent Q,Agent O
LS-11399,2026-05-30 06:09,status,Open,Solved
LS-10281,2026-05-30 06:27,status,Open,Solved
LS-13425,2026-05-30 08:15,owner,Agent P,Agent A
LS-15035,2026-05-30 08:19,owner,Agent R,Agent E
LS-14118,2026-05-30 09:00,group,Frontline UK,Payroll Team
LS-12275,2026-05-30 09:12,status,Open,Solved
LS-14079,2026-05-30 10:00,group,Frontline IE,Engineering
LS-11927,2026-05-30 10:51,owner,Agent Q,Agent C
LS-11344,2026-05-30 11:52,status,Open,Solved
LS-12493,2026-05-30 13:26,status,Open,Solved
LS-12945,2026-05-30 13:29,status,Open,Solved
LS-12899,2026-05-30 13:37,status,Open,Solved
LS-12713,2026-05-30 15:10,status,Open,Solved
LS-13425,2026-05-30 15:11,status,Open,Solved
LS-11861,2026-05-30 15:20,status,Open,Solved
LS-14614,2026-05-30 15:38,owner,Agent V,Agent U
LS-14118,2026-05-30 16:55,owner,Agent K,Agent U
LS-12215,2026-05-30 17:22,group,Frontline UK,Engineering
LS-14069,2026-05-30 17:39,group,Frontline UK,Engineering
LS-11262,2026-05-30 21:10,status,Open,Solved
LS-14080,2026-05-30 21:16,status,Open,Solved
LS-12883,2026-05-30 23:07,status,Open,Solved
LS-14118,2026-05-31 00:50,owner,Agent U,Agent J
LS-14788,2026-05-31 01:00,group,Frontline UK,Product Specialists
LS-13022,2026-05-31 03:20,status,Open,Solved
LS-11321,2026-05-31 03:47,group,Frontline UK,Engineering
LS-12571,2026-05-31 03:48,group,Frontline UK,Engineering
LS-11398,2026-05-31 04:23,owner,Agent O,Agent B
LS-11858,2026-05-31 04:42,group,Frontline IE,Engineering
LS-11466,2026-05-31 05:22,owner,Agent P,Agent F
LS-14788,2026-05-31 06:12,owner,Agent O,Agent J
LS-10938,2026-05-31 06:46,group,Frontline IE,Engineering
LS-12552,2026-05-31 07:17,status,Open,Solved
LS-12872,2026-05-31 07:34,owner,Agent Q,Agent I
LS-10940,2026-05-31 07:43,status,Open,Solved
LS-14118,2026-05-31 08:45,owner,Agent J,Agent T
LS-14788,2026-05-31 11:24,status,Open,Solved
LS-11124,2026-05-31 13:31,group,Frontline UK,Product Specialists
LS-10445,2026-05-31 13:33,owner,Agent Q,Agent N
LS-12780,2026-05-31 14:19,status,Open,Solved
LS-10384,2026-05-31 15:11,group,Frontline UK,Engineering
LS-12571,2026-05-31 15:38,owner,Agent N,Agent S
LS-14118,2026-05-31 16:40,status,Open,Solved
LS-11124,2026-05-31 17:43,owner,Agent S,Agent I
LS-11960,2026-05-31 17:51,owner,Agent R,Agent A
LS-12934,2026-05-31 18:10,owner,Agent F,Agent K
LS-14967,2026-05-31 18:39,owner,Agent H,Agent P
LS-12448,2026-05-31 19:11,status,Open,Solved
LS-12897,2026-05-31 19:11,status,Open,Solved
LS-14477,2026-05-31 19:19,status,Open,Solved
LS-13841,2026-05-31 20:25,group,Frontline IE,Product Specialists
LS-14614,2026-05-31 20:25,status,Open,Solved
LS-14117,2026-05-31 20:50,owner,Agent L,Agent M
LS-10384,2026-05-31 21:06,owner,Agent U,Agent O
LS-11124,2026-05-31 21:55,owner,Agent I,Agent C
LS-14948,2026-05-31 22:48,status,Open,Solved
LS-10684,2026-05-31 23:40,owner,Agent H,Agent U
LS-10022,2026-06-01 01:35,status,Open,Solved
LS-14747,2026-06-01 02:01,status,Open,Solved
LS-11124,2026-06-01 02:06,owner,Agent C,Agent N
LS-14541,2026-06-01 02:45,status,Open,Solved
LS-12027,2026-06-01 02:51,status,Open,Solved
LS-10384,2026-06-01 03:01,status,Open,Solved
LS-12571,2026-06-01 03:28,status,Open,Solved
LS-11398,2026-06-01 03:37,status,Open,Solved
LS-11124,2026-06-01 06:18,owner,Agent N,Agent G
LS-13841,2026-06-01 06:46,owner,Agent N,Agent D
LS-12711,2026-06-01 06:57,status,Open,Solved
LS-10405,2026-06-01 07:06,owner,Agent O,Agent M
LS-12312,2026-06-01 07:16,group,Frontline UK,Engineering
LS-10273,2026-06-01 08:16,status,Open,Solved
LS-11124,2026-06-01 10:30,status,Open,Solved
LS-13253,2026-06-01 10:35,status,Open,Solved
LS-12971,2026-06-01 11:47,owner,Agent M,Agent U
LS-14513,2026-06-01 11:54,group,Frontline UK,Payroll Team
LS-14513,2026-06-01 13:00,owner,Agent T,Agent N
LS-10690,2026-06-01 13:20,status,Open,Solved
LS-11152,2026-06-01 13:32,status,Open,Solved
LS-14513,2026-06-01 14:06,status,Open,Solved
LS-12539,2026-06-01 14:12,group,Frontline UK,Payroll Team
LS-14760,2026-06-01 15:36,group,Frontline UK,Engineering
LS-10774,2026-06-01 16:20,owner,Agent H,Agent U
LS-14646,2026-06-01 16:20,status,Open,Solved
LS-13841,2026-06-01 17:07,status,Open,Solved
LS-11469,2026-06-01 17:33,status,Open,Solved
LS-12860,2026-06-01 19:04,owner,Agent B,Agent R
LS-12872,2026-06-01 20:32,owner,Agent I,Agent J
LS-14495,2026-06-01 21:44,status,Open,Solved
LS-11466,2026-06-01 21:54,status,Open,Solved
LS-13445,2026-06-01 22:48,group,Frontline UK,Engineering
LS-14760,2026-06-01 23:25,owner,Agent D,Agent E
LS-12215,2026-06-01 23:39,owner,Agent P,Agent E
LS-14890,2026-06-01 23:42,group,Frontline UK,Payroll Team
LS-10853,2026-06-02 00:14,group,Frontline IE,Product Specialists
LS-11257,2026-06-02 00:27,owner,Agent J,Agent G
LS-14870,2026-06-02 02:52,owner,Agent E,Agent Q
LS-14348,2026-06-02 03:21,status,Open,Solved
LS-13147,2026-06-02 03:23,status,Open,Solved
LS-10853,2026-06-02 04:20,owner,Agent B,Agent D
LS-11613,2026-06-02 06:34,status,Open,Solved
LS-14760,2026-06-02 07:14,status,Open,Solved
LS-12616,2026-06-02 07:48,status,Open,Solved
LS-14890,2026-06-02 07:54,owner,Agent P,Agent S
LS-11700,2026-06-02 07:57,owner,Agent U,Agent A
LS-10853,2026-06-02 08:26,status,Open,Solved
LS-11827,2026-06-02 08:45,status,Open,Solved
LS-12319,2026-06-02 08:48,owner,Agent L,Agent V
LS-13785,2026-06-02 09:06,group,Frontline UK,Engineering
LS-10788,2026-06-02 09:44,status,Open,Solved
LS-13376,2026-06-02 11:11,status,Open,Solved
LS-11820,2026-06-02 13:34,group,Frontline UK,Payroll Team
LS-10201,2026-06-02 13:57,group,Frontline UK,Product Specialists
LS-11938,2026-06-02 15:40,owner,Agent G,Agent C
LS-14890,2026-06-02 16:06,status,Open,Solved
LS-11889,2026-06-02 16:33,group,Frontline UK,Payroll Team
LS-14961,2026-06-02 16:57,group,Frontline UK,Payroll Team
LS-10201,2026-06-02 17:39,owner,Agent O,Agent F
LS-13606,2026-06-02 19:48,status,Open,Solved
LS-14773,2026-06-02 20:00,group,Frontline UK,Product Specialists
LS-10201,2026-06-02 21:22,status,Open,Solved
LS-11965,2026-06-02 22:55,group,Frontline UK,Engineering
LS-11789,2026-06-03 00:31,status,Open,Solved
LS-14961,2026-06-03 00:40,owner,Agent R,Agent E
LS-14598,2026-06-03 02:09,status,Open,Solved
LS-12312,2026-06-03 02:30,owner,Agent J,Agent Q
LS-10658,2026-06-03 02:31,group,Frontline IE,Engineering
LS-11296,2026-06-03 03:29,status,Open,Solved
LS-14139,2026-06-03 05:51,group,Frontline UK,Payroll Team
LS-13820,2026-06-03 06:30,status,Open,Solved
LS-12813,2026-06-03 07:24,status,Open,Solved
LS-14139,2026-06-03 08:12,owner,Agent H,Agent E
LS-14961,2026-06-03 08:23,owner,Agent E,Agent G
LS-12872,2026-06-03 09:29,status,Open,Solved
LS-10192,2026-06-03 10:16,group,Frontline UK,Product Specialists
LS-14139,2026-06-03 10:33,owner,Agent E,Agent K
LS-12340,2026-06-03 10:44,group,Frontline UK,Product Specialists
LS-14773,2026-06-03 11:54,owner,Agent Q,Agent B
LS-14139,2026-06-03 12:54,status,Open,Solved
LS-13170,2026-06-03 13:48,group,Frontline UK,Engineering
LS-10628,2026-06-03 15:26,group,Frontline UK,Payroll Team
LS-12174,2026-06-03 15:51,status,Open,Solved
LS-12655,2026-06-03 15:56,status,Open,Solved
LS-14961,2026-06-03 16:06,status,Open,Solved
LS-10445,2026-06-03 19:30,owner,Agent N,Agent L
LS-10810,2026-06-03 19:35,group,Frontline IE,Product Specialists
LS-11880,2026-06-03 19:51,group,Frontline UK,Product Specialists
LS-10419,2026-06-03 20:34,status,Open,Solved
LS-10628,2026-06-03 20:37,owner,Agent I,Agent B
LS-13010,2026-06-03 21:57,status,Open,Solved
LS-12649,2026-06-03 22:05,owner,Agent R,Agent A
LS-15035,2026-06-03 23:30,owner,Agent E,Agent T
LS-10628,2026-06-04 01:48,status,Open,Solved
LS-11787,2026-06-04 03:03,status,Open,Solved
LS-14773,2026-06-04 03:47,owner,Agent B,Agent K
LS-10774,2026-06-04 03:49,status,Open,Solved
LS-11927,2026-06-04 04:57,status,Open,Solved
LS-12058,2026-06-04 05:00,group,Frontline UK,Product Specialists
LS-12215,2026-06-04 05:55,status,Open,Solved
LS-10810,2026-06-04 06:10,owner,Agent U,Agent K
LS-11876,2026-06-04 07:01,owner,Agent B,Agent V
LS-13284,2026-06-04 08:26,status,Open,Solved
LS-10111,2026-06-04 10:35,status,Open,Solved
LS-14117,2026-06-04 12:02,status,Open,Solved
LS-10938,2026-06-04 12:12,owner,Agent G,Agent J
LS-11820,2026-06-04 12:38,owner,Agent R,Agent E
LS-14079,2026-06-04 12:42,owner,Agent L,Agent U
LS-12158,2026-06-04 13:47,status,Open,Solved
LS-12058,2026-06-04 14:02,owner,Agent G,Agent D
LS-11254,2026-06-04 14:12,owner,Agent C,Agent J
LS-10684,2026-06-04 15:16,owner,Agent U,Agent D
LS-11889,2026-06-04 15:54,owner,Agent B,Agent A
LS-10810,2026-06-04 16:45,status,Open,Solved
LS-10192,2026-06-04 17:37,owner,Agent R,Agent Q
LS-11880,2026-06-04 17:54,owner,Agent M,Agent O
LS-14773,2026-06-04 19:41,status,Open,Solved
LS-12312,2026-06-04 21:44,owner,Agent Q,Agent R
LS-12492,2026-06-04 22:03,group,Frontline UK,Payroll Team
LS-12058,2026-06-04 23:05,owner,Agent D,Agent A
LS-12350,2026-06-04 23:29,owner,Agent Q,Agent U
LS-12805,2026-06-04 23:30,group,Frontline UK,Payroll Team
LS-11163,2026-06-05 00:05,group,Frontline UK,Engineering
LS-13603,2026-06-05 01:22,group,Frontline UK,Product Specialists
LS-10412,2026-06-05 01:36,owner,Agent C,Agent L
LS-10335,2026-06-05 02:51,owner,Agent D,Agent S
LS-10405,2026-06-05 04:19,owner,Agent M,Agent B
LS-13567,2026-06-05 04:39,group,Frontline UK,Payroll Team
LS-13567,2026-06-05 06:34,owner,Agent O,Agent L
LS-13603,2026-06-05 06:38,owner,Agent J,Agent H
LS-13785,2026-06-05 06:42,owner,Agent N,Agent L
LS-12058,2026-06-05 08:07,status,Open,Solved
LS-13567,2026-06-05 08:29,status,Open,Solved
LS-14445,2026-06-05 09:32,status,Open,Solved
LS-10873,2026-06-05 10:16,group,Frontline IE,Product Specialists
LS-13603,2026-06-05 11:55,owner,Agent H,Agent O
LS-13447,2026-06-05 11:57,group,Frontline IE,Engineering
LS-10461,2026-06-05 12:35,status,Open,Solved
LS-11764,2026-06-05 13:52,group,Frontline UK,Product Specialists
LS-12904,2026-06-05 14:09,owner,Agent H,Agent P
LS-12319,2026-06-05 14:55,status,Open,Solved
LS-13343,2026-06-05 15:17,status,Open,Solved
LS-11880,2026-06-05 15:57,owner,Agent O,Agent Q
LS-13603,2026-06-05 17:11,status,Open,Solved
LS-12004,2026-06-05 17:55,status,Open,Solved
LS-10870,2026-06-05 18:09,group,Frontline UK,Engineering
LS-13290,2026-06-05 18:35,owner,Agent F,Agent A
LS-12805,2026-06-05 20:26,owner,Agent E,Agent R
LS-12349,2026-06-05 20:56,status,Open,Solved
LS-14928,2026-06-05 21:23,status,Open,Solved
LS-10192,2026-06-06 00:59,owner,Agent Q,Agent L
LS-13616,2026-06-06 01:44,status,Open,Solved
LS-13695,2026-06-06 02:51,group,Frontline IE,Payroll Team
LS-14190,2026-06-06 03:56,status,Open,Solved
LS-10570,2026-06-06 05:21,group,Frontline UK,Product Specialists
LS-13334,2026-06-06 05:49,status,Open,Solved
LS-10570,2026-06-06 07:20,owner,Agent G,Agent P
LS-10570,2026-06-06 09:19,status,Open,Solved
LS-12211,2026-06-06 10:43,status,Open,Solved
LS-10655,2026-06-06 10:55,group,Frontline UK,Engineering
LS-13447,2026-06-06 11:13,owner,Agent N,Agent V
LS-11820,2026-06-06 11:42,status,Open,Solved
LS-11960,2026-06-06 11:46,status,Open,Solved
LS-10147,2026-06-06 12:43,group,Frontline UK,Payroll Team
LS-12398,2026-06-06 12:46,group,Frontline IE,Payroll Team
LS-11765,2026-06-06 13:15,status,Open,Solved
LS-11880,2026-06-06 14:00,owner,Agent Q,Agent P
LS-10609,2026-06-06 14:06,group,Frontline UK,Product Specialists
LS-11889,2026-06-06 15:15,status,Open,Solved
LS-12312,2026-06-06 16:58,status,Open,Solved
LS-13558,2026-06-06 17:03,status,Open,Solved
LS-12805,2026-06-06 17:21,status,Open,Solved
LS-14967,2026-06-06 17:35,owner,Agent P,Agent L
LS-13364,2026-06-06 19:21,group,Frontline UK,Engineering
LS-10468,2026-06-06 20:36,status,Open,Solved
LS-12417,2026-06-06 20:54,group,Frontline UK,Engineering
LS-10676,2026-06-06 21:11,group,Frontline IE,Product Specialists
LS-12235,2026-06-06 21:43,status,Open,Solved
LS-12492,2026-06-06 23:20,owner,Agent D,Agent U
LS-14232,2026-06-06 23:26,group,Frontline UK,Engineering
LS-11788,2026-06-06 23:49,group,Frontline IE,Engineering
LS-10756,2026-06-07 01:17,status,Open,Solved
LS-10445,2026-06-07 01:27,status,Open,Solved
LS-14232,2026-06-07 01:30,owner,Agent K,Agent I
LS-10479,2026-06-07 01:56,status,Open,Solved
LS-10676,2026-06-07 02:53,owner,Agent E,Agent L
LS-13914,2026-06-07 03:03,status,Open,Solved
LS-14232,2026-06-07 03:34,status,Open,Solved
LS-14142,2026-06-07 04:57,status,Open,Solved
LS-10147,2026-06-07 06:00,owner,Agent M,Agent H
LS-12064,2026-06-07 06:49,status,Open,Solved
LS-11700,2026-06-07 07:47,status,Open,Solved
LS-10192,2026-06-07 08:20,status,Open,Solved
LS-12417,2026-06-07 08:24,owner,Agent S,Agent M
LS-10676,2026-06-07 08:35,status,Open,Solved
LS-10573,2026-06-07 09:55,status,Open,Solved
LS-13447,2026-06-07 10:29,owner,Agent V,Agent J
LS-13170,2026-06-07 11:18,owner,Agent M,Agent H
LS-12472,2026-06-07 11:43,status,Open,Solved
LS-11880,2026-06-07 12:03,owner,Agent P,Agent E
LS-12539,2026-06-07 13:21,owner,Agent N,Agent F
LS-13807,2026-06-07 13:30,owner,Agent A,Agent U
LS-13924,2026-06-07 14:55,status,Open,Solved
LS-14137,2026-06-07 15:37,group,Frontline UK,Payroll Team
LS-14976,2026-06-07 15:42,status,Open,Solved
LS-11132,2026-06-07 16:23,status,Open,Solved
LS-14137,2026-06-07 16:31,owner,Agent B,Agent E
LS-15060,2026-06-07 16:40,status,Open,Solved
LS-11764,2026-06-07 17:03,owner,Agent O,Agent T
LS-14137,2026-06-07 17:25,status,Open,Solved
LS-12417,2026-06-07 19:55,owner,Agent M,Agent P
LS-10878,2026-06-07 20:09,group,Frontline UK,Payroll Team
LS-10086,2026-06-07 20:26,group,Frontline IE,Payroll Team
LS-12023,2026-06-07 21:07,group,Frontline UK,Product Specialists
LS-13545,2026-06-07 21:51,status,Open,Solved
LS-12515,2026-06-07 22:33,status,Open,Solved
LS-10147,2026-06-07 23:17,status,Open,Solved
LS-13364,2026-06-07 23:26,owner,Agent N,Agent G
LS-12023,2026-06-07 23:41,owner,Agent Q,Agent U
LS-11945,2026-06-07 23:52,status,Open,Solved
LS-12415,2026-06-08 00:00,status,Open,Solved
LS-12212,2026-06-08 00:58,owner,Agent E,Agent T
LS-13695,2026-06-08 01:56,owner,Agent M,Agent F
LS-12023,2026-06-08 02:15,status,Open,Solved
LS-11937,2026-06-08 02:21,status,Open,Solved
LS-12971,2026-06-08 03:09,owner,Agent U,Agent H
LS-10609,2026-06-08 03:44,owner,Agent V,Agent J
LS-13785,2026-06-08 04:18,owner,Agent L,Agent R
LS-14907,2026-06-08 04:29,group,Frontline UK,Engineering
LS-13759,2026-06-08 04:31,status,Open,Solved
LS-10086,2026-06-08 05:26,owner,Agent T,Agent V
LS-11965,2026-06-08 06:01,owner,Agent N,Agent L
LS-10684,2026-06-08 06:51,owner,Agent D,Agent S
LS-12417,2026-06-08 07:25,owner,Agent P,Agent C
LS-12860,2026-06-08 07:25,owner,Agent R,Agent G
LS-13062,2026-06-08 08:22,status,Open,Solved
LS-13447,2026-06-08 09:46,owner,Agent J,Agent L
LS-11880,2026-06-08 10:07,status,Open,Solved
LS-13918,2026-06-08 10:15,status,Open,Solved
LS-12340,2026-06-08 10:36,owner,Agent V,Agent Q
LS-10473,2026-06-08 10:41,owner,Agent K,Agent O
LS-14066,2026-06-08 12:07,owner,Agent N,Agent A
LS-12658,2026-06-08 14:19,status,Open,Solved
LS-10086,2026-06-08 14:26,status,Open,Solved
LS-15035,2026-06-08 14:40,owner,Agent T,Agent K
LS-14510,2026-06-08 16:11,group,Frontline IE,Payroll Team
LS-10938,2026-06-08 17:38,status,Open,Solved
LS-12417,2026-06-08 18:56,status,Open,Solved
LS-14750,2026-06-08 20:18,group,Frontline UK,Payroll Team
LS-13370,2026-06-08 20:20,status,Open,Solved
LS-11788,2026-06-08 21:01,owner,Agent U,Agent B
LS-10535,2026-06-08 22:53,group,Frontline UK,Payroll Team
LS-13027,2026-06-08 23:05,group,Frontline UK,Payroll Team
LS-11519,2026-06-08 23:34,owner,Agent A,Agent L
LS-14194,2026-06-09 00:17,status,Open,Solved
LS-12492,2026-06-09 00:37,owner,Agent U,Agent T
LS-14446,2026-06-09 00:56,status,Open,Solved
LS-10405,2026-06-09 01:33,owner,Agent B,Agent U
LS-13364,2026-06-09 03:32,status,Open,Solved
LS-12026,2026-06-09 05:48,group,Frontline UK,Engineering
LS-13624,2026-06-09 09:01,group,Frontline IE,Product Specialists
LS-13447,2026-06-09 09:02,owner,Agent L,Agent C
LS-14451,2026-06-09 11:00,status,Open,Solved
LS-14510,2026-06-09 12:22,owner,Agent E,Agent Q
LS-13044,2026-06-09 13:24,status,Open,Solved
LS-13027,2026-06-09 13:37,owner,Agent D,Agent N
LS-12137,2026-06-09 13:44,group,Frontline UK,Engineering
LS-12355,2026-06-09 14:28,status,Open,Solved
LS-14079,2026-06-09 15:24,status,Open,Solved
LS-12137,2026-06-09 16:02,owner,Agent O,Agent D
LS-14515,2026-06-09 16:53,status,Open,Solved
LS-10609,2026-06-09 17:21,owner,Agent J,Agent O
LS-12026,2026-06-09 17:24,owner,Agent G,Agent Q
LS-14076,2026-06-09 17:52,group,Frontline UK,Product Specialists
LS-12137,2026-06-09 18:20,status,Open,Solved
LS-12285,2026-06-09 20:07,status,Open,Solved
LS-11764,2026-06-09 20:14,owner,Agent T,Agent M
LS-13624,2026-06-09 21:25,owner,Agent F,Agent V
LS-11002,2026-06-09 21:54,status,Open,Solved
LS-13695,2026-06-10 01:01,owner,Agent F,Agent N
LS-13466,2026-06-10 03:34,status,Open,Solved
LS-14076,2026-06-10 04:00,owner,Agent N,Agent P
LS-13027,2026-06-10 04:09,owner,Agent N,Agent O
LS-12782,2026-06-10 04:24,group,Frontline IE,Engineering
LS-12026,2026-06-10 05:01,owner,Agent Q,Agent A
LS-10171,2026-06-10 05:05,status,Open,Solved
LS-13447,2026-06-10 08:18,status,Open,Solved
LS-14510,2026-06-10 08:33,owner,Agent Q,Agent J
LS-13596,2026-06-10 08:53,group,Frontline UK,Engineering
LS-13624,2026-06-10 09:49,status,Open,Solved
LS-12889,2026-06-10 11:37,group,Frontline UK,Engineering
LS-10374,2026-06-10 11:49,group,Frontline UK,Payroll Team
LS-10187,2026-06-10 13:08,group,Frontline UK,Product Specialists
LS-14076,2026-06-10 14:08,status,Open,Solved
LS-10658,2026-06-10 15:50,owner,Agent P,Agent F
LS-14606,2026-06-10 15:57,status,Open,Solved
LS-12026,2026-06-10 16:37,status,Open,Solved
LS-13821,2026-06-10 16:45,status,Open,Solved
LS-12100,2026-06-10 17:26,status,Open,Solved
LS-10870,2026-06-10 17:54,owner,Agent V,Agent C
LS-11788,2026-06-10 18:13,status,Open,Solved
LS-13027,2026-06-10 18:41,status,Open,Solved
LS-11611,2026-06-10 18:57,group,Frontline UK,Engineering
LS-14284,2026-06-10 20:06,status,Open,Solved
LS-12462,2026-06-10 21:54,group,Frontline IE,Payroll Team
LS-11511,2026-06-10 22:07,status,Open,Solved
LS-10374,2026-06-10 22:41,owner,Agent U,Agent I
LS-14761,2026-06-11 00:13,status,Open,Solved
LS-13785,2026-06-11 01:53,owner,Agent R,Agent H
LS-12492,2026-06-11 01:54,status,Open,Solved
LS-12462,2026-06-11 02:17,owner,Agent G,Agent Q
LS-10918,2026-06-11 03:27,status,Open,Solved
LS-10224,2026-06-11 03:34,group,Frontline UK,Product Specialists
LS-14978,2026-06-11 03:37,status,Open,Solved
LS-12447,2026-06-11 04:20,group,Frontline UK,Product Specialists
LS-14510,2026-06-11 04:44,owner,Agent J,Agent M
LS-13445,2026-06-11 05:36,owner,Agent Q,Agent V
LS-10160,2026-06-11 05:53,status,Open,Solved
LS-14723,2026-06-11 05:54,status,Open,Solved
LS-12462,2026-06-11 06:41,status,Open,Solved
LS-13309,2026-06-11 06:42,status,Open,Solved
LS-10609,2026-06-11 06:59,status,Open,Solved
LS-10789,2026-06-11 08:01,status,Open,Solved
LS-14750,2026-06-11 08:26,owner,Agent C,Agent E
LS-13170,2026-06-11 08:48,owner,Agent H,Agent P
LS-12542,2026-06-11 09:16,status,Open,Solved
LS-10374,2026-06-11 09:34,status,Open,Solved
LS-14459,2026-06-11 09:38,status,Open,Solved
LS-14907,2026-06-11 10:13,owner,Agent K,Agent P
LS-12499,2026-06-11 10:27,group,Frontline UK,Payroll Team
LS-12657,2026-06-11 12:11,group,Frontline UK,Engineering
LS-12398,2026-06-11 13:18,owner,Agent R,Agent J
LS-14996,2026-06-11 13:50,status,Open,Solved
LS-14774,2026-06-11 14:11,group,Frontline UK,Payroll Team
LS-12657,2026-06-11 14:51,owner,Agent Q,Agent M
LS-12657,2026-06-11 17:31,status,Open,Solved
LS-14628,2026-06-11 18:40,group,Frontline UK,Engineering
LS-12499,2026-06-11 18:59,owner,Agent U,Agent C
LS-10224,2026-06-11 20:59,owner,Agent G,Agent B
LS-14774,2026-06-11 21:40,owner,Agent O,Agent F
LS-10684,2026-06-11 22:26,status,Open,Solved
LS-11764,2026-06-11 23:25,owner,Agent M,Agent S
LS-10412,2026-06-11 23:49,status,Open,Solved
LS-13695,2026-06-12 00:06,status,Open,Solved
LS-14510,2026-06-12 00:55,status,Open,Solved
LS-11938,2026-06-12 00:59,owner,Agent C,Agent M
LS-13273,2026-06-12 02:26,owner,Agent N,Agent T
LS-13090,2026-06-12 03:10,group,Frontline UK,Engineering
LS-12499,2026-06-12 03:30,status,Open,Solved
LS-10298,2026-06-12 03:44,status,Open,Solved
LS-10187,2026-06-12 04:19,owner,Agent G,Agent P
LS-14774,2026-06-12 05:08,status,Open,Solved
LS-12637,2026-06-12 05:13,status,Open,Solved
LS-11461,2026-06-12 07:22,group,Frontline UK,Engineering
LS-12050,2026-06-12 09:18,status,Open,Solved
LS-10035,2026-06-12 10:32,group,Frontline UK,Product Specialists
LS-13585,2026-06-12 11:16,group,Frontline UK,Engineering
LS-11139,2026-06-12 11:31,group,Frontline UK,Engineering
LS-14143,2026-06-12 14:18,group,Frontline UK,Engineering
LS-10224,2026-06-12 14:24,owner,Agent B,Agent A
LS-11534,2026-06-12 15:05,status,Open,Solved
LS-12345,2026-06-12 16:02,status,Open,Solved
LS-13278,2026-06-12 16:30,status,Open,Solved
LS-14967,2026-06-12 16:32,owner,Agent L,Agent S
LS-10873,2026-06-12 17:12,owner,Agent J,Agent M
LS-10033,2026-06-12 18:16,group,Frontline IE,Product Specialists
LS-10033,2026-06-12 20:06,owner,Agent J,Agent A
LS-12859,2026-06-12 20:16,group,Frontline UK,Engineering
LS-13854,2026-06-12 21:13,status,Open,Solved
LS-10633,2026-06-12 21:45,group,Frontline UK,Payroll Team
LS-10033,2026-06-12 21:56,status,Open,Solved
LS-14143,2026-06-12 21:58,owner,Agent J,Agent D
LS-13868,2026-06-12 22:23,status,Open,Solved
LS-10405,2026-06-12 22:47,owner,Agent U,Agent E
LS-11458,2026-06-12 23:14,group,Frontline UK,Product Specialists
LS-12151,2026-06-13 01:59,group,Frontline UK,Engineering
LS-14954,2026-06-13 02:15,group,Frontline UK,Engineering
LS-10633,2026-06-13 04:11,owner,Agent F,Agent E
LS-13290,2026-06-13 05:11,owner,Agent A,Agent Q
LS-11458,2026-06-13 05:27,owner,Agent U,Agent T
LS-14143,2026-06-13 05:37,status,Open,Solved
LS-15035,2026-06-13 05:50,status,Open,Solved
LS-12934,2026-06-13 06:45,owner,Agent K,Agent D
LS-11632,2026-06-13 06:56,group,Frontline UK,Product Specialists
LS-10224,2026-06-13 07:49,owner,Agent A,Agent O
LS-12782,2026-06-13 08:52,owner,Agent Q,Agent G
LS-12340,2026-06-13 10:28,owner,Agent Q,Agent G
LS-10633,2026-06-13 10:38,status,Open,Solved
LS-14949,2026-06-13 11:37,status,Open,Solved
LS-11458,2026-06-13 11:40,owner,Agent T,Agent O
LS-10185,2026-06-13 12:17,group,Frontline UK,Payroll Team
LS-12539,2026-06-13 12:30,owner,Agent F,Agent T
LS-11965,2026-06-13 13:07,owner,Agent L,Agent E
LS-15027,2026-06-13 14:32,status,Open,Solved
LS-13670,2026-06-13 14:57,status,Open,Solved
LS-13904,2026-06-13 15:07,group,Frontline UK,Product Specialists
LS-12737,2026-06-13 15:27,status,Open,Solved
LS-11596,2026-06-13 15:38,status,Open,Solved
LS-11458,2026-06-13 17:53,owner,Agent O,Agent B
LS-13625,2026-06-13 18:25,status,Open,Solved
LS-14954,2026-06-13 18:40,owner,Agent G,Agent V
LS-10187,2026-06-13 19:29,status,Open,Solved
LS-14750,2026-06-13 20:34,status,Open,Solved
LS-13785,2026-06-13 23:29,status,Open,Solved
LS-10589,2026-06-13 23:30,group,Frontline UK,Product Specialists
LS-12350,2026-06-14 00:02,owner,Agent U,Agent I
LS-11458,2026-06-14 00:07,status,Open,Solved
LS-14823,2026-06-14 00:55,status,Open,Solved
LS-12792,2026-06-14 01:00,group,Frontline UK,Engineering
LS-10224,2026-06-14 01:14,owner,Agent O,Agent I
LS-14475,2026-06-14 01:23,status,Open,Solved
LS-14752,2026-06-14 01:27,status,Open,Solved
LS-15006,2026-06-14 02:18,group,Frontline UK,Payroll Team
LS-11764,2026-06-14 02:36,owner,Agent S,Agent D
LS-15006,2026-06-14 03:46,owner,Agent C,Agent Q
LS-14728,2026-06-14 03:51,group,Frontline UK,Product Specialists
LS-10634,2026-06-14 04:11,group,Frontline UK,Product Specialists
LS-10066,2026-06-14 04:36,status,Open,Solved
LS-13543,2026-06-14 04:49,group,Frontline IE,Engineering
LS-15006,2026-06-14 05:13,status,Open,Solved
LS-12889,2026-06-14 06:01,owner,Agent R,Agent M
LS-10165,2026-06-14 06:26,status,Open,Solved
LS-13596,2026-06-14 06:29,owner,Agent M,Agent E
LS-10185,2026-06-14 06:37,owner,Agent L,Agent M
LS-13289,2026-06-14 06:56,status,Open,Solved
LS-12371,2026-06-14 10:33,group,Frontline UK,Product Specialists
LS-14954,2026-06-14 11:05,status,Open,Solved
LS-13585,2026-06-14 11:08,owner,Agent L,Agent G
LS-12180,2026-06-14 12:53,group,Frontline UK,Payroll Team
LS-13280,2026-06-14 12:53,group,Frontline UK,Product Specialists
LS-10593,2026-06-14 13:43,group,Frontline UK,Payroll Team
LS-10634,2026-06-14 15:17,owner,Agent I,Agent L
LS-14907,2026-06-14 15:57,status,Open,Solved
LS-12180,2026-06-14 16:20,owner,Agent H,Agent M
LS-10262,2026-06-14 17:28,status,Open,Solved
LS-12649,2026-06-14 17:48,owner,Agent A,Agent U
LS-12624,2026-06-14 18:17,status,Open,Solved
LS-12971,2026-06-14 18:31,owner,Agent H,Agent B
LS-10224,2026-06-14 18:40,status,Open,Solved
LS-12371,2026-06-14 19:45,owner,Agent I,Agent T
LS-12180,2026-06-14 19:46,status,Open,Solved
LS-12860,2026-06-14 19:47,owner,Agent G,Agent N
LS-10081,2026-06-14 20:45,group,Frontline IE,Engineering
LS-10510,2026-06-14 20:59,status,Open,Solved
LS-12904,2026-06-14 21:30,status,Open,Solved
LS-12859,2026-06-14 21:42,owner,Agent T,Agent R
LS-10185,2026-06-15 00:57,owner,Agent M,Agent U
LS-10634,2026-06-15 02:23,owner,Agent L,Agent B
LS-11321,2026-06-15 02:46,owner,Agent V,Agent U
LS-12334,2026-06-15 03:25,group,Frontline UK,Engineering
LS-11876,2026-06-15 03:36,owner,Agent V,Agent A
LS-10947,2026-06-15 03:49,status,Open,Solved
LS-10593,2026-06-15 03:57,owner,Agent F,Agent E
LS-11632,2026-06-15 04:48,owner,Agent G,Agent L
LS-12371,2026-06-15 04:56,owner,Agent T,Agent N
LS-12946,2026-06-15 05:49,group,Frontline UK,Product Specialists
LS-13170,2026-06-15 06:18,status,Open,Solved
LS-13280,2026-06-15 07:54,owner,Agent U,Agent Q
LS-10655,2026-06-15 09:58,owner,Agent H,Agent O
LS-13005,2026-06-15 10:21,status,Open,Solved
LS-14728,2026-06-15 11:27,owner,Agent A,Agent S
LS-13171,2026-06-15 12:39,status,Open,Solved
LS-10589,2026-06-15 13:08,owner,Agent L,Agent C
LS-10634,2026-06-15 13:28,owner,Agent B,Agent C
LS-14924,2026-06-15 13:40,status,Open,Solved
LS-12613,2026-06-15 14:03,group,Frontline UK,Engineering
LS-12371,2026-06-15 14:08,status,Open,Solved
LS-15038,2026-06-15 16:36,group,Frontline UK,Product Specialists
LS-12931,2026-06-15 16:42,group,Frontline UK,Engineering
LS-11362,2026-06-15 16:50,group,Frontline UK,Payroll Team
LS-10870,2026-06-15 17:39,status,Open,Solved
LS-13572,2026-06-15 18:03,status,Open,Solved
LS-10593,2026-06-15 18:12,owner,Agent E,Agent Q
LS-10185,2026-06-15 19:17,status,Open,Solved
LS-12946,2026-06-15 21:10,owner,Agent H,Agent E
LS-13448,2026-06-15 21:29,group,Frontline UK,Payroll Team
LS-10325,2026-06-15 21:36,group,Frontline UK,Product Specialists
LS-13925,2026-06-15 22:29,status,Open,Solved
LS-12873,2026-06-15 23:43,group,Frontline UK,Engineering
LS-11551,2026-06-15 23:51,group,Frontline UK,Product Specialists
LS-12151,2026-06-16 00:09,owner,Agent D,Agent B
LS-13174,2026-06-16 00:33,status,Open,Solved
LS-10634,2026-06-16 00:34,status,Open,Solved
LS-11139,2026-06-16 00:47,owner,Agent F,Agent O
LS-12746,2026-06-16 01:52,group,Frontline UK,Payroll Team
LS-10619,2026-06-16 02:33,group,Frontline IE,Engineering
LS-11551,2026-06-16 02:41,owner,Agent Q,Agent L
LS-13280,2026-06-16 02:56,owner,Agent Q,Agent O
LS-11551,2026-06-16 05:32,status,Open,Solved
LS-11764,2026-06-16 05:47,status,Open,Solved
LS-12746,2026-06-16 06:40,owner,Agent N,Agent T
LS-12334,2026-06-16 07:52,owner,Agent U,Agent A
LS-13807,2026-06-16 08:05,status,Open,Solved
LS-10593,2026-06-16 08:26,owner,Agent Q,Agent C
LS-10478,2026-06-16 08:43,group,Frontline IE,Product Specialists
LS-11214,2026-06-16 10:44,status,Open,Solved
LS-13585,2026-06-16 11:00,status,Open,Solved
LS-12746,2026-06-16 11:28,status,Open,Solved
LS-12946,2026-06-16 12:32,status,Open,Solved
LS-12931,2026-06-16 12:40,owner,Agent J,Agent F
LS-10035,2026-06-16 13:07,owner,Agent B,Agent I
LS-12782,2026-06-16 13:20,status,Open,Solved
LS-12398,2026-06-16 13:49,owner,Agent J,Agent C
LS-14355,2026-06-16 14:58,group,Frontline UK,Engineering
LS-14587,2026-06-16 17:11,status,Open,Solved
LS-14423,2026-06-16 17:49,status,Open,Solved
LS-14728,2026-06-16 19:03,status,Open,Solved
LS-10405,2026-06-16 20:00,status,Open,Solved
LS-13280,2026-06-16 21:57,status,Open,Solved
LS-12747,2026-06-16 22:06,status,Open,Solved
LS-10593,2026-06-16 22:40,status,Open,Solved
LS-12859,2026-06-16 23:08,owner,Agent R,Agent A
LS-10875,2026-06-17 00:24,status,Open,Solved
LS-14207,2026-06-17 00:40,group,Frontline UK,Payroll Team
LS-14420,2026-06-17 01:45,status,Open,Solved
LS-10535,2026-06-17 01:54,owner,Agent Q,Agent B
LS-11632,2026-06-17 02:40,status,Open,Solved
LS-10589,2026-06-17 02:46,status,Open,Solved
LS-13143,2026-06-17 03:34,status,Open,Solved
LS-13475,2026-06-17 03:50,group,Frontline UK,Engineering
LS-15038,2026-06-17 05:28,owner,Agent S,Agent E
LS-14207,2026-06-17 06:28,owner,Agent E,Agent V
LS-12931,2026-06-17 08:38,status,Open,Solved
LS-13694,2026-06-17 08:56,group,Frontline UK,Product Specialists
LS-12112,2026-06-17 09:03,group,Frontline UK,Engineering
LS-13679,2026-06-17 10:16,group,Frontline UK,Product Specialists
LS-11362,2026-06-17 10:34,owner,Agent H,Agent S
LS-12786,2026-06-17 11:21,group,Frontline IE,Product Specialists
LS-13090,2026-06-17 11:56,owner,Agent O,Agent F
LS-14207,2026-06-17 12:16,status,Open,Solved
LS-12334,2026-06-17 12:18,status,Open,Solved
LS-14690,2026-06-17 13:04,group,Frontline UK,Engineering
LS-13679,2026-06-17 15:57,owner,Agent F,Agent T
LS-11156,2026-06-17 16:42,group,Frontline IE,Payroll Team
LS-15039,2026-06-17 20:16,group,Frontline UK,Product Specialists
LS-10742,2026-06-17 21:17,group,Frontline UK,Product Specialists
LS-13679,2026-06-17 21:38,status,Open,Solved
LS-12671,2026-06-17 22:04,status,Open,Solved
LS-10742,2026-06-17 22:23,owner,Agent F,Agent J
LS-15039,2026-06-17 22:43,owner,Agent T,Agent K
LS-13804,2026-06-17 23:12,status,Open,Solved
LS-10742,2026-06-17 23:28,status,Open,Solved
LS-11944,2026-06-18 00:03,group,Frontline UK,Engineering
LS-11565,2026-06-18 00:09,group,Frontline IE,Payroll Team
LS-12889,2026-06-18 00:25,owner,Agent M,Agent U
LS-10453,2026-06-18 01:09,status,Open,Solved
LS-15039,2026-06-18 01:10,status,Open,Solved
LS-14156,2026-06-18 01:31,status,Open,Solved
LS-11156,2026-06-18 02:31,owner,Agent D,Agent C
LS-12565,2026-06-18 02:41,status,Open,Solved
LS-13596,2026-06-18 04:05,owner,Agent E,Agent Q
LS-12777,2026-06-18 04:54,group,Frontline IE,Engineering
LS-10658,2026-06-18 05:09,owner,Agent F,Agent C
LS-12773,2026-06-18 05:59,status,Open,Solved
LS-14496,2026-06-18 06:12,group,Frontline UK,Payroll Team
LS-14534,2026-06-18 07:17,group,Frontline UK,Product Specialists
LS-13267,2026-06-18 07:51,group,Frontline IE,Payroll Team
LS-12874,2026-06-18 08:50,group,Frontline IE,Payroll Team
LS-11628,2026-06-18 09:11,status,Open,Solved
LS-11565,2026-06-18 09:48,owner,Agent O,Agent F
LS-11231,2026-06-18 10:18,status,Open,Solved
LS-12340,2026-06-18 10:20,status,Open,Solved
LS-12042,2026-06-18 11:11,status,Open,Solved
LS-12874,2026-06-18 11:37,owner,Agent Q,Agent R
LS-11156,2026-06-18 12:20,status,Open,Solved
LS-13630,2026-06-18 12:27,group,Frontline UK,Payroll Team
LS-14496,2026-06-18 12:49,owner,Agent M,Agent U
LS-10325,2026-06-18 13:19,owner,Agent B,Agent K
LS-12450,2026-06-18 13:53,status,Open,Solved
LS-10135,2026-06-18 13:57,group,Frontline UK,Engineering
LS-12874,2026-06-18 14:23,owner,Agent R,Agent H
LS-10713,2026-06-18 14:47,status,Open,Solved
LS-13694,2026-06-18 14:59,owner,Agent F,Agent L
LS-14967,2026-06-18 15:29,status,Open,Solved
LS-11969,2026-06-18 16:41,status,Open,Solved
LS-12786,2026-06-18 17:07,owner,Agent S,Agent P
LS-12874,2026-06-18 17:10,status,Open,Solved
LS-15038,2026-06-18 18:20,owner,Agent E,Agent L
LS-14496,2026-06-18 19:26,status,Open,Solved
LS-11565,2026-06-18 19:27,owner,Agent F,Agent Q
LS-11965,2026-06-18 20:13,status,Open,Solved
LS-14355,2026-06-18 20:34,owner,Agent E,Agent R
LS-14228,2026-06-18 20:53,group,Frontline UK,Engineering
LS-11384,2026-06-18 22:12,status,Open,Solved
LS-14690,2026-06-18 22:17,owner,Agent T,Agent R
LS-12151,2026-06-18 22:19,status,Open,Solved
LS-11611,2026-06-19 00:29,owner,Agent M,Agent S
LS-12859,2026-06-19 00:34,owner,Agent A,Agent K
LS-10478,2026-06-19 00:43,owner,Agent H,Agent N
LS-10878,2026-06-19 03:28,owner,Agent M,Agent F
LS-11362,2026-06-19 04:18,status,Open,Solved
LS-11423,2026-06-19 04:32,group,Frontline IE,Engineering
LS-13267,2026-06-19 04:53,owner,Agent I,Agent M
LS-11565,2026-06-19 05:06,status,Open,Solved
LS-13793,2026-06-19 05:40,group,Frontline UK,Engineering
LS-14223,2026-06-19 07:03,status,Open,Solved
LS-14534,2026-06-19 07:15,owner,Agent T,Agent L
LS-12905,2026-06-19 07:17,status,Open,Solved
LS-12792,2026-06-19 10:13,owner,Agent G,Agent I
LS-14632,2026-06-19 10:13,group,Frontline UK,Payroll Team
LS-14277,2026-06-19 10:39,group,Frontline UK,Payroll Team
LS-10671,2026-06-19 11:36,group,Frontline UK,Engineering
LS-12539,2026-06-19 11:39,status,Open,Solved
LS-13813,2026-06-19 13:58,group,Frontline IE,Engineering
LS-11139,2026-06-19 14:02,status,Open,Solved
LS-11163,2026-06-19 15:23,owner,Agent T,Agent D
LS-14326,2026-06-19 17:35,status,Open,Solved
LS-12092,2026-06-19 18:33,group,Frontline UK,Engineering
LS-13997,2026-06-19 18:40,status,Open,Solved
LS-13694,2026-06-19 21:02,status,Open,Solved
LS-13185,2026-06-19 21:33,status,Open,Solved
LS-12786,2026-06-19 22:53,status,Open,Solved
LS-13239,2026-06-19 23:51,group,Frontline IE,Engineering
LS-10873,2026-06-20 00:08,status,Open,Solved
LS-11806,2026-06-20 01:02,group,Frontline UK,Payroll Team
LS-12533,2026-06-20 01:53,status,Open,Solved
LS-13267,2026-06-20 01:55,status,Open,Solved
LS-14277,2026-06-20 02:52,owner,Agent O,Agent V
LS-14632,2026-06-20 04:54,owner,Agent I,Agent U
LS-15038,2026-06-20 07:12,owner,Agent L,Agent Q
LS-14534,2026-06-20 07:13,owner,Agent L,Agent J
LS-14690,2026-06-20 07:30,owner,Agent R,Agent C
LS-13723,2026-06-20 10:06,status,Open,Solved
LS-11540,2026-06-20 11:36,status,Open,Solved
LS-13445,2026-06-20 12:24,owner,Agent V,Agent L
LS-13371,2026-06-20 12:26,status,Open,Solved
LS-14044,2026-06-20 13:41,group,Frontline UK,Engineering
LS-11806,2026-06-20 15:18,owner,Agent H,Agent S
LS-14228,2026-06-20 15:26,owner,Agent M,Agent Q
LS-10035,2026-06-20 15:42,owner,Agent I,Agent F
LS-13290,2026-06-20 15:48,status,Open,Solved
LS-12873,2026-06-20 17:42,owner,Agent U,Agent V
LS-14277,2026-06-20 19:05,status,Open,Solved
LS-11518,2026-06-20 19:13,group,Frontline UK,Engineering
LS-14066,2026-06-20 19:16,status,Open,Solved
LS-10135,2026-06-20 22:46,owner,Agent E,Agent O
LS-12212,2026-06-20 22:49,status,Open,Solved
LS-14632,2026-06-20 23:35,status,Open,Solved
LS-14870,2026-06-21 01:30,status,Open,Solved
LS-12859,2026-06-21 02:00,owner,Agent K,Agent V
LS-14355,2026-06-21 02:10,status,Open,Solved
LS-13941,2026-06-21 04:59,group,Frontline UK,Product Specialists
LS-10325,2026-06-21 05:02,status,Open,Solved
LS-14786,2026-06-21 05:07,group,Frontline IE,Engineering
LS-11806,2026-06-21 05:33,status,Open,Solved
LS-13630,2026-06-21 05:57,owner,Agent J,Agent E
LS-13239,2026-06-21 06:52,owner,Agent G,Agent K
LS-14534,2026-06-21 07:11,status,Open,Solved
LS-14271,2026-06-21 07:12,group,Frontline UK,Product Specialists
LS-13538,2026-06-21 07:21,status,Open,Solved
LS-12860,2026-06-21 08:08,owner,Agent N,Agent I
LS-15015,2026-06-21 09:26,group,Frontline UK,Product Specialists
LS-12971,2026-06-21 09:52,owner,Agent B,Agent V
LS-11429,2026-06-21 10:14,group,Frontline UK,Engineering
LS-11938,2026-06-21 10:18,owner,Agent M,Agent K
LS-10769,2026-06-21 11:36,group,Frontline UK,Product Specialists
LS-11461,2026-06-21 12:59,owner,Agent T,Agent I
LS-13941,2026-06-21 13:28,owner,Agent R,Agent C
LS-12092,2026-06-21 13:51,owner,Agent Q,Agent T
LS-12398,2026-06-21 14:21,status,Open,Solved
LS-14662,2026-06-21 14:44,group,Frontline UK,Engineering
LS-10081,2026-06-21 15:07,owner,Agent A,Agent M
LS-11952,2026-06-21 16:03,status,Open,Solved
LS-10478,2026-06-21 16:43,status,Open,Solved
LS-14690,2026-06-21 16:43,status,Open,Solved
LS-11954,2026-06-21 17:12,status,Open,Solved
LS-13321,2026-06-21 17:56,status,Open,Solved
LS-10702,2026-06-21 18:39,group,Frontline UK,Product Specialists
LS-12889,2026-06-21 18:49,status,Open,Solved
LS-11723,2026-06-21 19:59,group,Frontline UK,Payroll Team
LS-15038,2026-06-21 20:04,status,Open,Solved
LS-15015,2026-06-21 21:56,owner,Agent A,Agent V
LS-13941,2026-06-21 21:57,owner,Agent C,Agent V
LS-14052,2026-06-21 23:56,status,Open,Solved
LS-11796,2026-06-22 00:10,group,Frontline IE,Engineering
LS-14499,2026-06-22 01:25,status,Open,Solved
LS-14271,2026-06-22 01:38,owner,Agent M,Agent H
LS-13596,2026-06-22 01:41,status,Open,Solved
LS-11723,2026-06-22 01:49,owner,Agent Q,Agent V
LS-13793,2026-06-22 04:13,owner,Agent H,Agent P
LS-10639,2026-06-22 04:21,status,Open,Solved
LS-11429,2026-06-22 05:33,owner,Agent T,Agent C
LS-13941,2026-06-22 06:26,status,Open,Solved
LS-14889,2026-06-22 06:28,group,Frontline IE,Engineering
LS-14662,2026-06-22 07:21,owner,Agent K,Agent O
LS-11723,2026-06-22 07:39,status,Open,Solved
LS-10564,2026-06-22 08:01,group,Frontline UK,Engineering
LS-14228,2026-06-22 10:00,status,Open,Solved
LS-11870,2026-06-22 10:05,group,Frontline UK,Engineering
LS-15015,2026-06-22 10:27,owner,Agent V,Agent N
LS-10505,2026-06-22 12:05,status,Open,Solved
LS-12778,2026-06-22 12:10,group,Frontline UK,Engineering
LS-11554,2026-06-22 12:30,status,Open,Solved
LS-10815,2026-06-22 13:05,status,Open,Solved
LS-13239,2026-06-22 13:54,owner,Agent K,Agent Q
LS-12031,2026-06-22 15:18,group,Frontline UK,Engineering
LS-11504,2026-06-22 15:47,group,Frontline UK,Engineering
LS-12447,2026-06-22 15:56,owner,Agent T,Agent F
LS-14628,2026-06-22 16:00,owner,Agent L,Agent P
LS-12778,2026-06-22 16:27,owner,Agent T,Agent G
LS-11743,2026-06-22 16:59,status,Open,Solved
LS-13448,2026-06-22 18:03,owner,Agent N,Agent F
LS-14274,2026-06-22 18:44,status,Open,Solved
LS-12267,2026-06-22 19:13,group,Frontline UK,Engineering
LS-14271,2026-06-22 20:04,owner,Agent H,Agent I
LS-13090,2026-06-22 20:41,owner,Agent F,Agent G
LS-12778,2026-06-22 20:43,owner,Agent G,Agent B
LS-14889,2026-06-22 21:05,owner,Agent G,Agent M
LS-11972,2026-06-22 21:51,group,Frontline UK,Payroll Team
LS-10089,2026-06-22 22:48,status,Open,Solved
LS-11333,2026-06-22 22:52,status,Open,Solved
LS-15015,2026-06-22 22:57,status,Open,Solved
LS-12760,2026-06-22 23:10,status,Open,Solved
LS-14537,2026-06-22 23:45,status,Open,Solved
LS-14662,2026-06-22 23:58,status,Open,Solved
LS-11747,2026-06-23 00:10,group,Frontline UK,Payroll Team
LS-11972,2026-06-23 00:30,owner,Agent M,Agent R
LS-12350,2026-06-23 00:36,status,Open,Solved
LS-11429,2026-06-23 00:52,owner,Agent C,Agent J
LS-12778,2026-06-23 01:00,status,Open,Solved
LS-15050,2026-06-23 01:39,group,Frontline UK,Engineering
LS-10003,2026-06-23 02:51,group,Frontline IE,Engineering
LS-14219,2026-06-23 03:02,group,Frontline UK,Engineering
LS-11972,2026-06-23 03:09,status,Open,Solved
LS-12859,2026-06-23 03:26,owner,Agent V,Agent N
LS-10090,2026-06-23 04:43,group,Frontline UK,Payroll Team
LS-12106,2026-06-23 04:59,group,Frontline UK,Payroll Team
LS-13904,2026-06-23 05:09,owner,Agent P,Agent I
LS-10702,2026-06-23 06:50,owner,Agent V,Agent N
LS-12858,2026-06-23 07:01,status,Open,Solved
LS-10135,2026-06-23 07:34,status,Open,Solved
LS-10116,2026-06-23 08:01,group,Frontline IE,Engineering
LS-12092,2026-06-23 09:09,owner,Agent T,Agent U
LS-14413,2026-06-23 09:34,group,Frontline IE,Payroll Team
LS-10116,2026-06-23 11:10,owner,Agent P,Agent I
LS-14889,2026-06-23 11:43,status,Open,Solved
LS-11944,2026-06-23 12:37,owner,Agent P,Agent G
LS-12550,2026-06-23 12:45,group,Frontline IE,Product Specialists
LS-15050,2026-06-23 14:13,owner,Agent R,Agent P
LS-10116,2026-06-23 14:19,status,Open,Solved
LS-14271,2026-06-23 14:30,status,Open,Solved
LS-14730,2026-06-23 14:44,group,Frontline UK,Engineering
LS-13976,2026-06-23 15:53,group,Frontline UK,Payroll Team
LS-10953,2026-06-23 16:59,group,Frontline UK,Engineering
LS-14556,2026-06-23 19:01,status,Open,Solved
LS-10174,2026-06-23 19:12,group,Frontline IE,Engineering
LS-11747,2026-06-23 19:54,owner,Agent R,Agent H
LS-11429,2026-06-23 20:11,status,Open,Solved
LS-13239,2026-06-23 20:55,status,Open,Solved
LS-11991,2026-06-23 22:20,status,Open,Solved
LS-13475,2026-06-23 23:06,owner,Agent T,Agent U
LS-10865,2026-06-23 23:07,status,Open,Solved
LS-11416,2026-06-23 23:08,status,Open,Solved
LS-10198,2026-06-23 23:27,group,Frontline UK,Payroll Team
LS-13630,2026-06-23 23:27,status,Open,Solved
LS-14929,2026-06-23 23:42,status,Open,Solved
LS-11858,2026-06-24 01:04,owner,Agent O,Agent H
LS-15050,2026-06-24 02:47,status,Open,Solved
LS-12288,2026-06-24 08:37,group,Frontline UK,Product Specialists
LS-10655,2026-06-24 09:02,owner,Agent O,Agent S
LS-10198,2026-06-24 09:14,owner,Agent D,Agent B
LS-14413,2026-06-24 10:18,owner,Agent Q,Agent F
LS-12694,2026-06-24 10:24,status,Open,Solved
LS-14071,2026-06-24 10:35,group,Frontline UK,Engineering
LS-14291,2026-06-24 11:58,status,Open,Solved
LS-10090,2026-06-24 13:33,owner,Agent N,Agent B
LS-11257,2026-06-24 15:15,status,Open,Solved
LS-11747,2026-06-24 15:38,status,Open,Solved
LS-10410,2026-06-24 15:59,group,Frontline UK,Payroll Team
LS-10003,2026-06-24 17:16,owner,Agent F,Agent I
LS-12359,2026-06-24 17:46,status,Open,Solved
LS-10035,2026-06-24 18:17,owner,Agent F,Agent P
LS-10702,2026-06-24 19:01,status,Open,Solved
LS-10198,2026-06-24 19:02,owner,Agent B,Agent P
LS-12792,2026-06-24 19:26,owner,Agent I,Agent K
LS-12288,2026-06-24 20:17,owner,Agent M,Agent C
LS-14071,2026-06-24 20:26,owner,Agent O,Agent R
LS-10892,2026-06-24 20:32,group,Frontline UK,Engineering
LS-13393,2026-06-24 20:37,status,Open,Solved
LS-12550,2026-06-24 21:13,owner,Agent H,Agent J
LS-14428,2026-06-24 23:45,group,Frontline UK,Engineering
LS-11838,2026-06-25 00:34,group,Frontline UK,Payroll Team
LS-12057,2026-06-25 01:18,status,Open,Solved
LS-12205,2026-06-25 01:36,status,Open,Solved
LS-11797,2026-06-25 01:52,status,Open,Solved
LS-10616,2026-06-25 01:53,group,Frontline UK,Payroll Team
LS-14735,2026-06-25 02:35,group,Frontline UK,Product Specialists
LS-13310,2026-06-25 02:43,group,Frontline UK,Product Specialists
LS-13793,2026-06-25 02:46,owner,Agent P,Agent E
LS-13976,2026-06-25 03:26,owner,Agent B,Agent U
LS-12092,2026-06-25 04:27,status,Open,Solved
LS-10198,2026-06-25 04:49,status,Open,Solved
LS-12859,2026-06-25 04:52,status,Open,Solved
LS-10535,2026-06-25 04:56,status,Open,Solved
LS-14071,2026-06-25 06:18,owner,Agent R,Agent E
LS-13310,2026-06-25 06:48,owner,Agent P,Agent U
LS-12288,2026-06-25 07:57,status,Open,Solved
LS-10769,2026-06-25 08:07,owner,Agent J,Agent N
LS-11838,2026-06-25 09:55,owner,Agent P,Agent L
LS-12031,2026-06-25 10:00,owner,Agent J,Agent M
LS-10128,2026-06-25 10:20,group,Frontline UK,Engineering
LS-10616,2026-06-25 10:31,owner,Agent T,Agent U
LS-13310,2026-06-25 10:52,status,Open,Solved
LS-13458,2026-06-25 10:58,status,Open,Solved
LS-14413,2026-06-25 11:02,status,Open,Solved
LS-12463,2026-06-25 11:38,status,Open,Solved
LS-12229,2026-06-25 11:39,group,Frontline UK,Engineering
LS-12873,2026-06-25 11:41,owner,Agent V,Agent E
LS-14735,2026-06-25 13:16,owner,Agent E,Agent F
LS-12649,2026-06-25 13:32,status,Open,Solved
LS-13242,2026-06-25 14:30,group,Frontline UK,Payroll Team
LS-10174,2026-06-25 15:48,owner,Agent Q,Agent J
LS-14071,2026-06-25 16:09,status,Open,Solved
LS-14428,2026-06-25 16:38,owner,Agent Q,Agent M
LS-13242,2026-06-25 17:48,owner,Agent D,Agent M
LS-10658,2026-06-25 18:28,owner,Agent C,Agent I
LS-12306,2026-06-25 19:03,group,Frontline UK,Engineering
LS-10616,2026-06-25 19:09,status,Open,Solved
LS-11838,2026-06-25 19:16,status,Open,Solved
LS-12934,2026-06-25 19:20,status,Open,Solved
LS-13242,2026-06-25 21:06,status,Open,Solved
LS-13504,2026-06-25 21:54,status,Open,Solved
LS-10090,2026-06-25 22:23,status,Open,Solved
LS-14735,2026-06-25 23:57,status,Open,Solved
LS-11876,2026-06-26 00:10,owner,Agent A,Agent O
LS-14020,2026-06-26 00:25,status,Open,Solved
LS-11930,2026-06-26 02:23,status,Open,Solved
LS-11777,2026-06-26 03:36,group,Frontline UK,Engineering
LS-12550,2026-06-26 05:41,status,Open,Solved
LS-13778,2026-06-26 05:43,status,Open,Solved
LS-12093,2026-06-26 05:53,group,Frontline UK,Engineering
LS-12383,2026-06-26 05:56,group,Frontline UK,Engineering
LS-11232,2026-06-26 06:34,status,Open,Solved
LS-14672,2026-06-26 07:18,status,Open,Solved
LS-10003,2026-06-26 07:41,status,Open,Solved
LS-12273,2026-06-26 08:44,status,Open,Solved
LS-14428,2026-06-26 09:32,status,Open,Solved
LS-10768,2026-06-26 11:34,status,Open,Solved
LS-11777,2026-06-26 11:50,owner,Agent C,Agent R
LS-10942,2026-06-26 12:47,group,Frontline UK,Payroll Team
LS-12306,2026-06-26 12:50,owner,Agent E,Agent R
LS-12985,2026-06-26 14:16,status,Open,Solved
LS-13976,2026-06-26 14:59,owner,Agent U,Agent N
LS-11509,2026-06-26 15:00,group,Frontline UK,Payroll Team
LS-11486,2026-06-26 15:43,status,Open,Solved
LS-10671,2026-06-26 17:32,owner,Agent S,Agent U
LS-13605,2026-06-26 18:25,status,Open,Solved
LS-10495,2026-06-26 19:18,group,Frontline UK,Engineering
LS-11777,2026-06-26 20:04,status,Open,Solved
LS-12093,2026-06-26 21:28,owner,Agent V,Agent N
LS-14044,2026-06-26 21:51,owner,Agent D,Agent G
LS-11254,2026-06-26 22:09,owner,Agent J,Agent B
LS-11518,2026-06-26 22:10,owner,Agent D,Agent G
LS-14376,2026-06-26 22:19,group,Frontline IE,Engineering
LS-13892,2026-06-27 01:29,group,Frontline UK,Engineering
LS-10410,2026-06-27 01:49,owner,Agent A,Agent N
LS-11527,2026-06-27 02:22,status,Open,Solved
LS-12267,2026-06-27 03:28,owner,Agent M,Agent P
LS-10128,2026-06-27 03:31,owner,Agent O,Agent F
LS-14730,2026-06-27 03:36,owner,Agent T,Agent D
LS-10619,2026-06-27 04:55,owner,Agent R,Agent B
LS-11468,2026-06-27 05:33,owner,Agent D,Agent O
LS-10331,2026-06-27 05:51,group,Frontline UK,Payroll Team
LS-10335,2026-06-27 05:53,status,Open,Solved
LS-11611,2026-06-27 06:01,owner,Agent S,Agent C
LS-12306,2026-06-27 06:37,status,Open,Solved
LS-13465,2026-06-27 07:33,status,Open,Solved
LS-10761,2026-06-27 08:25,status,Open,Solved
LS-13001,2026-06-27 08:54,status,Open,Solved
LS-11796,2026-06-27 09:11,owner,Agent A,Agent B
LS-11097,2026-06-27 11:35,group,Frontline UK,Payroll Team
LS-11097,2026-06-27 12:01,owner,Agent C,Agent N
LS-11452,2026-06-27 12:18,group,Frontline UK,Engineering
LS-10174,2026-06-27 12:24,status,Open,Solved
LS-11097,2026-06-27 12:27,status,Open,Solved
LS-12093,2026-06-27 13:03,status,Open,Solved
LS-12599,2026-06-27 14:25,status,Open,Solved
LS-10953,2026-06-27 15:42,owner,Agent R,Agent I
LS-12796,2026-06-27 16:17,status,Open,Solved
LS-12948,2026-06-27 17:28,group,Frontline UK,Product Specialists
LS-10455,2026-06-27 17:44,status,Open,Solved
LS-14818,2026-06-27 17:56,status,Open,Solved
LS-14474,2026-06-27 19:34,group,Frontline IE,Engineering
LS-12860,2026-06-27 20:30,owner,Agent I,Agent A
LS-11593,2026-06-27 21:52,status,Open,Solved
LS-12471,2026-06-27 23:46,status,Open,Solved
LS-11571,2026-06-27 23:59,status,Open,Solved
LS-12948,2026-06-28 00:00,owner,Agent M,Agent I
LS-13380,2026-06-28 00:10,group,Frontline UK,Payroll Team
LS-11946,2026-06-28 00:49,status,Open,Solved
LS-12971,2026-06-28 01:14,status,Open,Solved
LS-10205,2026-06-28 01:18,group,Frontline UK,Engineering
LS-13793,2026-06-28 01:19,status,Open,Solved
LS-13976,2026-06-28 02:32,owner,Agent N,Agent E
LS-14488,2026-06-28 03:13,group,Frontline UK,Payroll Team
LS-10564,2026-06-28 03:51,owner,Agent J,Agent I
LS-10388,2026-06-28 04:10,group,Frontline UK,Engineering
LS-12031,2026-06-28 04:42,status,Open,Solved
LS-13090,2026-06-28 05:27,owner,Agent G,Agent E
LS-11421,2026-06-28 06:04,group,Frontline IE,Engineering
LS-12948,2026-06-28 06:33,status,Open,Solved
LS-10081,2026-06-28 09:29,owner,Agent M,Agent T
LS-12124,2026-06-28 09:38,status,Open,Solved
LS-13892,2026-06-28 10:55,owner,Agent Q,Agent A
LS-10380,2026-06-28 11:49,status,Open,Solved
LS-10331,2026-06-28 12:19,owner,Agent A,Agent S
LS-13457,2026-06-28 13:51,group,Frontline UK,Payroll Team
LS-10386,2026-06-28 14:09,status,Open,Solved
LS-13380,2026-06-28 14:13,owner,Agent T,Agent C
LS-13543,2026-06-28 15:07,owner,Agent T,Agent V
LS-14474,2026-06-28 17:16,owner,Agent K,Agent M
LS-12613,2026-06-28 17:37,owner,Agent A,Agent U
LS-12911,2026-06-28 18:16,status,Open,Solved
LS-14615,2026-06-28 19:03,group,Frontline IE,Product Specialists
LS-10128,2026-06-28 20:42,status,Open,Solved
LS-10035,2026-06-28 20:52,owner,Agent P,Agent J
LS-12908,2026-06-28 21:31,group,Frontline IE,Product Specialists
LS-13156,2026-06-28 21:35,status,Open,Solved
LS-14488,2026-06-28 21:50,owner,Agent L,Agent H
LS-12207,2026-06-28 22:08,status,Open,Solved
LS-13457,2026-06-28 23:19,owner,Agent H,Agent B
LS-12857,2026-06-28 23:48,group,Frontline UK,Engineering
LS-11944,2026-06-29 01:11,owner,Agent G,Agent V
LS-13380,2026-06-29 04:15,status,Open,Solved
LS-10404,2026-06-29 04:18,status,Open,Solved
LS-10769,2026-06-29 04:38,owner,Agent N,Agent P
LS-14462,2026-06-29 04:44,group,Frontline IE,Engineering
LS-13612,2026-06-29 05:12,owner,Agent I,Agent C
LS-10495,2026-06-29 06:17,owner,Agent N,Agent V
LS-14689,2026-06-29 06:32,group,Frontline UK,Engineering
LS-14615,2026-06-29 08:00,owner,Agent S,Agent H
LS-10863,2026-06-29 08:17,group,Frontline UK,Product Specialists
LS-13457,2026-06-29 08:47,status,Open,Solved
LS-14896,2026-06-29 09:27,group,Frontline UK,Product Specialists
LS-10502,2026-06-29 10:40,status,Open,Solved
LS-14069,2026-06-29 11:11,owner,Agent Q,Agent H
LS-10410,2026-06-29 11:39,status,Open,Solved
LS-12933,2026-06-29 11:53,group,Frontline UK,Product Specialists
LS-14610,2026-06-29 12:15,group,Frontline UK,Engineering
LS-13050,2026-06-29 12:24,status,Open,Solved
LS-10382,2026-06-29 12:25,group,Frontline IE,Engineering
LS-10939,2026-06-29 13:06,status,Open,Solved
LS-13976,2026-06-29 14:05,status,Open,Solved
LS-10603,2026-06-29 14:36,status,Open,Solved
LS-13448,2026-06-29 14:36,status,Open,Solved
LS-14790,2026-06-29 14:53,status,Open,Solved
LS-14474,2026-06-29 14:57,owner,Agent M,Agent E
LS-14831,2026-06-29 15:12,group,Frontline UK,Engineering
LS-10451,2026-06-29 15:15,group,Frontline UK,Product Specialists
LS-14749,2026-06-29 15:25,group,Frontline UK,Engineering
LS-10134,2026-06-29 16:03,status,Open,Solved
LS-14488,2026-06-29 16:27,owner,Agent H,Agent N
LS-15022,2026-06-29 18:46,status,Open,Solved
LS-10331,2026-06-29 18:48,status,Open,Solved
LS-13445,2026-06-29 19:12,owner,Agent L,Agent K
LS-13892,2026-06-29 20:21,status,Open,Solved
LS-14615,2026-06-29 20:56,status,Open,Solved
LS-12908,2026-06-29 21:45,owner,Agent U,Agent B
LS-14098,2026-06-29 21:58,status,Open,Solved
LS-14135,2026-06-29 22:23,status,Open,Solved
LS-10451,2026-06-29 23:32,owner,Agent F,Agent V
LS-14689,2026-06-30 00:19,owner,Agent E,Agent N
LS-11321,2026-06-30 01:45,owner,Agent U,Agent B
LS-14896,2026-06-30 02:14,owner,Agent S,Agent N
LS-14211,2026-06-30 02:20,group,Frontline UK,Payroll Team
LS-12933,2026-06-30 02:33,owner,Agent R,Agent O
LS-11184,2026-06-30 03:54,status,Open,Solved
LS-14749,2026-06-30 03:59,owner,Agent P,Agent G
LS-13436,2026-06-30 04:10,group,Frontline UK,Payroll Team
LS-12792,2026-06-30 04:39,status,Open,Solved
LS-12873,2026-06-30 05:40,status,Open,Solved
LS-10863,2026-06-30 05:59,owner,Agent L,Agent F
LS-10382,2026-06-30 06:06,owner,Agent F,Agent O
LS-12935,2026-06-30 06:45,status,Open,Solved
LS-10451,2026-06-30 07:49,status,Open,Solved
LS-10878,2026-06-30 10:47,status,Open,Solved
LS-14488,2026-06-30 11:03,status,Open,Solved
LS-14474,2026-06-30 12:39,status,Open,Solved
LS-13436,2026-06-30 14:49,owner,Agent F,Agent L
LS-14211,2026-06-30 15:05,owner,Agent N,Agent P
LS-11086,2026-06-30 15:06,group,Frontline UK,Payroll Team
LS-14730,2026-06-30 16:28,owner,Agent D,Agent F
LS-14749,2026-06-30 16:33,status,Open,Solved
LS-14380,2026-06-30 16:48,group,Frontline UK,Payroll Team
LS-13184,2026-06-30 17:03,status,Open,Solved
LS-12933,2026-06-30 17:12,status,Open,Solved
LS-11615,2026-06-30 17:27,owner,Agent N,Agent B
LS-14689,2026-06-30 18:06,owner,Agent N,Agent M
LS-13475,2026-06-30 18:22,status,Open,Solved
LS-11461,2026-06-30 18:36,owner,Agent I,Agent O
LS-14896,2026-06-30 19:02,owner,Agent N,Agent G
LS-13273,2026-06-30 19:26,status,Open,Solved
LS-12777,2026-06-30 19:29,owner,Agent R,Agent P
LS-11938,2026-06-30 19:38,owner,Agent K,Agent T
LS-13555,2026-06-30 19:47,status,Open,Solved
LS-12908,2026-06-30 21:59,status,Open,Solved
LS-14380,2026-06-30 22:16,owner,Agent T,Agent I
LS-10836,2026-06-30 22:23,group,Frontline UK,Engineering
LS-14376,2026-06-30 23:07,owner,Agent T,Agent B
LS-10341,2026-06-30 23:38,status,Open,Solved
LS-10382,2026-06-30 23:47,status,Open,Solved
LS-14786,2026-07-01 00:09,owner,Agent A,Agent D
LS-13436,2026-07-01 01:29,owner,Agent L,Agent O
LS-12809,2026-07-01 02:03,status,Open,Solved
LS-14831,2026-07-01 02:14,owner,Agent B,Agent T
LS-10863,2026-07-01 03:41,owner,Agent F,Agent N
LS-14380,2026-07-01 03:44,status,Open,Solved
LS-14211,2026-07-01 03:51,status,Open,Solved
LS-11982,2026-07-01 07:49,group,Frontline IE,Product Specialists
LS-11371,2026-07-01 09:34,group,Frontline IE,Engineering
LS-11566,2026-07-01 09:42,group,Frontline UK,Payroll Team
LS-14673,2026-07-01 10:07,group,Frontline IE,Engineering
LS-12099,2026-07-01 10:25,status,Open,Solved
LS-12519,2026-07-01 10:46,group,Frontline IE,Engineering
LS-10707,2026-07-01 11:38,group,Frontline IE,Engineering
LS-12267,2026-07-01 11:43,status,Open,Solved
LS-14896,2026-07-01 11:49,status,Open,Solved
LS-14689,2026-07-01 11:53,status,Open,Solved
LS-13436,2026-07-01 12:08,owner,Agent O,Agent P
LS-11982,2026-07-01 12:39,owner,Agent A,Agent O
LS-12034,2026-07-01 13:53,status,Open,Solved
LS-10953,2026-07-01 14:25,owner,Agent I,Agent H
LS-10205,2026-07-01 15:04,owner,Agent R,Agent J
LS-10473,2026-07-01 15:08,status,Open,Solved
LS-15003,2026-07-01 15:26,status,Open,Solved
LS-14726,2026-07-01 16:41,group,Frontline IE,Payroll Team
LS-10495,2026-07-01 17:17,owner,Agent V,Agent H
LS-14085,2026-07-01 17:24,group,Frontline UK,Payroll Team
LS-11982,2026-07-01 17:28,status,Open,Solved
LS-12046,2026-07-01 17:44,group,Frontline UK,Engineering
LS-11574,2026-07-01 17:48,group,Frontline IE,Engineering
LS-14282,2026-07-01 17:51,group,Frontline IE,Engineering
LS-11649,2026-07-01 17:52,status,Open,Solved
LS-10019,2026-07-01 18:09,group,Frontline UK,Product Specialists
LS-14074,2026-07-01 19:18,status,Open,Solved
LS-11566,2026-07-01 20:19,owner,Agent G,Agent H
LS-14154,2026-07-01 22:05,status,Open,Solved
LS-13436,2026-07-01 22:48,status,Open,Solved
LS-13621,2026-07-01 22:58,status,Open,Solved
LS-12660,2026-07-01 23:11,group,Frontline UK,Payroll Team
LS-11371,2026-07-01 23:23,owner,Agent O,Agent I
LS-11161,2026-07-02 00:25,status,Open,Solved
LS-11519,2026-07-02 00:37,status,Open,Solved
LS-13850,2026-07-02 00:48,group,Frontline UK,Engineering
LS-13039,2026-07-02 00:51,group,Frontline IE,Payroll Team
LS-10466,2026-07-02 01:19,group,Frontline IE,Product Specialists
LS-10863,2026-07-02 01:23,owner,Agent N,Agent Q
LS-11574,2026-07-02 02:09,owner,Agent M,Agent Q
LS-11492,2026-07-02 02:24,group,Frontline IE,Payroll Team
LS-13491,2026-07-02 02:36,status,Open,Solved
LS-13989,2026-07-02 03:06,group,Frontline UK,Payroll Team
LS-10466,2026-07-02 03:30,owner,Agent I,Agent R
LS-14783,2026-07-02 04:56,group,Frontline UK,Product Specialists
LS-14726,2026-07-02 05:13,owner,Agent M,Agent D
LS-10019,2026-07-02 05:35,owner,Agent M,Agent K
LS-10466,2026-07-02 05:42,status,Open,Solved
LS-13121,2026-07-02 05:51,group,Frontline UK,Payroll Team
LS-14286,2026-07-02 06:35,group,Frontline IE,Engineering
LS-11566,2026-07-02 06:56,owner,Agent H,Agent E
LS-12106,2026-07-02 08:53,owner,Agent K,Agent E
LS-13850,2026-07-02 09:06,owner,Agent M,Agent G
LS-14777,2026-07-02 09:13,group,Frontline UK,Engineering
LS-12046,2026-07-02 09:16,owner,Agent M,Agent N
LS-12519,2026-07-02 09:47,owner,Agent D,Agent B
LS-11574,2026-07-02 10:30,status,Open,Solved
LS-11492,2026-07-02 10:37,owner,Agent D,Agent K
LS-13813,2026-07-02 11:28,owner,Agent O,Agent A
LS-11923,2026-07-02 12:06,status,Open,Solved
LS-11371,2026-07-02 13:12,status,Open,Solved
LS-14831,2026-07-02 13:16,status,Open,Solved
LS-12660,2026-07-02 13:43,owner,Agent K,Agent S
LS-13989,2026-07-02 14:22,owner,Agent G,Agent S
LS-11509,2026-07-02 17:01,owner,Agent C,Agent I
LS-10019,2026-07-02 17:02,status,Open,Solved
LS-13850,2026-07-02 17:24,status,Open,Solved
LS-11566,2026-07-02 17:33,owner,Agent E,Agent D
LS-14726,2026-07-02 17:46,owner,Agent D,Agent B
LS-10395,2026-07-02 18:12,group,Frontline UK,Engineering
LS-11796,2026-07-02 18:13,status,Open,Solved
LS-11492,2026-07-02 18:50,status,Open,Solved
LS-13108,2026-07-02 18:53,status,Open,Solved
LS-13904,2026-07-02 19:11,owner,Agent I,Agent T
LS-14783,2026-07-02 19:56,owner,Agent M,Agent F
LS-14673,2026-07-02 20:08,owner,Agent G,Agent F
LS-10080,2026-07-02 22:28,status,Open,Solved
LS-10487,2026-07-02 22:29,group,Frontline UK,Payroll Team
LS-10863,2026-07-02 23:04,status,Open,Solved
LS-10035,2026-07-02 23:27,owner,Agent J,Agent O
LS-11061,2026-07-02 23:34,status,Open,Solved
LS-13657,2026-07-03 00:15,status,Open,Solved
LS-12046,2026-07-03 00:48,status,Open,Solved
LS-11141,2026-07-03 00:52,group,Frontline IE,Payroll Team
LS-14002,2026-07-03 01:03,status,Open,Solved
LS-11518,2026-07-03 01:07,status,Open,Solved
LS-10769,2026-07-03 01:09,status,Open,Solved
LS-10942,2026-07-03 01:11,owner,Agent D,Agent C
LS-13989,2026-07-03 01:37,status,Open,Solved
LS-12831,2026-07-03 03:15,group,Frontline UK,Product Specialists
LS-11566,2026-07-03 04:11,status,Open,Solved
LS-12660,2026-07-03 04:15,status,Open,Solved
LS-14044,2026-07-03 06:01,owner,Agent G,Agent I
LS-11172,2026-07-03 06:06,group,Frontline IE,Engineering
LS-10221,2026-07-03 06:15,status,Open,Solved
LS-14726,2026-07-03 06:18,status,Open,Solved
LS-10888,2026-07-03 07:10,status,Open,Solved
LS-10658,2026-07-03 07:47,status,Open,Solved
LS-12229,2026-07-03 08:01,owner,Agent R,Agent T
LS-10655,2026-07-03 08:05,owner,Agent S,Agent V
LS-12519,2026-07-03 08:48,status,Open,Solved
LS-12817,2026-07-03 10:22,group,Frontline IE,Engineering
LS-14783,2026-07-03 10:56,owner,Agent F,Agent R
LS-14888,2026-07-03 12:33,group,Frontline IE,Product Specialists
LS-14628,2026-07-03 13:21,status,Open,Solved
LS-11141,2026-07-03 13:25,owner,Agent I,Agent A
LS-14888,2026-07-03 13:30,owner,Agent K,Agent U
LS-11172,2026-07-03 13:52,owner,Agent H,Agent G
LS-13090,2026-07-03 14:12,status,Open,Solved
LS-14888,2026-07-03 14:26,owner,Agent U,Agent O
LS-10542,2026-07-03 14:29,status,Open,Solved
LS-12243,2026-07-03 14:34,group,Frontline UK,Engineering
LS-14888,2026-07-03 15:23,status,Open,Solved
LS-11575,2026-07-03 16:00,group,Frontline IE,Payroll Team
LS-10954,2026-07-03 16:43,status,Open,Solved
LS-14085,2026-07-03 18:12,owner,Agent G,Agent K
LS-13927,2026-07-03 20:55,group,Frontline UK,Payroll Team
LS-11042,2026-07-03 21:20,group,Frontline UK,Engineering
LS-11172,2026-07-03 21:39,status,Open,Solved
LS-11616,2026-07-03 23:02,group,Frontline UK,Payroll Team
LS-10671,2026-07-03 23:28,owner,Agent U,Agent L
LS-10564,2026-07-03 23:41,status,Open,Solved
LS-12399,2026-07-04 00:00,group,Frontline IE,Engineering
LS-14783,2026-07-04 01:56,status,Open,Solved
LS-11141,2026-07-04 01:59,owner,Agent A,Agent E
LS-12447,2026-07-04 03:32,owner,Agent F,Agent D
LS-11042,2026-07-04 03:58,owner,Agent Q,Agent K
LS-10495,2026-07-04 04:16,status,Open,Solved
LS-11339,2026-07-04 05:06,group,Frontline IE,Product Specialists
LS-12831,2026-07-04 05:12,owner,Agent D,Agent R
LS-14730,2026-07-04 05:20,owner,Agent F,Agent O
LS-14673,2026-07-04 06:09,status,Open,Solved
LS-14259,2026-07-04 06:17,group,Frontline UK,Engineering
LS-11339,2026-07-04 06:27,owner,Agent A,Agent U
LS-10952,2026-07-04 06:29,status,Open,Solved
LS-11163,2026-07-04 06:42,owner,Agent D,Agent A
LS-11339,2026-07-04 07:48,status,Open,Solved
LS-12476,2026-07-04 08:07,status,Open,Solved
LS-12860,2026-07-04 08:52,owner,Agent A,Agent P
LS-11616,2026-07-04 09:26,owner,Agent N,Agent L
LS-11042,2026-07-04 10:36,status,Open,Solved
LS-10836,2026-07-04 11:17,owner,Agent Q,Agent H
LS-14366,2026-07-04 12:14,group,Frontline UK,Engineering
LS-10562,2026-07-04 12:55,status,Open,Solved
LS-11944,2026-07-04 13:45,status,Open,Solved
LS-11141,2026-07-04 14:32,status,Open,Solved
LS-14968,2026-07-04 18:42,status,Open,Solved
LS-11616,2026-07-04 19:49,owner,Agent L,Agent I
LS-10682,2026-07-04 20:22,status,Open,Solved
LS-14610,2026-07-04 20:34,owner,Agent I,Agent C
LS-10558,2026-07-04 20:59,group,Frontline IE,Product Specialists
LS-11703,2026-07-04 22:08,group,Frontline UK,Payroll Team
LS-14571,2026-07-04 23:12,group,Frontline IE,Payroll Team
LS-10282,2026-07-04 23:18,status,Open,Solved
LS-14376,2026-07-04 23:55,status,Open,Solved
LS-10558,2026-07-04 23:59,owner,Agent O,Agent B
LS-11781,2026-07-05 01:02,status,Open,Solved
LS-11086,2026-07-05 01:09,owner,Agent O,Agent V
LS-10707,2026-07-05 02:14,owner,Agent F,Agent M
LS-11885,2026-07-05 02:31,group,Frontline UK,Engineering
LS-10558,2026-07-05 02:59,status,Open,Solved
LS-13157,2026-07-05 03:22,status,Open,Solved
LS-11760,2026-07-05 03:42,status,Open,Solved
LS-10081,2026-07-05 03:51,status,Open,Solved
LS-10205,2026-07-05 04:50,owner,Agent J,Agent P
LS-12610,2026-07-05 05:56,status,Open,Solved
LS-13530,2026-07-05 05:58,status,Open,Solved
LS-11616,2026-07-05 06:13,owner,Agent I,Agent P
LS-10487,2026-07-05 06:15,owner,Agent V,Agent A
LS-12831,2026-07-05 07:09,owner,Agent R,Agent B
LS-10653,2026-07-05 07:52,status,Open,Solved
LS-10877,2026-07-05 09:16,status,Open,Solved
LS-11423,2026-07-05 10:00,owner,Agent A,Agent I
LS-11408,2026-07-05 11:01,status,Open,Solved
LS-10099,2026-07-05 11:15,group,Frontline UK,Product Specialists
LS-11611,2026-07-05 11:32,status,Open,Solved
LS-10490,2026-07-05 11:36,group,Frontline UK,Payroll Team
LS-14461,2026-07-05 11:59,group,Frontline IE,Product Specialists
LS-10953,2026-07-05 13:08,status,Open,Solved
LS-14286,2026-07-05 13:21,owner,Agent N,Agent M
LS-11616,2026-07-05 16:37,owner,Agent P,Agent O
LS-10074,2026-07-05 16:43,group,Frontline UK,Product Specialists
LS-12650,2026-07-05 17:15,status,Open,Solved
LS-11322,2026-07-05 18:19,group,Frontline UK,Engineering
LS-14899,2026-07-05 18:34,group,Frontline UK,Payroll Team
LS-14085,2026-07-05 19:01,status,Open,Solved
LS-12817,2026-07-05 19:48,owner,Agent L,Agent I
LS-11421,2026-07-05 20:12,owner,Agent H,Agent A
LS-10490,2026-07-05 20:52,owner,Agent P,Agent L
LS-11360,2026-07-05 21:10,group,Frontline UK,Payroll Team
LS-10388,2026-07-05 21:42,owner,Agent V,Agent O
LS-11448,2026-07-05 22:59,group,Frontline UK,Engineering
LS-14899,2026-07-05 23:36,owner,Agent Q,Agent O
LS-10099,2026-07-06 00:29,owner,Agent Q,Agent U
LS-11322,2026-07-06 02:05,owner,Agent T,Agent L
LS-13452,2026-07-06 02:51,group,Frontline UK,Payroll Team
LS-11616,2026-07-06 03:00,status,Open,Solved
LS-13874,2026-07-06 03:08,status,Open,Solved
LS-14366,2026-07-06 03:41,owner,Agent G,Agent N
LS-10074,2026-07-06 04:00,owner,Agent D,Agent J
LS-14899,2026-07-06 04:39,status,Open,Solved
LS-11360,2026-07-06 04:46,owner,Agent D,Agent N
LS-14259,2026-07-06 04:54,owner,Agent T,Agent H
LS-14571,2026-07-06 04:55,owner,Agent D,Agent K
LS-11153,2026-07-06 05:56,status,Open,Solved
LS-10490,2026-07-06 06:08,status,Open,Solved
LS-13039,2026-07-06 06:55,owner,Agent U,Agent N
LS-13452,2026-07-06 07:00,owner,Agent K,Agent F
LS-12831,2026-07-06 09:06,status,Open,Solved
LS-11038,2026-07-06 09:45,group,Frontline IE,Engineering
LS-11322,2026-07-06 09:52,status,Open,Solved
LS-10063,2026-07-06 10:26,status,Open,Solved
LS-12384,2026-07-06 10:53,group,Frontline UK,Payroll Team
LS-10057,2026-07-06 10:55,group,Frontline IE,Engineering
LS-13452,2026-07-06 11:09,status,Open,Solved
LS-14671,2026-07-06 11:13,group,Frontline IE,Payroll Team
LS-13272,2026-07-06 11:25,group,Frontline UK,Payroll Team
LS-14240,2026-07-06 12:02,group,Frontline UK,Payroll Team
LS-11360,2026-07-06 12:22,owner,Agent N,Agent M
LS-10099,2026-07-06 13:43,status,Open,Solved
LS-14671,2026-07-06 13:57,owner,Agent G,Agent D
LS-10074,2026-07-06 15:17,status,Open,Solved
LS-14461,2026-07-06 16:29,owner,Agent H,Agent Q
LS-14671,2026-07-06 16:41,owner,Agent D,Agent T
LS-10531,2026-07-06 16:49,status,Open,Solved
LS-14240,2026-07-06 18:09,owner,Agent D,Agent O
LS-14671,2026-07-06 19:25,status,Open,Solved
LS-13121,2026-07-06 19:47,owner,Agent D,Agent I
LS-11360,2026-07-06 19:58,status,Open,Solved
LS-11876,2026-07-06 20:45,status,Open,Solved
LS-11703,2026-07-06 20:58,owner,Agent R,Agent N
LS-13752,2026-07-06 22:16,group,Frontline IE,Payroll Team
LS-10373,2026-07-06 22:23,group,Frontline UK,Engineering
LS-12540,2026-07-06 22:34,status,Open,Solved
LS-14361,2026-07-06 22:55,status,Open,Solved
LS-14240,2026-07-07 00:16,status,Open,Solved
LS-10721,2026-07-07 00:46,group,Frontline UK,Engineering
LS-10035,2026-07-07 02:02,status,Open,Solved
LS-14947,2026-07-07 02:30,group,Frontline UK,Product Specialists
LS-12383,2026-07-07 03:00,owner,Agent N,Agent F
LS-14618,2026-07-07 03:16,status,Open,Solved
LS-13726,2026-07-07 04:54,group,Frontline UK,Engineering
LS-14388,2026-07-07 05:55,status,Open,Solved
LS-10211,2026-07-07 06:41,status,Open,Solved
LS-11885,2026-07-07 08:16,owner,Agent V,Agent G
LS-10914,2026-07-07 09:59,status,Open,Solved
LS-12149,2026-07-07 10:25,status,Open,Solved
LS-14571,2026-07-07 10:38,owner,Agent K,Agent I
LS-12728,2026-07-07 10:45,status,Open,Solved
LS-12112,2026-07-07 11:51,owner,Agent T,Agent V
LS-12384,2026-07-07 12:21,owner,Agent R,Agent S
LS-10688,2026-07-07 12:56,group,Frontline UK,Payroll Team
LS-10338,2026-07-07 13:49,group,Frontline IE,Engineering
LS-10487,2026-07-07 14:01,status,Open,Solved
LS-10530,2026-07-07 14:18,group,Frontline UK,Engineering
LS-12829,2026-07-07 15:46,status,Open,Solved
LS-10630,2026-07-07 15:53,group,Frontline UK,Product Specialists
LS-13752,2026-07-07 16:04,owner,Agent C,Agent Q
LS-12060,2026-07-07 16:43,status,Open,Solved
LS-10649,2026-07-07 17:06,group,Frontline UK,Payroll Team
LS-10373,2026-07-07 18:12,owner,Agent Q,Agent T
LS-14730,2026-07-07 18:12,owner,Agent O,Agent V
LS-11883,2026-07-07 18:22,status,Open,Solved
LS-14366,2026-07-07 19:08,status,Open,Solved
LS-10721,2026-07-07 20:15,owner,Agent J,Agent S
LS-14461,2026-07-07 20:59,status,Open,Solved
LS-12243,2026-07-07 23:10,owner,Agent G,Agent K
LS-10688,2026-07-07 23:45,owner,Agent F,Agent S
LS-10836,2026-07-08 00:11,owner,Agent H,Agent M
LS-14034,2026-07-08 00:35,group,Frontline UK,Product Specialists
LS-10395,2026-07-08 01:13,owner,Agent C,Agent J
LS-11624,2026-07-08 02:00,group,Frontline UK,Product Specialists
LS-11854,2026-07-08 03:08,owner,Agent E,Agent O
LS-11471,2026-07-08 03:30,group,Frontline UK,Engineering
LS-14259,2026-07-08 03:32,owner,Agent H,Agent V
LS-11638,2026-07-08 03:52,status,Open,Solved
LS-12323,2026-07-08 04:32,group,Frontline IE,Engineering
LS-14415,2026-07-08 04:38,status,Open,Solved
LS-12817,2026-07-08 05:14,owner,Agent I,Agent G
LS-14648,2026-07-08 05:42,status,Open,Solved
LS-10619,2026-07-08 07:16,owner,Agent B,Agent J
LS-13752,2026-07-08 09:52,owner,Agent Q,Agent U
LS-10688,2026-07-08 10:33,status,Open,Solved
LS-11095,2026-07-08 11:15,status,Open,Solved
LS-12209,2026-07-08 11:20,group,Frontline UK,Product Specialists
LS-10267,2026-07-08 13:03,group,Frontline UK,Engineering
LS-14034,2026-07-08 13:33,owner,Agent L,Agent D
LS-10630,2026-07-08 13:34,owner,Agent A,Agent F
LS-12384,2026-07-08 13:49,owner,Agent S,Agent D
LS-10373,2026-07-08 14:01,status,Open,Solved
LS-11533,2026-07-08 15:05,status,Open,Solved
LS-12631,2026-07-08 15:31,group,Frontline UK,Engineering
LS-10721,2026-07-08 15:44,owner,Agent S,Agent B
LS-14045,2026-07-08 15:49,status,Open,Solved
LS-10057,2026-07-08 15:55,owner,Agent A,Agent O
LS-14571,2026-07-08 16:21,owner,Agent I,Agent O
LS-10707,2026-07-08 16:50,status,Open,Solved
LS-10205,2026-07-08 18:35,owner,Agent P,Agent G
LS-11509,2026-07-08 19:02,status,Open,Solved
LS-11703,2026-07-08 19:47,owner,Agent N,Agent A
LS-14286,2026-07-08 20:08,status,Open,Solved
LS-12209,2026-07-08 20:31,owner,Agent I,Agent V
LS-14371,2026-07-08 21:58,group,Frontline IE,Engineering
LS-10456,2026-07-08 23:06,status,Open,Solved
LS-11283,2026-07-08 23:28,group,Frontline IE,Product Specialists
LS-14290,2026-07-08 23:31,group,Frontline UK,Product Specialists
LS-11157,2026-07-09 00:28,group,Frontline UK,Product Specialists
LS-10138,2026-07-09 01:49,status,Open,Solved
LS-10530,2026-07-09 01:50,owner,Agent D,Agent R
LS-13445,2026-07-09 02:00,owner,Agent K,Agent J
LS-13726,2026-07-09 02:06,owner,Agent V,Agent F
LS-14034,2026-07-09 02:31,status,Open,Solved
LS-14947,2026-07-09 03:03,owner,Agent G,Agent C
LS-10338,2026-07-09 03:13,owner,Agent E,Agent N
LS-13752,2026-07-09 03:40,status,Open,Solved
LS-10547,2026-07-09 04:14,status,Open,Solved
LS-14327,2026-07-09 04:20,status,Open,Solved
LS-12209,2026-07-09 05:42,owner,Agent V,Agent F
LS-10370,2026-07-09 05:46,group,Frontline UK,Engineering
LS-14634,2026-07-09 07:01,group,Frontline IE,Product Specialists
LS-14290,2026-07-09 07:13,owner,Agent C,Agent Q
LS-14634,2026-07-09 08:12,owner,Agent K,Agent Q
LS-14634,2026-07-09 09:22,status,Open,Solved
LS-11283,2026-07-09 09:25,owner,Agent F,Agent N
LS-10370,2026-07-09 09:41,owner,Agent N,Agent L
LS-13728,2026-07-09 10:03,status,Open,Solved
LS-13152,2026-07-09 10:11,status,Open,Solved
LS-14127,2026-07-09 11:06,status,Open,Solved
LS-10721,2026-07-09 11:13,status,Open,Solved
LS-11086,2026-07-09 11:13,owner,Agent V,Agent C
LS-10630,2026-07-09 11:15,owner,Agent F,Agent B
LS-12900,2026-07-09 11:58,status,Open,Solved
LS-11958,2026-07-09 12:17,group,Frontline UK,Engineering
LS-10370,2026-07-09 13:36,status,Open,Solved
LS-10942,2026-07-09 13:36,owner,Agent C,Agent S
LS-11885,2026-07-09 14:01,owner,Agent G,Agent B
LS-14044,2026-07-09 14:11,owner,Agent I,Agent J
LS-12209,2026-07-09 14:53,status,Open,Solved
LS-13349,2026-07-09 14:55,group,Frontline IE,Payroll Team
LS-14290,2026-07-09 14:55,status,Open,Solved
LS-12384,2026-07-09 15:16,status,Open,Solved
LS-14030,2026-07-09 18:47,group,Frontline IE,Engineering
LS-11283,2026-07-09 19:22,owner,Agent N,Agent V
LS-10645,2026-07-09 20:37,group,Frontline UK,Engineering
LS-14571,2026-07-09 22:04,status,Open,Solved
LS-10129,2026-07-09 22:20,group,Frontline IE,Engineering
LS-10649,2026-07-09 22:39,owner,Agent O,Agent E
LS-11461,2026-07-10 00:13,status,Open,Solved
LS-14371,2026-07-10 00:51,owner,Agent M,Agent E
LS-14259,2026-07-10 02:09,status,Open,Solved
LS-12453,2026-07-10 03:23,group,Frontline UK,Payroll Team
LS-11983,2026-07-10 03:36,group,Frontline IE,Payroll Team
LS-14610,2026-07-10 04:53,status,Open,Solved
LS-11157,2026-07-10 04:55,owner,Agent V,Agent A
LS-11938,2026-07-10 04:57,owner,Agent T,Agent H
LS-11983,2026-07-10 05:17,owner,Agent K,Agent F
LS-11283,2026-07-10 05:20,status,Open,Solved
LS-11884,2026-07-10 05:51,status,Open,Solved
LS-10706,2026-07-10 06:34,group,Frontline UK,Engineering
LS-11983,2026-07-10 06:57,status,Open,Solved
LS-14334,2026-07-10 07:40,status,Open,Solved
LS-12260,2026-07-10 08:08,status,Open,Solved
LS-12453,2026-07-10 08:42,owner,Agent P,Agent B
LS-10630,2026-07-10 08:56,status,Open,Solved
LS-11452,2026-07-10 09:24,owner,Agent T,Agent F
LS-10157,2026-07-10 10:16,status,Open,Solved
LS-14047,2026-07-10 12:14,group,Frontline UK,Engineering
LS-13039,2026-07-10 12:59,owner,Agent N,Agent M
LS-10530,2026-07-10 13:23,status,Open,Solved
LS-12453,2026-07-10 14:01,status,Open,Solved
LS-12817,2026-07-10 14:40,status,Open,Solved
LS-12784,2026-07-10 15:07,group,Frontline UK,Payroll Team
LS-14299,2026-07-10 15:11,status,Open,Solved
LS-10409,2026-07-10 15:32,group,Frontline IE,Engineering
LS-10741,2026-07-10 15:46,group,Frontline UK,Product Specialists
LS-10338,2026-07-10 16:38,status,Open,Solved
LS-12784,2026-07-10 17:12,owner,Agent P,Agent D
LS-11703,2026-07-10 18:37,status,Open,Solved
LS-12323,2026-07-10 18:44,owner,Agent D,Agent C
LS-14786,2026-07-10 19:10,status,Open,Solved
LS-12784,2026-07-10 19:16,status,Open,Solved
LS-14880,2026-07-10 20:10,status,Open,Solved
LS-14580,2026-07-10 20:47,group,Frontline UK,Engineering
LS-13277,2026-07-10 20:51,status,Open,Solved
LS-10057,2026-07-10 20:55,owner,Agent O,Agent P
LS-12860,2026-07-10 21:13,status,Open,Solved
LS-13726,2026-07-10 23:18,owner,Agent F,Agent C
LS-14396,2026-07-11 01:17,status,Open,Solved
LS-11359,2026-07-11 02:10,status,Open,Solved
LS-10675,2026-07-11 02:54,group,Frontline IE,Engineering
LS-11575,2026-07-11 03:05,owner,Agent H,Agent T
LS-10129,2026-07-11 03:31,owner,Agent Q,Agent F
LS-14947,2026-07-11 03:36,owner,Agent C,Agent O
LS-14371,2026-07-11 03:44,owner,Agent E,Agent O
LS-13349,2026-07-11 04:05,owner,Agent R,Agent T
LS-12229,2026-07-11 04:24,status,Open,Solved
LS-11958,2026-07-11 04:38,owner,Agent L,Agent E
LS-10067,2026-07-11 05:20,group,Frontline UK,Product Specialists
LS-14237,2026-07-11 05:20,status,Open,Solved
LS-10671,2026-07-11 05:24,status,Open,Solved
LS-13145,2026-07-11 06:21,status,Open,Solved
LS-10108,2026-07-11 06:25,status,Open,Solved
LS-14730,2026-07-11 07:04,status,Open,Solved
LS-14349,2026-07-11 07:29,group,Frontline UK,Engineering
LS-10354,2026-07-11 08:32,group,Frontline IE,Engineering
LS-10751,2026-07-11 08:47,group,Frontline UK,Payroll Team
LS-11157,2026-07-11 09:21,status,Open,Solved
LS-13121,2026-07-11 09:43,owner,Agent I,Agent A
LS-13985,2026-07-11 11:41,status,Open,Solved
LS-14410,2026-07-11 12:25,group,Frontline UK,Payroll Team
LS-10861,2026-07-11 12:27,status,Open,Solved
LS-12589,2026-07-11 12:33,status,Open,Solved
LS-12106,2026-07-11 12:48,owner,Agent E,Agent L
LS-10193,2026-07-11 12:55,group,Frontline IE,Payroll Team
LS-10836,2026-07-11 13:05,owner,Agent M,Agent E
LS-13965,2026-07-11 13:20,group,Frontline UK,Payroll Team
LS-14349,2026-07-11 14:19,owner,Agent A,Agent V
LS-14282,2026-07-11 14:28,owner,Agent M,Agent O
LS-10645,2026-07-11 14:58,owner,Agent T,Agent D
LS-10067,2026-07-11 16:13,owner,Agent P,Agent Q
LS-14410,2026-07-11 16:18,owner,Agent G,Agent Q
LS-12692,2026-07-11 16:25,group,Frontline UK,Product Specialists
LS-11885,2026-07-11 19:45,owner,Agent B,Agent F
LS-10866,2026-07-11 20:04,group,Frontline UK,Payroll Team
LS-14410,2026-07-11 20:11,status,Open,Solved
LS-14349,2026-07-11 21:08,status,Open,Solved
LS-12613,2026-07-11 21:11,owner,Agent U,Agent O
LS-13111,2026-07-11 21:40,status,Open,Solved
LS-12706,2026-07-11 22:10,group,Frontline UK,Product Specialists
LS-14344,2026-07-11 22:29,group,Frontline UK,Engineering
LS-14657,2026-07-12 00:16,status,Open,Solved
LS-10096,2026-07-12 00:40,group,Frontline IE,Engineering
LS-14580,2026-07-12 01:50,owner,Agent I,Agent E
LS-10067,2026-07-12 03:06,status,Open,Solved
LS-13652,2026-07-12 03:25,group,Frontline UK,Payroll Team
LS-10649,2026-07-12 04:13,status,Open,Solved
LS-10866,2026-07-12 04:29,owner,Agent N,Agent A
LS-10751,2026-07-12 04:31,owner,Agent S,Agent D
LS-10741,2026-07-12 04:47,owner,Agent T,Agent K
LS-11471,2026-07-12 05:04,owner,Agent T,Agent R
LS-11843,2026-07-12 05:32,group,Frontline UK,Payroll Team
LS-12765,2026-07-12 05:39,status,Open,Solved
LS-14371,2026-07-12 06:38,status,Open,Solved
LS-10655,2026-07-12 07:09,status,Open,Solved
LS-12243,2026-07-12 07:47,owner,Agent K,Agent A
LS-12706,2026-07-12 08:00,owner,Agent G,Agent F
LS-10205,2026-07-12 08:21,owner,Agent G,Agent N
LS-14030,2026-07-12 08:25,owner,Agent U,Agent C
LS-10129,2026-07-12 08:41,status,Open,Solved
LS-14903,2026-07-12 08:59,status,Open,Solved
LS-13904,2026-07-12 09:13,owner,Agent T,Agent A
LS-11950,2026-07-12 10:29,status,Open,Solved
LS-10866,2026-07-12 12:53,owner,Agent A,Agent G
LS-12226,2026-07-12 12:53,status,Open,Solved
LS-14613,2026-07-12 13:15,group,Frontline IE,Engineering
LS-13613,2026-07-12 13:48,group,Frontline UK,Engineering
LS-11504,2026-07-12 14:16,owner,Agent G,Agent P
LS-14930,2026-07-12 15:35,group,Frontline UK,Payroll Team
LS-13349,2026-07-12 17:15,status,Open,Solved
LS-11367,2026-07-12 17:45,group,Frontline UK,Engineering
LS-12706,2026-07-12 17:50,status,Open,Solved
LS-12504,2026-07-12 19:33,status,Open,Solved
LS-13726,2026-07-12 20:30,status,Open,Solved
LS-11958,2026-07-12 20:59,status,Open,Solved
LS-10866,2026-07-12 21:18,status,Open,Solved
LS-13652,2026-07-12 21:53,owner,Agent L,Agent U
LS-11843,2026-07-12 23:19,owner,Agent E,Agent M
LS-14149,2026-07-12 23:48,group,Frontline UK,Product Specialists
LS-10751,2026-07-13 00:16,owner,Agent D,Agent V
LS-12799,2026-07-13 00:16,status,Open,Solved
LS-12710,2026-07-13 00:42,group,Frontline UK,Product Specialists
LS-13543,2026-07-13 01:26,owner,Agent V,Agent S
LS-11094,2026-07-13 01:43,status,Open,Solved
LS-10057,2026-07-13 01:55,status,Open,Solved
LS-14947,2026-07-13 04:09,status,Open,Solved
LS-14333,2026-07-13 05:09,group,Frontline IE,Engineering
LS-10193,2026-07-13 06:37,owner,Agent D,Agent L
LS-14580,2026-07-13 06:53,status,Open,Solved
LS-10354,2026-07-13 07:34,owner,Agent T,Agent E
LS-10395,2026-07-13 08:14,owner,Agent J,Agent D
LS-12253,2026-07-13 08:17,status,Open,Solved
LS-12323,2026-07-13 08:57,status,Open,Solved
LS-12120,2026-07-13 09:11,group,Frontline UK,Product Specialists
LS-10645,2026-07-13 09:19,owner,Agent D,Agent V
LS-13957,2026-07-13 09:31,group,Frontline UK,Product Specialists
LS-12777,2026-07-13 10:03,status,Open,Solved
LS-11421,2026-07-13 10:20,status,Open,Solved
LS-14149,2026-07-13 11:43,owner,Agent A,Agent G
LS-10859,2026-07-13 12:19,status,Open,Solved
LS-13957,2026-07-13 13:44,owner,Agent S,Agent Q
LS-12631,2026-07-13 14:58,owner,Agent J,Agent A
LS-10388,2026-07-13 15:14,status,Open,Solved
LS-13652,2026-07-13 16:21,owner,Agent U,Agent D
LS-11843,2026-07-13 17:06,status,Open,Solved
LS-10741,2026-07-13 17:48,owner,Agent K,Agent F
LS-11026,2026-07-13 17:51,status,Open,Solved
LS-13957,2026-07-13 17:57,status,Open,Solved
LS-11367,2026-07-13 19:45,owner,Agent T,Agent N
LS-10751,2026-07-13 20:00,owner,Agent V,Agent J
LS-10267,2026-07-13 20:07,owner,Agent F,Agent D
LS-11086,2026-07-13 21:16,owner,Agent C,Agent R
LS-12536,2026-07-13 21:57,status,Open,Solved
LS-14149,2026-07-13 23:38,owner,Agent G,Agent T
LS-10839,2026-07-14 01:25,status,Open,Solved
LS-11885,2026-07-14 01:30,owner,Agent F,Agent M
LS-11624,2026-07-14 02:36,owner,Agent K,Agent T
LS-11304,2026-07-14 06:34,group,Frontline IE,Payroll Team
LS-11279,2026-07-14 07:00,status,Open,Solved
LS-13340,2026-07-14 08:00,status,Open,Solved
LS-11448,2026-07-14 08:13,owner,Agent S,Agent F
LS-10357,2026-07-14 08:51,status,Open,Solved
LS-13228,2026-07-14 08:56,status,Open,Solved
LS-13652,2026-07-14 10:49,status,Open,Solved
LS-12857,2026-07-14 11:24,owner,Agent B,Agent I
LS-14149,2026-07-14 11:33,status,Open,Solved
LS-11685,2026-07-14 14:31,status,Open,Solved
LS-13887,2026-07-14 14:53,status,Open,Solved
LS-14857,2026-07-14 15:10,group,Frontline IE,Engineering
LS-13272,2026-07-14 15:14,owner,Agent I,Agent C
LS-10751,2026-07-14 15:44,status,Open,Solved
LS-10429,2026-07-14 16:34,status,Open,Solved
LS-11304,2026-07-14 17:49,owner,Agent F,Agent U
LS-11305,2026-07-14 18:04,status,Open,Solved
LS-14619,2026-07-14 18:48,status,Open,Solved
LS-13039,2026-07-14 19:03,owner,Agent M,Agent B
LS-15036,2026-07-14 19:39,group,Frontline UK,Product Specialists
LS-10838,2026-07-14 19:57,status,Open,Solved
LS-14236,2026-07-14 21:24,status,Open,Solved
LS-11437,2026-07-14 21:33,group,Frontline UK,Product Specialists
LS-11367,2026-07-14 21:45,status,Open,Solved
LS-14030,2026-07-14 22:03,status,Open,Solved
LS-11437,2026-07-14 22:12,owner,Agent J,Agent R
LS-15036,2026-07-14 22:37,owner,Agent A,Agent D
LS-11437,2026-07-14 22:52,status,Open,Solved
LS-14340,2026-07-14 23:29,status,Open,Solved
LS-14777,2026-07-14 23:49,owner,Agent C,Agent F
LS-10193,2026-07-15 00:19,status,Open,Solved
LS-11321,2026-07-15 00:43,owner,Agent B,Agent Q
LS-15036,2026-07-15 01:35,status,Open,Solved
LS-10836,2026-07-15 01:58,status,Open,Solved
LS-10117,2026-07-15 02:31,group,Frontline UK,Payroll Team
LS-11561,2026-07-15 02:36,status,Open,Solved
LS-14569,2026-07-15 03:06,group,Frontline UK,Engineering
LS-10645,2026-07-15 03:40,owner,Agent V,Agent B
LS-12662,2026-07-15 03:56,status,Open,Solved
LS-11304,2026-07-15 05:04,status,Open,Solved
LS-14138,2026-07-15 05:50,status,Open,Solved
LS-10354,2026-07-15 06:36,status,Open,Solved
LS-10741,2026-07-15 06:49,status,Open,Solved
LS-14569,2026-07-15 07:23,owner,Agent U,Agent E
LS-13702,2026-07-15 08:36,status,Open,Solved
LS-13813,2026-07-15 08:58,owner,Agent A,Agent G
LS-15065,2026-07-15 10:02,status,Open,Solved
LS-12189,2026-07-15 10:07,status,Open,Solved
LS-10117,2026-07-15 10:17,owner,Agent H,Agent R
LS-12508,2026-07-15 10:26,status,Open,Solved
LS-11335,2026-07-15 10:30,status,Open,Solved
LS-13590,2026-07-15 11:18,status,Open,Solved
LS-14569,2026-07-15 11:40,status,Open,Solved
LS-14128,2026-07-15 13:03,group,Frontline UK,Engineering
LS-12447,2026-07-15 15:09,status,Open,Solved
LS-14352,2026-07-15 16:07,group,Frontline UK,Engineering
LS-10096,2026-07-15 16:31,owner,Agent K,Agent F
LS-13911,2026-07-15 16:48,status,Open,Solved
LS-12663,2026-07-15 16:49,group,Frontline UK,Product Specialists
LS-10117,2026-07-15 18:04,owner,Agent R,Agent N
LS-13709,2026-07-15 19:40,status,Open,Solved
LS-13846,2026-07-15 19:54,group,Frontline UK,Engineering
LS-14352,2026-07-15 20:02,owner,Agent K,Agent A
LS-14836,2026-07-15 20:29,group,Frontline IE,Product Specialists
LS-14930,2026-07-15 22:02,owner,Agent H,Agent B
LS-10205,2026-07-15 22:07,status,Open,Solved
LS-14044,2026-07-15 22:21,status,Open,Solved
LS-13121,2026-07-15 23:39,owner,Agent A,Agent L
LS-14352,2026-07-15 23:58,status,Open,Solved
LS-10117,2026-07-16 01:50,status,Open,Solved
LS-10942,2026-07-16 02:00,status,Open,Solved
LS-14128,2026-07-16 03:44,owner,Agent F,Agent P
LS-14219,2026-07-16 04:32,owner,Agent G,Agent O
LS-10727,2026-07-16 04:34,group,Frontline IE,Engineering
LS-11471,2026-07-16 06:39,owner,Agent R,Agent Q
LS-11885,2026-07-16 07:15,status,Open,Solved
LS-14836,2026-07-16 07:34,owner,Agent A,Agent N
LS-12038,2026-07-16 08:20,group,Frontline UK,Engineering
LS-12134,2026-07-16 08:21,status,Open,Solved
LS-14047,2026-07-16 09:01,owner,Agent R,Agent M
LS-14024,2026-07-16 11:42,group,Frontline UK,Payroll Team
LS-10127,2026-07-16 13:01,status,Open,Solved
LS-12399,2026-07-16 13:23,owner,Agent D,Agent V
LS-14547,2026-07-16 13:39,status,Open,Solved
LS-10409,2026-07-16 14:04,owner,Agent U,Agent C
LS-12243,2026-07-16 16:23,owner,Agent A,Agent V
LS-14128,2026-07-16 18:25,status,Open,Solved
LS-14836,2026-07-16 18:39,owner,Agent N,Agent S
LS-14070,2026-07-16 20:58,group,Frontline UK,Engineering
LS-11601,2026-07-16 21:17,group,Frontline UK,Engineering
LS-14857,2026-07-16 21:38,owner,Agent T,Agent S
LS-10645,2026-07-16 22:01,status,Open,Solved
LS-11017,2026-07-16 22:30,status,Open,Solved
LS-10915,2026-07-16 23:15,group,Frontline UK,Payroll Team
LS-11612,2026-07-16 23:40,status,Open,Solved
LS-12663,2026-07-17 01:37,owner,Agent S,Agent N
LS-14660,2026-07-17 02:04,group,Frontline UK,Payroll Team
LS-10917,2026-07-17 03:26,status,Open,Solved
LS-14853,2026-07-17 03:30,status,Open,Solved
LS-14836,2026-07-17 05:45,status,Open,Solved
LS-14660,2026-07-17 08:20,owner,Agent S,Agent T
LS-12692,2026-07-17 09:22,owner,Agent U,Agent O
LS-11870,2026-07-17 12:04,owner,Agent T,Agent I
LS-11118,2026-07-17 12:46,status,Open,Solved
LS-13454,2026-07-17 13:08,status,Open,Solved
LS-12710,2026-07-17 14:12,owner,Agent Q,Agent O
LS-14920,2026-07-17 14:34,status,Open,Solved
LS-14660,2026-07-17 14:35,status,Open,Solved
LS-12701,2026-07-17 16:01,status,Open,Solved
LS-12120,2026-07-17 18:38,owner,Agent S,Agent M
LS-10344,2026-07-17 18:43,group,Frontline IE,Payroll Team
LS-11295,2026-07-17 20:05,status,Open,Solved
LS-14344,2026-07-17 20:25,owner,Agent P,Agent A
LS-15005,2026-07-17 20:36,group,Frontline UK,Engineering
LS-13276,2026-07-17 21:04,status,Open,Solved
LS-11858,2026-07-17 21:26,owner,Agent H,Agent Q
LS-11776,2026-07-17 23:53,status,Open,Solved
LS-12383,2026-07-18 00:03,status,Open,Solved
LS-11031,2026-07-18 00:52,group,Frontline UK,Product Specialists
LS-13118,2026-07-18 01:15,group,Frontline UK,Engineering
LS-14205,2026-07-18 03:39,status,Open,Solved
LS-13014,2026-07-18 03:53,status,Open,Solved
LS-11832,2026-07-18 04:06,status,Open,Solved
LS-14505,2026-07-18 04:57,group,Frontline UK,Engineering
LS-11086,2026-07-18 07:20,owner,Agent R,Agent L
LS-14333,2026-07-18 07:25,owner,Agent V,Agent R
LS-13445,2026-07-18 08:48,owner,Agent J,Agent M
LS-15082,2026-07-18 08:49,status,Open,Solved
LS-12663,2026-07-18 10:25,status,Open,Solved
LS-11961,2026-07-18 10:45,status,Open,Solved
LS-13443,2026-07-18 11:29,group,Frontline UK,Payroll Team
LS-11815,2026-07-18 12:03,status,Open,Solved
LS-13443,2026-07-18 12:38,owner,Agent F,Agent N
LS-10727,2026-07-18 12:45,owner,Agent S,Agent H
LS-13443,2026-07-18 13:48,owner,Agent N,Agent E
LS-11575,2026-07-18 14:10,owner,Agent T,Agent E
LS-12631,2026-07-18 14:25,status,Open,Solved
LS-13443,2026-07-18 14:57,status,Open,Solved
LS-10395,2026-07-18 15:15,owner,Agent D,Agent T
LS-13613,2026-07-18 15:18,owner,Agent L,Agent F
LS-11031,2026-07-18 16:24,owner,Agent S,Agent I
LS-15081,2026-07-18 16:34,status,Open,Solved
LS-11021,2026-07-18 17:59,group,Frontline UK,Engineering
LS-10948,2026-07-18 18:00,status,Open,Solved
LS-12620,2026-07-18 20:04,group,Frontline UK,Engineering
LS-12507,2026-07-18 20:16,status,Open,Solved
LS-11657,2026-07-18 20:33,status,Open,Solved
LS-14255,2026-07-18 20:51,status,Open,Solved
LS-11163,2026-07-18 22:00,owner,Agent A,Agent J
LS-12095,2026-07-18 23:29,status,Open,Solved
LS-14409,2026-07-19 00:07,group,Frontline UK,Engineering
LS-13039,2026-07-19 01:07,owner,Agent B,Agent D
LS-10267,2026-07-19 03:11,owner,Agent D,Agent K
LS-10344,2026-07-19 03:32,owner,Agent D,Agent A
LS-14857,2026-07-19 04:05,status,Open,Solved
LS-14930,2026-07-19 04:29,owner,Agent B,Agent C
LS-14372,2026-07-19 04:51,group,Frontline UK,Engineering
LS-10524,2026-07-19 05:09,group,Frontline UK,Engineering
LS-13439,2026-07-19 05:20,status,Open,Solved
LS-11285,2026-07-19 05:45,group,Frontline UK,Product Specialists
LS-11254,2026-07-19 06:06,owner,Agent B,Agent I
LS-14024,2026-07-19 06:08,owner,Agent N,Agent T
LS-13033,2026-07-19 06:40,status,Open,Solved
LS-14409,2026-07-19 07:22,owner,Agent B,Agent A
LS-11021,2026-07-19 07:28,owner,Agent T,Agent B
LS-10892,2026-07-19 07:54,owner,Agent E,Agent P
LS-11031,2026-07-19 07:56,status,Open,Solved
LS-10096,2026-07-19 08:22,owner,Agent F,Agent P
LS-10619,2026-07-19 09:38,status,Open,Solved
LS-13118,2026-07-19 09:47,owner,Agent F,Agent R
LS-14505,2026-07-19 11:15,owner,Agent K,Agent H
LS-10800,2026-07-19 11:43,status,Open,Solved
LS-12333,2026-07-19 11:51,status,Open,Solved
LS-12391,2026-07-19 13:10,status,Open,Solved
LS-12088,2026-07-19 13:20,group,Frontline UK,Engineering
LS-11849,2026-07-19 13:33,status,Open,Solved
LS-14932,2026-07-19 13:57,status,Open,Solved
LS-11938,2026-07-19 14:16,owner,Agent H,Agent D
LS-14409,2026-07-19 14:37,status,Open,Solved
LS-15005,2026-07-19 16:39,owner,Agent R,Agent T
LS-12083,2026-07-19 16:46,group,Frontline UK,Product Specialists
LS-11285,2026-07-19 18:48,owner,Agent J,Agent A
LS-13923,2026-07-19 19:44,status,Open,Solved
LS-11021,2026-07-19 20:57,status,Open,Solved
LS-12620,2026-07-20 00:36,owner,Agent D,Agent G
LS-10733,2026-07-20 02:26,group,Frontline UK,Engineering
LS-11624,2026-07-20 03:11,owner,Agent T,Agent J
LS-11662,2026-07-20 03:48,group,Frontline UK,Product Specialists
LS-10733,2026-07-20 04:03,owner,Agent K,Agent E
LS-10733,2026-07-20 05:40,status,Open,Solved
LS-12077,2026-07-20 06:20,group,Frontline UK,Engineering
LS-14023,2026-07-20 06:50,group,Frontline UK,Engineering
LS-13881,2026-07-20 06:59,status,Open,Solved
LS-11285,2026-07-20 07:51,owner,Agent A,Agent D
LS-11471,2026-07-20 08:13,owner,Agent Q,Agent O
LS-12890,2026-07-20 08:29,group,Frontline UK,Engineering
LS-14650,2026-07-20 09:17,status,Open,Solved
LS-11662,2026-07-20 10:14,owner,Agent U,Agent H
LS-10344,2026-07-20 12:21,owner,Agent A,Agent R
LS-13121,2026-07-20 13:36,status,Open,Solved
LS-14826,2026-07-20 15:36,status,Open,Solved
LS-14345,2026-07-20 15:43,status,Open,Solved
LS-11662,2026-07-20 16:40,status,Open,Solved
LS-12106,2026-07-20 16:42,owner,Agent L,Agent R
LS-12077,2026-07-20 16:49,owner,Agent K,Agent V
LS-12409,2026-07-20 17:13,status,Open,Solved
LS-14505,2026-07-20 17:33,status,Open,Solved
LS-13118,2026-07-20 18:19,status,Open,Solved
LS-12424,2026-07-20 20:45,group,Frontline UK,Product Specialists
LS-11285,2026-07-20 20:54,status,Open,Solved
LS-10727,2026-07-20 20:57,owner,Agent H,Agent V
LS-14846,2026-07-20 21:06,group,Frontline UK,Payroll Team
LS-11282,2026-07-20 21:18,group,Frontline UK,Engineering
LS-12389,2026-07-20 21:44,status,Open,Solved
LS-12424,2026-07-21 00:46,owner,Agent G,Agent T
LS-12243,2026-07-21 01:00,owner,Agent V,Agent C
LS-14846,2026-07-21 01:56,owner,Agent G,Agent Q
LS-12077,2026-07-21 03:19,status,Open,Solved
LS-14704,2026-07-21 04:46,group,Frontline UK,Engineering
LS-12424,2026-07-21 04:47,status,Open,Solved
LS-12620,2026-07-21 05:09,status,Open,Solved
LS-14846,2026-07-21 06:46,status,Open,Solved
LS-10524,2026-07-21 06:59,owner,Agent I,Agent V
LS-12845,2026-07-21 07:27,status,Open,Solved
LS-12088,2026-07-21 10:03,owner,Agent T,Agent L
LS-14951,2026-07-21 11:04,group,Frontline UK,Engineering
LS-14282,2026-07-21 11:05,owner,Agent O,Agent D
LS-15005,2026-07-21 12:42,status,Open,Solved
LS-10872,2026-07-21 13:35,status,Open,Solved
LS-14023,2026-07-21 14:33,owner,Agent S,Agent F
LS-11423,2026-07-21 15:28,status,Open,Solved
LS-10216,2026-07-21 18:54,status,Open,Solved
LS-13633,2026-07-21 20:13,group,Frontline UK,Product Specialists
LS-11758,2026-07-21 20:19,group,Frontline UK,Payroll Team
LS-12163,2026-07-21 20:52,status,Open,Solved
LS-10344,2026-07-21 21:10,status,Open,Solved
LS-13330,2026-07-21 21:16,group,Frontline UK,Engineering
LS-13987,2026-07-21 22:40,group,Frontline UK,Payroll Team
LS-13904,2026-07-21 23:15,status,Open,Solved
LS-11300,2026-07-21 23:57,status,Open,Solved
LS-14024,2026-07-22 00:34,owner,Agent T,Agent B
LS-12564,2026-07-22 01:45,group,Frontline UK,Product Specialists
LS-12710,2026-07-22 03:42,owner,Agent O,Agent T
LS-12120,2026-07-22 04:06,status,Open,Solved
LS-14424,2026-07-22 04:40,status,Open,Solved
LS-11068,2026-07-22 04:56,group,Frontline UK,Product Specialists
LS-14047,2026-07-22 05:47,status,Open,Solved
LS-12564,2026-07-22 06:24,owner,Agent D,Agent T
LS-14951,2026-07-22 07:10,owner,Agent F,Agent R
LS-12083,2026-07-22 08:01,owner,Agent R,Agent A
LS-13633,2026-07-22 08:02,owner,Agent C,Agent H
LS-13492,2026-07-22 08:04,group,Frontline UK,Product Specialists
LS-11205,2026-07-22 10:06,group,Frontline UK,Engineering
LS-14930,2026-07-22 10:55,owner,Agent C,Agent O
LS-12564,2026-07-22 11:03,status,Open,Solved
LS-12348,2026-07-22 11:32,status,Open,Solved
LS-14278,2026-07-22 12:36,status,Open,Solved
LS-10409,2026-07-22 12:37,owner,Agent C,Agent Q
LS-10256,2026-07-22 12:49,group,Frontline UK,Payroll Team
LS-10176,2026-07-22 13:32,status,Open,Solved
LS-10418,2026-07-22 14:00,status,Open,Solved
LS-13492,2026-07-22 15:39,owner,Agent N,Agent O
LS-13891,2026-07-22 15:39,status,Open,Solved
LS-11086,2026-07-22 17:23,owner,Agent L,Agent T
LS-14131,2026-07-22 17:25,group,Frontline UK,Engineering
LS-11448,2026-07-22 17:26,owner,Agent F,Agent R
LS-11601,2026-07-22 17:33,owner,Agent L,Agent N
LS-10097,2026-07-22 17:34,status,Open,Solved
LS-13272,2026-07-22 19:02,owner,Agent C,Agent R
LS-13633,2026-07-22 19:51,status,Open,Solved
LS-10256,2026-07-22 20:34,owner,Agent F,Agent N
LS-14023,2026-07-22 22:15,owner,Agent F,Agent C
LS-13492,2026-07-22 23:14,status,Open,Solved
LS-10096,2026-07-23 00:14,status,Open,Solved
LS-12692,2026-07-23 02:19,status,Open,Solved
LS-12983,2026-07-23 02:21,group,Frontline IE,Engineering
LS-11733,2026-07-23 02:42,status,Open,Solved
LS-14951,2026-07-23 03:16,owner,Agent R,Agent T
LS-10574,2026-07-23 03:43,group,Frontline UK,Engineering
LS-10256,2026-07-23 04:19,status,Open,Solved
LS-10727,2026-07-23 05:08,status,Open,Solved
LS-11205,2026-07-23 06:28,owner,Agent V,Agent T
LS-14242,2026-07-23 06:28,group,Frontline UK,Payroll Team
LS-11452,2026-07-23 06:30,owner,Agent F,Agent O
LS-12303,2026-07-23 06:42,status,Open,Solved
LS-12088,2026-07-23 06:46,status,Open,Solved
LS-13039,2026-07-23 07:11,status,Open,Solved
LS-10110,2026-07-23 07:43,status,Open,Solved
LS-14393,2026-07-23 08:17,group,Frontline UK,Product Specialists
LS-10524,2026-07-23 08:49,status,Open,Solved
LS-15057,2026-07-23 09:31,status,Open,Solved
LS-14333,2026-07-23 09:40,owner,Agent R,Agent B
LS-12534,2026-07-23 12:38,status,Open,Solved
LS-12190,2026-07-23 12:42,group,Frontline UK,Engineering
LS-14985,2026-07-23 13:42,group,Frontline UK,Payroll Team
LS-13846,2026-07-23 13:53,owner,Agent F,Agent G
LS-14704,2026-07-23 14:45,owner,Agent E,Agent O
LS-13987,2026-07-23 15:19,owner,Agent N,Agent D
LS-12955,2026-07-23 16:02,group,Frontline UK,Engineering
LS-14344,2026-07-23 18:22,owner,Agent A,Agent V
LS-13181,2026-07-23 18:51,group,Frontline UK,Engineering
LS-10706,2026-07-23 19:08,owner,Agent L,Agent U
LS-13251,2026-07-23 19:16,status,Open,Solved
LS-14393,2026-07-23 19:16,owner,Agent M,Agent G
LS-12553,2026-07-23 21:45,status,Open,Solved
LS-10395,2026-07-23 22:16,status,Open,Solved
LS-14364,2026-07-23 22:24,status,Open,Solved
LS-13181,2026-07-23 22:29,owner,Agent L,Agent M
LS-10651,2026-07-23 23:08,group,Frontline IE,Engineering
LS-14951,2026-07-23 23:22,status,Open,Solved
LS-14543,2026-07-23 23:35,status,Open,Solved
LS-12950,2026-07-23 23:45,group,Frontline UK,Engineering
LS-13091,2026-07-24 01:19,group,Frontline UK,Product Specialists
LS-11043,2026-07-24 02:07,status,Open,Solved
LS-13181,2026-07-24 02:07,owner,Agent M,Agent R
LS-14792,2026-07-24 02:28,group,Frontline UK,Engineering
LS-11205,2026-07-24 02:50,owner,Agent T,Agent P
LS-11751,2026-07-24 03:08,group,Frontline UK,Payroll Team
LS-13861,2026-07-24 03:33,status,Open,Solved
LS-12140,2026-07-24 05:28,group,Frontline IE,Engineering
LS-11069,2026-07-24 05:42,status,Open,Solved
LS-13181,2026-07-24 05:45,owner,Agent R,Agent T
LS-14023,2026-07-24 05:58,owner,Agent C,Agent E
LS-14393,2026-07-24 06:14,status,Open,Solved
LS-10494,2026-07-24 07:32,status,Open,Solved
LS-14538,2026-07-24 08:33,group,Frontline IE,Engineering
LS-13181,2026-07-24 09:23,owner,Agent T,Agent V
LS-11471,2026-07-24 09:47,status,Open,Solved
LS-10267,2026-07-24 10:14,owner,Agent K,Agent M
LS-10213,2026-07-24 10:15,group,Frontline UK,Engineering
LS-13181,2026-07-24 13:01,status,Open,Solved
LS-14792,2026-07-24 13:05,owner,Agent T,Agent J
LS-11751,2026-07-24 13:35,owner,Agent B,Agent E
LS-14985,2026-07-24 16:19,owner,Agent I,Agent N
LS-10142,2026-07-24 16:31,group,Frontline UK,Engineering
LS-13613,2026-07-24 16:48,owner,Agent F,Agent T
LS-11109,2026-07-24 16:57,status,Open,Solved
LS-13968,2026-07-24 17:35,group,Frontline UK,Engineering
LS-14300,2026-07-24 18:08,status,Open,Solved
LS-14024,2026-07-24 18:59,owner,Agent B,Agent J
LS-11205,2026-07-24 23:12,status,Open,Solved
LS-12083,2026-07-24 23:16,owner,Agent A,Agent U
LS-14792,2026-07-24 23:43,status,Open,Solved
LS-11751,2026-07-25 00:02,status,Open,Solved
LS-12613,2026-07-25 00:45,status,Open,Solved
LS-11282,2026-07-25 01:10,owner,Agent D,Agent I
LS-14325,2026-07-25 02:07,group,Frontline UK,Engineering
LS-10763,2026-07-25 03:47,group,Frontline UK,Payroll Team
LS-14325,2026-07-25 04:03,owner,Agent V,Agent F
LS-10398,2026-07-25 04:27,status,Open,Solved
LS-14325,2026-07-25 05:59,owner,Agent F,Agent P
LS-12950,2026-07-25 07:31,owner,Agent K,Agent H
LS-14242,2026-07-25 07:54,owner,Agent J,Agent C
LS-14325,2026-07-25 07:55,status,Open,Solved
LS-13987,2026-07-25 07:57,owner,Agent D,Agent A
LS-11892,2026-07-25 08:45,group,Frontline UK,Engineering
LS-12190,2026-07-25 08:56,owner,Agent L,Agent J
LS-14131,2026-07-25 09:03,owner,Agent P,Agent M
LS-12243,2026-07-25 09:36,owner,Agent C,Agent E
LS-13470,2026-07-25 10:26,status,Open,Solved
LS-14745,2026-07-25 10:42,status,Open,Solved
LS-14023,2026-07-25 13:41,status,Open,Solved
LS-12992,2026-07-25 16:04,group,Frontline UK,Engineering
LS-10869,2026-07-25 16:34,group,Frontline UK,Engineering
LS-14930,2026-07-25 17:22,status,Open,Solved
LS-14985,2026-07-25 18:56,status,Open,Solved
LS-12992,2026-07-25 19:57,owner,Agent K,Agent A
LS-10038,2026-07-25 20:34,group,Frontline IE,Engineering
LS-14566,2026-07-25 21:01,status,Open,Solved
LS-11278,2026-07-25 21:25,status,Open,Solved
LS-11753,2026-07-25 21:35,status,Open,Solved
LS-12992,2026-07-25 23:50,status,Open,Solved
LS-12912,2026-07-26 00:37,group,Frontline UK,Engineering
LS-14704,2026-07-26 00:44,status,Open,Solved
LS-11575,2026-07-26 01:15,status,Open,Solved
LS-11418,2026-07-26 01:38,status,Open,Solved
LS-13927,2026-07-26 02:11,owner,Agent C,Agent F
LS-14216,2026-07-26 02:18,status,Open,Solved
LS-11624,2026-07-26 03:47,status,Open,Solved
LS-14544,2026-07-26 06:45,group,Frontline UK,Engineering
LS-11942,2026-07-26 06:59,group,Frontline UK,Product Specialists
LS-13362,2026-07-26 08:38,status,Open,Solved
LS-15056,2026-07-26 09:32,status,Open,Solved
LS-10621,2026-07-26 10:46,status,Open,Solved
LS-14708,2026-07-26 10:54,group,Frontline IE,Product Specialists
LS-10675,2026-07-26 12:13,owner,Agent T,Agent F
LS-12950,2026-07-26 15:17,status,Open,Solved
LS-14708,2026-07-26 16:04,owner,Agent O,Agent J
LS-12710,2026-07-26 17:13,status,Open,Solved
LS-10142,2026-07-26 17:35,owner,Agent K,Agent D
LS-14708,2026-07-26 21:14,owner,Agent J,Agent R
LS-14538,2026-07-26 22:15,owner,Agent H,Agent S
LS-11068,2026-07-26 22:58,owner,Agent D,Agent J
LS-13987,2026-07-27 00:36,status,Open,Solved
LS-12735,2026-07-27 00:41,group,Frontline UK,Engineering
LS-10124,2026-07-27 01:35,group,Frontline UK,Engineering
LS-14708,2026-07-27 02:24,status,Open,Solved
LS-13243,2026-07-27 02:37,group,Frontline UK,Product Specialists
LS-11086,2026-07-27 03:26,owner,Agent T,Agent I
LS-13091,2026-07-27 03:49,owner,Agent M,Agent O
LS-13416,2026-07-27 04:19,group,Frontline UK,Payroll Team
LS-12172,2026-07-27 04:29,status,Open,Solved
LS-12190,2026-07-27 05:11,status,Open,Solved
LS-13819,2026-07-27 07:37,status,Open,Solved
LS-12070,2026-07-27 07:42,status,Open,Solved
LS-12735,2026-07-27 07:53,owner,Agent R,Agent V
LS-11425,2026-07-27 09:05,status,Open,Solved
LS-14242,2026-07-27 09:19,owner,Agent C,Agent A
LS-13991,2026-07-27 10:20,group,Frontline IE,Engineering
LS-13543,2026-07-27 11:44,status,Open,Solved
LS-13416,2026-07-27 12:03,owner,Agent P,Agent K
LS-13991,2026-07-27 13:22,owner,Agent Q,Agent F
LS-14024,2026-07-27 13:25,status,Open,Solved
LS-14777,2026-07-27 14:25,owner,Agent F,Agent M
LS-12083,2026-07-27 14:30,status,Open,Solved
LS-12112,2026-07-27 14:40,owner,Agent V,Agent C
LS-12735,2026-07-27 15:06,status,Open,Solved
LS-14820,2026-07-27 15:18,group,Frontline UK,Payroll Team
LS-13445,2026-07-27 15:36,status,Open,Solved
LS-13330,2026-07-27 15:46,owner,Agent L,Agent K
LS-13915,2026-07-27 15:51,status,Open,Solved
LS-13991,2026-07-27 16:23,status,Open,Solved
LS-13965,2026-07-27 19:04,owner,Agent T,Agent O
LS-11208,2026-07-27 19:15,group,Frontline IE,Payroll Team
LS-13416,2026-07-27 19:47,status,Open,Solved
LS-13243,2026-07-27 19:54,owner,Agent E,Agent I
LS-11892,2026-07-27 20:18,owner,Agent I,Agent B
LS-14820,2026-07-27 20:37,owner,Agent R,Agent J
LS-11742,2026-07-27 20:49,status,Open,Solved
LS-10254,2026-07-27 21:35,status,Open,Solved
LS-10763,2026-07-27 22:18,owner,Agent S,Agent B
LS-14131,2026-07-28 00:40,owner,Agent M,Agent O
LS-10651,2026-07-28 01:14,owner,Agent O,Agent U
LS-14820,2026-07-28 01:56,status,Open,Solved
LS-13501,2026-07-28 03:38,group,Frontline UK,Payroll Team
LS-13736,2026-07-28 04:29,status,Open,Solved
LS-10869,2026-07-28 04:55,owner,Agent V,Agent H
LS-11204,2026-07-28 05:12,group,Frontline UK,Engineering
LS-13813,2026-07-28 06:28,owner,Agent G,Agent R
LS-11208,2026-07-28 09:05,owner,Agent H,Agent R
LS-13762,2026-07-28 09:45,group,Frontline UK,Product Specialists
LS-10409,2026-07-28 11:09,status,Open,Solved
LS-14333,2026-07-28 11:56,owner,Agent B,Agent F
LS-12150,2026-07-28 12:24,status,Open,Solved
LS-10662,2026-07-28 12:40,status,Open,Solved
LS-13243,2026-07-28 13:10,status,Open,Solved
LS-13177,2026-07-28 13:37,group,Frontline UK,Payroll Team
LS-11601,2026-07-28 13:49,owner,Agent N,Agent P
LS-13263,2026-07-28 14:25,group,Frontline IE,Payroll Team
LS-14544,2026-07-28 14:25,owner,Agent P,Agent S
LS-13177,2026-07-28 14:36,owner,Agent L,Agent R
LS-13177,2026-07-28 15:35,status,Open,Solved
LS-14485,2026-07-28 16:13,status,Open,Solved
LS-11204,2026-07-28 17:24,owner,Agent L,Agent D
LS-13537,2026-07-28 17:26,status,Open,Solved
LS-11550,2026-07-28 18:27,group,Frontline UK,Engineering
LS-10142,2026-07-28 18:39,status,Open,Solved
LS-13984,2026-07-28 20:40,group,Frontline UK,Payroll Team
LS-10796,2026-07-28 20:54,group,Frontline UK,Engineering
LS-12183,2026-07-28 21:53,group,Frontline UK,Engineering
LS-11253,2026-07-28 22:47,group,Frontline UK,Product Specialists
LS-11208,2026-07-28 22:55,owner,Agent R,Agent L
LS-11938,2026-07-28 23:36,status,Open,Solved
LS-11468,2026-07-29 01:42,owner,Agent O,Agent J
LS-13125,2026-07-29 02:34,group,Frontline UK,Payroll Team
LS-12399,2026-07-29 02:46,owner,Agent V,Agent O
LS-12404,2026-07-29 03:06,status,Open,Solved
LS-13135,2026-07-29 04:15,status,Open,Solved
LS-14069,2026-07-29 04:43,owner,Agent H,Agent V
LS-11282,2026-07-29 05:01,owner,Agent I,Agent K
LS-11204,2026-07-29 05:36,owner,Agent D,Agent V
LS-13125,2026-07-29 05:49,owner,Agent P,Agent D
LS-13263,2026-07-29 07:48,owner,Agent C,Agent T
LS-13125,2026-07-29 09:04,owner,Agent D,Agent J
LS-11957,2026-07-29 09:21,status,Open,Solved
LS-11151,2026-07-29 09:54,status,Open,Solved
LS-15044,2026-07-29 10:01,status,Open,Solved
LS-13895,2026-07-29 10:44,status,Open,Solved
LS-14242,2026-07-29 10:45,owner,Agent A,Agent S
LS-15073,2026-07-29 11:45,group,Frontline UK,Engineering
LS-14538,2026-07-29 11:57,status,Open,Solved
LS-13125,2026-07-29 12:20,status,Open,Solved
LS-11758,2026-07-29 12:34,owner,Agent G,Agent V
LS-11208,2026-07-29 12:44,status,Open,Solved
LS-11818,2026-07-29 13:38,group,Frontline UK,Engineering
LS-11550,2026-07-29 13:43,owner,Agent B,Agent Q
LS-14344,2026-07-29 16:18,status,Open,Solved
LS-10267,2026-07-29 17:18,owner,Agent M,Agent Q
LS-10263,2026-07-29 17:19,group,Frontline UK,Product Specialists
LS-11204,2026-07-29 17:48,status,Open,Solved
LS-12243,2026-07-29 18:13,status,Open,Solved
LS-13636,2026-07-29 18:33,group,Frontline UK,Engineering
LS-11848,2026-07-29 18:56,group,Frontline UK,Engineering
LS-12106,2026-07-29 20:37,owner,Agent R,Agent Q
LS-13762,2026-07-29 20:56,owner,Agent I,Agent P
LS-12857,2026-07-29 23:00,owner,Agent I,Agent K
LS-13984,2026-07-29 23:08,owner,Agent R,Agent P
LS-11321,2026-07-29 23:42,status,Open,Solved
LS-13501,2026-07-30 00:19,owner,Agent O,Agent K
LS-11614,2026-07-30 00:48,group,Frontline UK,Product Specialists
LS-13263,2026-07-30 01:11,status,Open,Solved
LS-11361,2026-07-30 02:39,group,Frontline UK,Engineering
LS-13091,2026-07-30 06:19,owner,Agent O,Agent E
LS-11011,2026-07-30 07:46,status,Open,Solved
LS-12955,2026-07-30 07:46,owner,Agent S,Agent P
LS-11892,2026-07-30 07:51,owner,Agent B,Agent G
LS-12237,2026-07-30 08:50,status,Open,Solved
LS-11550,2026-07-30 09:00,owner,Agent Q,Agent I
LS-13612,2026-07-30 09:28,owner,Agent C,Agent F
LS-14270,2026-07-30 11:33,status,Open,Solved
LS-11882,2026-07-30 13:42,group,Frontline UK,Payroll Team
LS-13737,2026-07-30 14:05,group,Frontline IE,Engineering
LS-12018,2026-07-30 14:09,status,Open,Solved
LS-14131,2026-07-30 16:18,status,Open,Solved
LS-10763,2026-07-30 16:49,owner,Agent B,Agent E
LS-10869,2026-07-30 17:17,status,Open,Solved
LS-11462,2026-07-30 18:10,group,Frontline UK,Product Specialists
LS-13613,2026-07-30 18:18,status,Open,Solved
LS-13946,2026-07-30 21:42,status,Open,Solved
LS-14544,2026-07-30 22:05,status,Open,Solved
LS-10263,2026-07-30 22:44,owner,Agent I,Agent A
LS-13272,2026-07-30 22:51,owner,Agent R,Agent G
LS-13078,2026-07-30 23:27,group,Frontline UK,Payroll Team
LS-14572,2026-07-30 23:39,group,Frontline UK,Payroll Team
LS-13096,2026-07-30 23:56,group,Frontline UK,Payroll Team
LS-14797,2026-07-31 00:16,group,Frontline UK,Engineering
LS-13474,2026-07-31 01:06,status,Open,Solved
LS-13636,2026-07-31 01:10,owner,Agent V,Agent R
LS-13984,2026-07-31 01:35,status,Open,Solved
LS-14094,2026-07-31 01:47,group,Frontline IE,Engineering
LS-13265,2026-07-31 02:26,group,Frontline UK,Payroll Team
LS-11448,2026-07-31 02:40,status,Open,Solved
LS-13096,2026-07-31 02:49,owner,Agent E,Agent V
LS-13164,2026-07-31 03:16,status,Open,Solved
LS-11550,2026-07-31 04:16,status,Open,Solved
LS-13390,2026-07-31 05:28,group,Frontline UK,Product Specialists
LS-13096,2026-07-31 05:42,status,Open,Solved
LS-13078,2026-07-31 06:34,owner,Agent L,Agent E
LS-12354,2026-07-31 07:10,status,Open,Solved
LS-14282,2026-07-31 07:43,status,Open,Solved
LS-13846,2026-07-31 07:52,owner,Agent G,Agent R
LS-13762,2026-07-31 08:07,status,Open,Solved
LS-14470,2026-07-31 11:10,group,Frontline IE,Product Specialists
LS-14797,2026-07-31 11:52,owner,Agent T,Agent M
LS-14242,2026-07-31 12:11,status,Open,Solved
LS-12687,2026-07-31 12:22,status,Open,Solved
LS-10534,2026-07-31 13:22,group,Frontline UK,Payroll Team
LS-11086,2026-07-31 13:30,status,Open,Solved
LS-13390,2026-07-31 13:30,owner,Agent A,Agent E
LS-13078,2026-07-31 13:41,status,Open,Solved
LS-12249,2026-07-31 14:10,group,Frontline UK,Engineering
LS-11802,2026-07-31 14:17,group,Frontline UK,Engineering
LS-10534,2026-07-31 14:27,owner,Agent L,Agent U
LS-11186,2026-07-31 14:44,group,Frontline UK,Payroll Team
LS-11882,2026-07-31 14:53,owner,Agent Q,Agent L
LS-10608,2026-07-31 15:19,group,Frontline UK,Engineering
LS-10534,2026-07-31 15:32,status,Open,Solved
LS-13637,2026-07-31 16:42,status,Open,Solved
LS-11068,2026-07-31 17:01,status,Open,Solved
LS-12732,2026-07-31 17:55,status,Open,Solved
LS-11186,2026-07-31 20:02,owner,Agent L,Agent I
LS-13501,2026-07-31 21:00,owner,Agent K,Agent P
LS-13390,2026-07-31 21:32,status,Open,Solved
LS-14572,2026-07-31 22:08,owner,Agent A,Agent U
LS-14797,2026-07-31 23:28,status,Open,Solved
LS-12819,2026-07-31 23:31,group,Frontline UK,Product Specialists
LS-13265,2026-07-31 23:55,owner,Agent K,Agent Q
LS-14209,2026-08-01 00:20,group,Frontline UK,Product Specialists
LS-13864,2026-08-01 01:08,group,Frontline IE,Product Specialists
LS-11186,2026-08-01 01:20,status,Open,Solved
LS-11614,2026-08-01 01:48,owner,Agent G,Agent C
LS-10651,2026-08-01 03:20,status,Open,Solved
LS-14466,2026-08-01 03:39,group,Frontline IE,Engineering
LS-14209,2026-08-01 03:44,owner,Agent M,Agent U
LS-11802,2026-08-01 04:04,owner,Agent Q,Agent D
LS-10263,2026-08-01 04:09,owner,Agent A,Agent P
LS-13864,2026-08-01 04:22,owner,Agent F,Agent N
LS-11603,2026-08-01 04:43,group,Frontline UK,Engineering
LS-11454,2026-08-01 04:52,status,Open,Solved
LS-13114,2026-08-01 05:06,status,Open,Solved
LS-11942,2026-08-01 05:52,owner,Agent N,Agent Q
LS-13947,2026-08-01 06:41,group,Frontline UK,Engineering
LS-14209,2026-08-01 07:09,status,Open,Solved
LS-11603,2026-08-01 07:23,owner,Agent G,Agent U
LS-13864,2026-08-01 07:35,status,Open,Solved
LS-13636,2026-08-01 07:47,status,Open,Solved
LS-10153,2026-08-01 08:50,group,Frontline UK,Product Specialists
LS-11603,2026-08-01 10:04,status,Open,Solved
LS-12924,2026-08-01 10:41,status,Open,Solved
LS-10213,2026-08-01 11:23,owner,Agent Q,Agent B
LS-10796,2026-08-01 11:32,owner,Agent O,Agent G
LS-10098,2026-08-01 11:57,status,Open,Solved
LS-14564,2026-08-01 12:05,status,Open,Solved
LS-11504,2026-08-01 12:46,owner,Agent P,Agent M
LS-12200,2026-08-01 13:55,status,Open,Solved
LS-14908,2026-08-01 14:07,status,Open,Solved
LS-14613,2026-08-01 14:26,owner,Agent H,Agent R
LS-11882,2026-08-01 16:04,owner,Agent L,Agent T
LS-12315,2026-08-01 17:02,group,Frontline UK,Engineering
LS-12252,2026-08-01 17:08,group,Frontline UK,Engineering
LS-12496,2026-08-01 17:25,status,Open,Solved
LS-15073,2026-08-01 17:44,owner,Agent J,Agent G
LS-13932,2026-08-01 17:46,group,Frontline UK,Engineering
LS-11802,2026-08-01 17:51,owner,Agent D,Agent N
LS-11656,2026-08-01 19:17,status,Open,Solved
LS-11892,2026-08-01 19:24,status,Open,Solved
LS-14578,2026-08-01 19:43,status,Open,Solved
LS-14572,2026-08-01 20:38,owner,Agent U,Agent H
LS-12819,2026-08-01 21:16,owner,Agent J,Agent F
LS-13265,2026-08-01 21:24,status,Open,Solved
LS-14014,2026-08-01 21:58,group,Frontline UK,Engineering
LS-14094,2026-08-01 23:30,owner,Agent F,Agent P
LS-14372,2026-08-01 23:57,owner,Agent D,Agent R
LS-13689,2026-08-02 04:40,status,Open,Solved
LS-11848,2026-08-02 04:45,owner,Agent G,Agent M
LS-12296,2026-08-02 05:01,group,Frontline UK,Engineering
LS-12045,2026-08-02 05:34,status,Open,Solved
LS-11802,2026-08-02 07:38,status,Open,Solved
LS-10038,2026-08-02 07:54,owner,Agent B,Agent K
LS-13091,2026-08-02 08:49,status,Open,Solved
LS-11282,2026-08-02 08:53,owner,Agent K,Agent P
LS-10263,2026-08-02 09:33,owner,Agent P,Agent O
LS-11948,2026-08-02 09:41,group,Frontline IE,Product Specialists
LS-10153,2026-08-02 09:57,owner,Agent V,Agent E
LS-11544,2026-08-02 10:16,status,Open,Solved
LS-13330,2026-08-02 10:16,owner,Agent K,Agent R
LS-10608,2026-08-02 11:06,owner,Agent S,Agent J
LS-12803,2026-08-02 11:12,status,Open,Solved
LS-10763,2026-08-02 11:20,status,Open,Solved
LS-14452,2026-08-02 11:26,status,Open,Solved
LS-11941,2026-08-02 12:28,group,Frontline UK,Product Specialists
LS-13602,2026-08-02 13:00,group,Frontline UK,Product Specialists
LS-11163,2026-08-02 13:18,owner,Agent J,Agent P
LS-10544,2026-08-02 13:47,status,Open,Solved
LS-14333,2026-08-02 14:12,status,Open,Solved
LS-12249,2026-08-02 14:17,owner,Agent H,Agent S
LS-11539,2026-08-02 14:18,group,Frontline IE,Payroll Team
LS-10783,2026-08-02 14:25,status,Open,Solved
LS-11941,2026-08-02 14:37,owner,Agent N,Agent C
LS-14417,2026-08-02 15:57,group,Frontline UK,Engineering
LS-11941,2026-08-02 16:47,status,Open,Solved
LS-11882,2026-08-02 17:15,owner,Agent T,Agent B
LS-13501,2026-08-02 17:41,owner,Agent P,Agent J
LS-10601,2026-08-02 18:37,status,Open,Solved
LS-11003,2026-08-02 18:46,status,Open,Solved
LS-12819,2026-08-02 19:01,owner,Agent F,Agent E
LS-14572,2026-08-02 19:07,status,Open,Solved
LS-10167,2026-08-02 19:17,group,Frontline UK,Payroll Team
LS-11851,2026-08-02 19:35,group,Frontline UK,Payroll Team
LS-11948,2026-08-02 20:04,owner,Agent Q,Agent K
LS-13774,2026-08-02 20:58,status,Open,Solved
LS-11462,2026-08-02 21:33,owner,Agent T,Agent P
LS-13577,2026-08-02 22:47,status,Open,Solved
LS-12102,2026-08-02 23:16,status,Open,Solved
LS-11851,2026-08-03 00:04,owner,Agent O,Agent Q
LS-12074,2026-08-03 01:51,group,Frontline IE,Engineering
LS-11614,2026-08-03 02:48,owner,Agent C,Agent M
LS-12317,2026-08-03 03:13,status,Open,Solved
LS-11851,2026-08-03 04:32,status,Open,Solved
LS-11405,2026-08-03 06:00,status,Open,Solved
LS-11948,2026-08-03 06:28,owner,Agent K,Agent T
LS-12720,2026-08-03 07:06,group,Frontline UK,Engineering
LS-10183,2026-08-03 07:28,group,Frontline UK,Product Specialists
LS-11601,2026-08-03 10:05,owner,Agent P,Agent J
LS-10153,2026-08-03 11:04,status,Open,Solved
LS-10167,2026-08-03 11:19,owner,Agent P,Agent J
LS-13926,2026-08-03 12:49,status,Open,Solved
LS-12252,2026-08-03 13:17,owner,Agent I,Agent S
LS-10263,2026-08-03 14:58,status,Open,Solved
LS-12795,2026-08-03 16:25,status,Open,Solved
LS-10124,2026-08-03 16:42,owner,Agent J,Agent E
LS-12819,2026-08-03 16:46,status,Open,Solved
LS-11948,2026-08-03 16:51,status,Open,Solved
LS-12983,2026-08-03 16:57,owner,Agent K,Agent J
LS-11882,2026-08-03 18:26,status,Open,Solved
LS-12028,2026-08-03 19:42,group,Frontline UK,Payroll Team
LS-14094,2026-08-03 21:13,status,Open,Solved
LS-11459,2026-08-03 21:40,group,Frontline IE,Product Specialists
LS-10267,2026-08-04 00:22,owner,Agent Q,Agent H
LS-10377,2026-08-04 00:25,group,Frontline UK,Payroll Team
LS-13085,2026-08-04 00:58,status,Open,Solved
LS-11459,2026-08-04 01:17,owner,Agent U,Agent O
LS-12720,2026-08-04 01:43,owner,Agent V,Agent R
LS-10167,2026-08-04 03:21,status,Open,Solved
LS-12357,2026-08-04 03:58,status,Open,Solved
LS-11459,2026-08-04 04:54,status,Open,Solved
LS-12250,2026-08-04 05:01,group,Frontline UK,Engineering
LS-10377,2026-08-04 05:28,owner,Agent I,Agent T
LS-14417,2026-08-04 05:30,owner,Agent V,Agent K
LS-12028,2026-08-04 05:31,owner,Agent H,Agent S
LS-13873,2026-08-04 06:02,status,Open,Solved
LS-10608,2026-08-04 06:53,owner,Agent J,Agent G
LS-10915,2026-08-04 08:18,owner,Agent T,Agent U
LS-10452,2026-08-04 10:03,status,Open,Solved
LS-12213,2026-08-04 10:30,group,Frontline UK,Payroll Team
LS-10377,2026-08-04 10:31,status,Open,Solved
LS-13172,2026-08-04 12:33,status,Open,Solved
LS-14466,2026-08-04 12:39,owner,Agent G,Agent E
LS-14174,2026-08-04 12:59,group,Frontline UK,Payroll Team
LS-12213,2026-08-04 13:37,owner,Agent O,Agent P
LS-13202,2026-08-04 13:37,status,Open,Solved
LS-13501,2026-08-04 14:22,owner,Agent J,Agent T
LS-12249,2026-08-04 14:24,owner,Agent S,Agent F
LS-14088,2026-08-04 15:17,status,Open,Solved
LS-12028,2026-08-04 15:19,owner,Agent S,Agent J
LS-13602,2026-08-04 15:28,owner,Agent G,Agent V
LS-12140,2026-08-04 15:33,owner,Agent Q,Agent T
LS-10072,2026-08-04 15:56,group,Frontline UK,Engineering
LS-12510,2026-08-04 16:12,status,Open,Solved
LS-13704,2026-08-04 16:14,status,Open,Solved
LS-12723,2026-08-04 16:36,status,Open,Solved
LS-12213,2026-08-04 16:44,status,Open,Solved
LS-12615,2026-08-04 17:05,group,Frontline IE,Engineering
LS-12720,2026-08-04 20:21,status,Open,Solved
LS-12250,2026-08-04 20:27,owner,Agent R,Agent O
LS-12712,2026-08-04 23:38,group,Frontline UK,Engineering
LS-15073,2026-08-04 23:43,owner,Agent G,Agent R
LS-11810,2026-08-04 23:57,group,Frontline UK,Payroll Team
LS-12028,2026-08-05 01:08,status,Open,Solved
LS-10796,2026-08-05 02:10,status,Open,Solved
LS-11452,2026-08-05 03:36,owner,Agent O,Agent C
LS-11614,2026-08-05 03:48,owner,Agent M,Agent J
LS-10862,2026-08-05 04:31,status,Open,Solved
LS-14174,2026-08-05 06:00,owner,Agent A,Agent V
LS-14035,2026-08-05 06:06,status,Open,Solved
LS-14405,2026-08-05 09:15,group,Frontline UK,Product Specialists
LS-12252,2026-08-05 09:26,owner,Agent S,Agent P
LS-10771,2026-08-05 10:22,status,Open,Solved
LS-11353,2026-08-05 11:41,group,Frontline IE,Engineering
LS-12250,2026-08-05 11:53,status,Open,Solved
LS-14114,2026-08-05 13:35,group,Frontline IE,Product Specialists
LS-10363,2026-08-05 14:08,status,Open,Solved
LS-11848,2026-08-05 14:35,owner,Agent M,Agent K
LS-14114,2026-08-05 15:45,owner,Agent T,Agent V
LS-14177,2026-08-05 15:57,group,Frontline UK,Engineering
LS-11174,2026-08-05 16:22,group,Frontline IE,Payroll Team
LS-15010,2026-08-05 17:25,group,Frontline UK,Payroll Team
LS-14114,2026-08-05 17:56,status,Open,Solved
LS-11817,2026-08-05 18:05,status,Open,Solved
LS-14014,2026-08-05 18:09,owner,Agent B,Agent N
LS-14417,2026-08-05 19:03,status,Open,Solved
LS-10342,2026-08-05 20:19,group,Frontline IE,Payroll Team
LS-14934,2026-08-05 21:04,status,Open,Solved
LS-14174,2026-08-05 23:00,status,Open,Solved
LS-12955,2026-08-05 23:30,owner,Agent P,Agent G
LS-10072,2026-08-05 23:50,owner,Agent I,Agent N
LS-11462,2026-08-06 00:55,owner,Agent P,Agent A
LS-10413,2026-08-06 01:55,group,Frontline UK,Engineering
LS-10608,2026-08-06 02:40,owner,Agent G,Agent L
LS-10692,2026-08-06 03:52,group,Frontline UK,Product Specialists
LS-12712,2026-08-06 04:18,owner,Agent D,Agent J
LS-11758,2026-08-06 04:48,status,Open,Solved
LS-12296,2026-08-06 05:40,owner,Agent S,Agent E
LS-11174,2026-08-06 06:51,owner,Agent O,Agent J
LS-10416,2026-08-06 07:19,status,Open,Solved
LS-10706,2026-08-06 07:42,owner,Agent U,Agent O
LS-11268,2026-08-06 07:59,status,Open,Solved
LS-13031,2026-08-06 10:13,status,Open,Solved
LS-13501,2026-08-06 11:03,status,Open,Solved
LS-11282,2026-08-06 12:44,status,Open,Solved
LS-10413,2026-08-06 14:02,owner,Agent C,Agent P
LS-12249,2026-08-06 14:31,status,Open,Solved
LS-10159,2026-08-06 15:30,status,Open,Solved
LS-10183,2026-08-06 16:30,owner,Agent R,Agent P
LS-15010,2026-08-06 16:45,owner,Agent T,Agent F
LS-12479,2026-08-06 17:22,status,Open,Solved
LS-13602,2026-08-06 17:56,owner,Agent V,Agent U
LS-12128,2026-08-06 19:17,group,Frontline UK,Engineering
LS-11108,2026-08-06 20:27,group,Frontline UK,Product Specialists
LS-11810,2026-08-06 20:29,owner,Agent I,Agent G
LS-11174,2026-08-06 21:20,owner,Agent J,Agent B
LS-14405,2026-08-06 21:37,owner,Agent R,Agent O
LS-11373,2026-08-06 22:18,status,Open,Solved
LS-11049,2026-08-06 22:26,status,Open,Solved
LS-13415,2026-08-06 22:55,group,Frontline UK,Engineering
LS-11108,2026-08-06 23:16,owner,Agent E,Agent R
LS-10611,2026-08-06 23:50,status,Open,Solved
LS-13750,2026-08-07 00:51,group,Frontline IE,Product Specialists
LS-13162,2026-08-07 01:18,status,Open,Solved
LS-11108,2026-08-07 02:05,owner,Agent R,Agent N
LS-10413,2026-08-07 02:09,status,Open,Solved
LS-11898,2026-08-07 02:44,status,Open,Solved
LS-10342,2026-08-07 04:27,owner,Agent E,Agent K
LS-11942,2026-08-07 04:46,owner,Agent Q,Agent L
LS-11614,2026-08-07 04:49,status,Open,Solved
LS-13496,2026-08-07 04:52,status,Open,Solved
LS-11108,2026-08-07 04:55,status,Open,Solved
LS-13693,2026-08-07 05:09,status,Open,Solved
LS-11786,2026-08-07 05:23,group,Frontline IE,Payroll Team
LS-12252,2026-08-07 05:35,status,Open,Solved
LS-10072,2026-08-07 07:44,status,Open,Solved
LS-11786,2026-08-07 07:53,owner,Agent K,Agent C
LS-12712,2026-08-07 08:58,status,Open,Solved
LS-12078,2026-08-07 09:54,status,Open,Solved
LS-11786,2026-08-07 10:24,status,Open,Solved
LS-15051,2026-08-07 11:09,status,Open,Solved
LS-14522,2026-08-07 11:33,group,Frontline UK,Payroll Team
LS-11174,2026-08-07 11:48,status,Open,Solved
LS-13922,2026-08-07 12:12,group,Frontline UK,Payroll Team
LS-13671,2026-08-07 12:57,status,Open,Solved
LS-11674,2026-08-07 13:42,group,Frontline UK,Payroll Team
LS-11187,2026-08-07 14:11,group,Frontline UK,Payroll Team
LS-11674,2026-08-07 14:33,owner,Agent M,Agent S
LS-11187,2026-08-07 15:05,owner,Agent U,Agent N
LS-11674,2026-08-07 15:24,owner,Agent S,Agent C
LS-10079,2026-08-07 15:27,status,Open,Solved
LS-14803,2026-08-07 15:32,status,Open,Solved
LS-11187,2026-08-07 15:59,status,Open,Solved
LS-15010,2026-08-07 16:05,status,Open,Solved
LS-11674,2026-08-07 16:16,status,Open,Solved
LS-13922,2026-08-07 18:09,owner,Agent A,Agent C
LS-10828,2026-08-07 18:11,group,Frontline UK,Payroll Team
LS-13042,2026-08-07 18:25,status,Open,Solved
LS-10828,2026-08-07 20:00,owner,Agent N,Agent E
LS-13705,2026-08-07 20:08,status,Open,Solved
LS-12147,2026-08-07 20:09,status,Open,Solved
LS-11434,2026-08-07 21:10,group,Frontline UK,Product Specialists
LS-12979,2026-08-07 21:34,status,Open,Solved
LS-14466,2026-08-07 21:39,status,Open,Solved
LS-10828,2026-08-07 21:49,status,Open,Solved
LS-10608,2026-08-07 22:27,status,Open,Solved
LS-12352,2026-08-07 22:51,status,Open,Solved
LS-11660,2026-08-07 23:28,status,Open,Solved
LS-13922,2026-08-08 00:06,status,Open,Solved
LS-12106,2026-08-08 00:31,status,Open,Solved
LS-13846,2026-08-08 01:51,owner,Agent R,Agent C
LS-10327,2026-08-08 02:07,status,Open,Solved
LS-13272,2026-08-08 02:39,status,Open,Solved
LS-15068,2026-08-08 02:40,status,Open,Solved
LS-10476,2026-08-08 03:00,status,Open,Solved
LS-11434,2026-08-08 03:03,owner,Agent C,Agent K
LS-13330,2026-08-08 04:46,owner,Agent R,Agent A
LS-13199,2026-08-08 05:25,group,Frontline UK,Product Specialists
LS-15073,2026-08-08 05:42,status,Open,Solved
LS-13415,2026-08-08 05:54,owner,Agent T,Agent G
LS-14219,2026-08-08 06:02,owner,Agent O,Agent I
LS-11434,2026-08-08 08:55,status,Open,Solved
LS-14900,2026-08-08 09:21,group,Frontline UK,Engineering
LS-14700,2026-08-08 09:58,status,Open,Solved
LS-14405,2026-08-08 09:59,owner,Agent O,Agent B
LS-14649,2026-08-08 10:36,status,Open,Solved
LS-10692,2026-08-08 11:10,owner,Agent P,Agent C
LS-13268,2026-08-08 11:27,group,Frontline UK,Engineering
LS-14542,2026-08-08 11:49,status,Open,Solved
LS-10689,2026-08-08 12:05,group,Frontline UK,Payroll Team
LS-10048,2026-08-08 12:19,group,Frontline UK,Payroll Team
LS-10342,2026-08-08 12:35,owner,Agent K,Agent G
LS-12882,2026-08-08 12:42,status,Open,Solved
LS-14579,2026-08-08 12:58,status,Open,Solved
LS-10883,2026-08-08 14:08,status,Open,Solved
LS-12128,2026-08-08 14:09,owner,Agent B,Agent Q
LS-12080,2026-08-08 15:20,status,Open,Solved
LS-11810,2026-08-08 17:01,status,Open,Solved
LS-12302,2026-08-08 17:10,status,Open,Solved
LS-10821,2026-08-08 18:09,status,Open,Solved
LS-14041,2026-08-08 19:10,status,Open,Solved
LS-11110,2026-08-08 19:21,status,Open,Solved
LS-10048,2026-08-08 20:08,owner,Agent P,Agent T
LS-13602,2026-08-08 20:24,status,Open,Solved
LS-12615,2026-08-08 21:38,owner,Agent J,Agent C
LS-12161,2026-08-08 22:35,group,Frontline UK,Product Specialists
LS-11848,2026-08-09 00:24,status,Open,Solved
LS-10048,2026-08-09 03:57,status,Open,Solved
LS-14392,2026-08-09 04:14,group,Frontline UK,Engineering
LS-11462,2026-08-09 04:18,owner,Agent A,Agent D
LS-14777,2026-08-09 05:01,status,Open,Solved
LS-11075,2026-08-09 06:04,status,Open,Solved
LS-11601,2026-08-09 06:21,status,Open,Solved
LS-10267,2026-08-09 07:26,status,Open,Solved
LS-12884,2026-08-09 07:45,status,Open,Solved
LS-12074,2026-08-09 08:19,owner,Agent D,Agent R
LS-13659,2026-08-09 09:06,status,Open,Solved
LS-13103,2026-08-09 09:13,status,Open,Solved
LS-11353,2026-08-09 11:57,owner,Agent R,Agent M
LS-14298,2026-08-09 12:20,status,Open,Solved
LS-13268,2026-08-09 12:29,owner,Agent A,Agent H
LS-10213,2026-08-09 12:31,owner,Agent B,Agent K
LS-12869,2026-08-09 12:52,group,Frontline UK,Engineering
LS-13415,2026-08-09 12:53,status,Open,Solved
LS-14014,2026-08-09 14:19,owner,Agent N,Agent K
LS-12593,2026-08-09 14:31,status,Open,Solved
LS-12161,2026-08-09 14:51,owner,Agent P,Agent F
LS-12869,2026-08-09 19:04,owner,Agent F,Agent A
LS-10038,2026-08-09 19:15,owner,Agent K,Agent A
LS-14392,2026-08-09 19:19,owner,Agent V,Agent N
LS-12886,2026-08-09 19:28,group,Frontline UK,Engineering
LS-10342,2026-08-09 20:43,owner,Agent G,Agent T
LS-14900,2026-08-09 22:04,owner,Agent T,Agent C
LS-14405,2026-08-09 22:21,status,Open,Solved
LS-11247,2026-08-09 22:39,status,Open,Solved
LS-13810,2026-08-09 22:59,status,Open,Solved
LS-12869,2026-08-10 01:15,owner,Agent A,Agent S
LS-10183,2026-08-10 01:31,owner,Agent P,Agent U
LS-13813,2026-08-10 03:59,owner,Agent R,Agent J
LS-12296,2026-08-10 06:19,owner,Agent E,Agent H
LS-12161,2026-08-10 07:07,status,Open,Solved
LS-12869,2026-08-10 07:27,status,Open,Solved
LS-12128,2026-08-10 09:01,owner,Agent Q,Agent J
LS-14522,2026-08-10 10:06,owner,Agent T,Agent V
LS-10689,2026-08-10 10:24,owner,Agent H,Agent J
LS-14392,2026-08-10 10:24,status,Open,Solved
LS-11996,2026-08-10 10:36,group,Frontline UK,Engineering
LS-12886,2026-08-10 12:58,owner,Agent V,Agent H
LS-13268,2026-08-10 13:30,owner,Agent H,Agent D
LS-12758,2026-08-10 13:56,status,Open,Solved
LS-13750,2026-08-10 13:57,owner,Agent S,Agent P
LS-11254,2026-08-10 14:03,status,Open,Solved
LS-13737,2026-08-10 14:13,owner,Agent M,Agent C
LS-11772,2026-08-10 15:10,status,Open,Solved
LS-12399,2026-08-10 16:09,status,Open,Solved
LS-12183,2026-08-10 16:18,owner,Agent B,Agent D
LS-11206,2026-08-10 16:55,group,Frontline UK,Engineering
LS-10629,2026-08-10 17:24,group,Frontline UK,Product Specialists
LS-13968,2026-08-10 17:41,owner,Agent O,Agent I
LS-11858,2026-08-10 17:48,status,Open,Solved
LS-10692,2026-08-10 18:27,owner,Agent C,Agent H
LS-13932,2026-08-10 19:04,owner,Agent T,Agent Q
LS-13373,2026-08-10 19:21,group,Frontline UK,Product Specialists
LS-12038,2026-08-10 19:33,owner,Agent C,Agent Q
LS-13373,2026-08-10 21:11,owner,Agent L,Agent D
LS-13338,2026-08-10 21:13,group,Frontline UK,Product Specialists
LS-10629,2026-08-10 21:19,owner,Agent C,Agent E
LS-10675,2026-08-10 21:32,owner,Agent F,Agent H
LS-13373,2026-08-10 23:01,owner,Agent D,Agent M
LS-14309,2026-08-10 23:49,group,Frontline UK,Product Specialists
LS-13373,2026-08-11 00:50,status,Open,Solved
LS-10629,2026-08-11 01:15,status,Open,Solved
LS-13260,2026-08-11 03:01,status,Open,Solved
LS-12921,2026-08-11 03:35,status,Open,Solved
LS-13083,2026-08-11 03:48,group,Frontline UK,Engineering
LS-14070,2026-08-11 03:59,owner,Agent Q,Agent R
LS-11602,2026-08-11 04:29,status,Open,Solved
LS-10342,2026-08-11 04:51,owner,Agent T,Agent N
LS-12886,2026-08-11 06:27,status,Open,Solved
LS-10124,2026-08-11 07:49,status,Open,Solved
LS-13954,2026-08-11 07:56,status,Open,Solved
LS-15018,2026-08-11 09:28,group,Frontline UK,Engineering
LS-14638,2026-08-11 09:44,group,Frontline UK,Engineering
LS-14900,2026-08-11 10:48,status,Open,Solved
LS-13338,2026-08-11 10:49,owner,Agent T,Agent Q
LS-11870,2026-08-11 14:02,owner,Agent I,Agent P
LS-13268,2026-08-11 14:32,status,Open,Solved
LS-12912,2026-08-11 16:58,owner,Agent I,Agent R
LS-14535,2026-08-11 18:34,status,Open,Solved
LS-10131,2026-08-11 18:45,status,Open,Solved
LS-12097,2026-08-11 18:59,status,Open,Solved
LS-13542,2026-08-11 21:44,group,Frontline UK,Product Specialists
LS-13338,2026-08-12 00:25,status,Open,Solved
LS-12960,2026-08-12 03:28,group,Frontline UK,Engineering
LS-13768,2026-08-12 03:41,group,Frontline UK,Payroll Team
LS-12128,2026-08-12 03:53,status,Open,Solved
LS-12914,2026-08-12 05:24,group,Frontline UK,Product Specialists
LS-13768,2026-08-12 05:37,owner,Agent P,Agent Q
LS-14988,2026-08-12 07:29,group,Frontline UK,Product Specialists
LS-13768,2026-08-12 07:34,status,Open,Solved
LS-11462,2026-08-12 07:40,owner,Agent D,Agent B
LS-10253,2026-08-12 07:42,group,Frontline IE,Product Specialists
LS-10689,2026-08-12 08:43,status,Open,Solved
LS-12914,2026-08-12 10:44,owner,Agent Q,Agent C
LS-11044,2026-08-12 11:52,group,Frontline UK,Engineering
LS-13083,2026-08-12 12:11,owner,Agent R,Agent K
LS-10342,2026-08-12 12:59,owner,Agent N,Agent D
LS-12955,2026-08-12 15:14,status,Open,Solved
LS-10253,2026-08-12 15:45,owner,Agent U,Agent B
LS-12914,2026-08-12 16:05,status,Open,Solved
LS-11169,2026-08-12 16:10,status,Open,Solved
LS-11327,2026-08-12 18:07,group,Frontline UK,Product Specialists
LS-11206,2026-08-12 18:49,owner,Agent G,Agent J
LS-10892,2026-08-12 19:16,owner,Agent P,Agent O
LS-14309,2026-08-12 20:29,owner,Agent E,Agent G
LS-13486,2026-08-12 20:39,status,Open,Solved
LS-10071,2026-08-12 22:06,status,Open,Solved
LS-10253,2026-08-12 23:47,status,Open,Solved
LS-13965,2026-08-13 00:48,owner,Agent O,Agent M
LS-10692,2026-08-13 01:45,owner,Agent H,Agent R
LS-12615,2026-08-13 02:11,owner,Agent C,Agent P
LS-12478,2026-08-13 03:05,group,Frontline UK,Engineering
LS-11942,2026-08-13 03:39,status,Open,Solved
LS-14988,2026-08-13 04:06,owner,Agent K,Agent B
LS-11327,2026-08-13 04:49,owner,Agent A,Agent Q
LS-10351,2026-08-13 05:58,status,Open,Solved
LS-10047,2026-08-13 08:11,group,Frontline UK,Payroll Team
LS-13301,2026-08-13 08:13,status,Open,Solved
LS-12938,2026-08-13 08:15,status,Open,Solved
LS-11413,2026-08-13 08:36,group,Frontline UK,Product Specialists
LS-14522,2026-08-13 08:40,owner,Agent V,Agent D
LS-13947,2026-08-13 08:57,owner,Agent A,Agent M
LS-10471,2026-08-13 09:10,group,Frontline IE,Payroll Team
LS-10471,2026-08-13 10:25,owner,Agent M,Agent N
LS-14014,2026-08-13 10:30,status,Open,Solved
LS-10183,2026-08-13 10:33,status,Open,Solved
LS-14872,2026-08-13 11:23,group,Frontline UK,Product Specialists
LS-10471,2026-08-13 11:41,status,Open,Solved
LS-11353,2026-08-13 12:13,status,Open,Solved
LS-13199,2026-08-13 13:18,owner,Agent M,Agent T
LS-12530,2026-08-13 13:42,status,Open,Solved
LS-10488,2026-08-13 14:04,group,Frontline UK,Product Specialists
LS-14102,2026-08-13 14:35,status,Open,Solved
LS-12707,2026-08-13 14:40,group,Frontline UK,Engineering
LS-11327,2026-08-13 15:31,status,Open,Solved
LS-13542,2026-08-13 15:53,owner,Agent Q,Agent V
LS-14872,2026-08-13 16:19,owner,Agent R,Agent F
LS-11294,2026-08-13 16:29,status,Open,Solved
LS-12397,2026-08-13 17:18,group,Frontline IE,Product Specialists
LS-15018,2026-08-13 18:44,owner,Agent O,Agent V
LS-11413,2026-08-13 19:27,owner,Agent E,Agent P
LS-13212,2026-08-13 20:16,group,Frontline IE,Product Specialists
LS-13083,2026-08-13 20:34,status,Open,Solved
LS-10342,2026-08-13 21:07,status,Open,Solved
LS-14872,2026-08-13 21:15,owner,Agent F,Agent G
LS-13330,2026-08-13 23:16,status,Open,Solved
LS-12597,2026-08-13 23:31,group,Frontline UK,Engineering
LS-14988,2026-08-14 00:43,status,Open,Solved
LS-12478,2026-08-14 01:21,owner,Agent M,Agent I
LS-10488,2026-08-14 01:40,owner,Agent I,Agent T
LS-14872,2026-08-14 02:11,status,Open,Solved
LS-11964,2026-08-14 02:15,status,Open,Solved
LS-13750,2026-08-14 03:02,owner,Agent P,Agent U
LS-13122,2026-08-14 03:33,status,Open,Solved
LS-13212,2026-08-14 03:44,owner,Agent L,Agent G
LS-12121,2026-08-14 04:04,group,Frontline UK,Engineering
LS-10924,2026-08-14 04:56,status,Open,Solved
LS-13348,2026-08-14 06:10,group,Frontline UK,Engineering
LS-11413,2026-08-14 06:18,owner,Agent P,Agent U
LS-12224,2026-08-14 06:43,status,Open,Solved
LS-12296,2026-08-14 06:58,status,Open,Solved
LS-14177,2026-08-14 09:18,owner,Agent K,Agent D
LS-13146,2026-08-14 09:45,status,Open,Solved
LS-13720,2026-08-14 10:21,status,Open,Solved
LS-14363,2026-08-14 10:25,status,Open,Solved
LS-12857,2026-08-14 10:36,status,Open,Solved
LS-13212,2026-08-14 11:13,status,Open,Solved
LS-10488,2026-08-14 13:16,owner,Agent T,Agent F
LS-13188,2026-08-14 15:10,status,Open,Solved
LS-11413,2026-08-14 17:09,owner,Agent U,Agent Q
LS-14309,2026-08-14 17:09,owner,Agent G,Agent R
LS-12397,2026-08-14 17:52,owner,Agent M,Agent E
LS-12526,2026-08-14 18:50,status,Open,Solved
LS-13767,2026-08-14 18:54,status,Open,Solved
LS-12972,2026-08-14 19:03,status,Open,Solved
LS-10992,2026-08-14 19:30,group,Frontline IE,Engineering
LS-11206,2026-08-14 20:43,status,Open,Solved
LS-13227,2026-08-14 22:02,group,Frontline IE,Payroll Team
LS-11891,2026-08-14 23:05,group,Frontline UK,Engineering
LS-14462,2026-08-14 23:22,owner,Agent G,Agent C
LS-12478,2026-08-14 23:37,status,Open,Solved
LS-13568,2026-08-14 23:53,group,Frontline IE,Product Specialists
LS-11943,2026-08-15 00:13,group,Frontline UK,Engineering
LS-10488,2026-08-15 00:51,owner,Agent F,Agent L
LS-14055,2026-08-15 00:51,status,Open,Solved
LS-12241,2026-08-15 02:46,group,Frontline UK,Engineering
LS-14738,2026-08-15 03:19,status,Open,Solved
LS-11413,2026-08-15 04:00,status,Open,Solved
LS-11539,2026-08-15 05:19,owner,Agent F,Agent P
LS-13570,2026-08-15 05:37,status,Open,Solved
LS-13227,2026-08-15 06:58,owner,Agent R,Agent M
LS-15083,2026-08-15 07:30,status,Open,Solved
LS-12597,2026-08-15 07:31,owner,Agent J,Agent A
LS-12983,2026-08-15 07:34,owner,Agent J,Agent I
LS-10574,2026-08-15 08:29,owner,Agent M,Agent D
LS-10692,2026-08-15 09:03,owner,Agent R,Agent A
LS-13542,2026-08-15 10:02,owner,Agent V,Agent E
LS-11462,2026-08-15 11:03,status,Open,Solved
LS-13348,2026-08-15 11:09,owner,Agent Q,Agent K
LS-12241,2026-08-15 11:29,owner,Agent P,Agent O
LS-10488,2026-08-15 12:27,status,Open,Solved
LS-10088,2026-08-15 14:45,status,Open,Solved
LS-12074,2026-08-15 14:46,owner,Agent R,Agent N
LS-13227,2026-08-15 15:55,status,Open,Solved
LS-10472,2026-08-15 16:29,status,Open,Solved
LS-13414,2026-08-15 16:54,group,Frontline IE,Payroll Team
LS-11615,2026-08-15 17:43,owner,Agent B,Agent H
LS-12397,2026-08-15 18:27,owner,Agent E,Agent J
LS-14372,2026-08-15 19:03,status,Open,Solved
LS-14687,2026-08-15 19:22,status,Open,Solved
LS-13951,2026-08-15 19:34,group,Frontline UK,Engineering
LS-13846,2026-08-15 19:50,status,Open,Solved
LS-12722,2026-08-15 20:01,group,Frontline UK,Engineering
LS-12241,2026-08-15 20:13,status,Open,Solved
LS-13095,2026-08-15 20:48,group,Frontline IE,Payroll Team
LS-10659,2026-08-15 22:43,status,Open,Solved
LS-14443,2026-08-15 23:56,status,Open,Solved
LS-13568,2026-08-16 00:34,owner,Agent H,Agent S
LS-13095,2026-08-16 01:21,owner,Agent Q,Agent H
LS-12140,2026-08-16 01:38,owner,Agent T,Agent K
LS-11833,2026-08-16 03:12,group,Frontline UK,Payroll Team
LS-15018,2026-08-16 04:00,owner,Agent V,Agent N
LS-10047,2026-08-16 05:10,owner,Agent C,Agent U
LS-10013,2026-08-16 05:48,status,Open,Solved
LS-13718,2026-08-16 05:50,status,Open,Solved
LS-13095,2026-08-16 05:53,status,Open,Solved
LS-11833,2026-08-16 06:06,owner,Agent V,Agent G
LS-14522,2026-08-16 07:13,owner,Agent D,Agent K
LS-10294,2026-08-16 07:58,group,Frontline UK,Product Specialists
LS-11833,2026-08-16 09:00,status,Open,Solved
LS-13414,2026-08-16 10:51,owner,Agent I,Agent B
LS-12927,2026-08-16 13:06,group,Frontline IE,Engineering
LS-14309,2026-08-16 13:49,status,Open,Solved
LS-12597,2026-08-16 15:32,status,Open,Solved
LS-12512,2026-08-16 15:52,status,Open,Solved
LS-12315,2026-08-16 16:05,owner,Agent A,Agent Q
LS-13348,2026-08-16 16:08,status,Open,Solved
LS-12112,2026-08-16 17:28,owner,Agent C,Agent Q
LS-12397,2026-08-16 19:01,owner,Agent J,Agent S
LS-12372,2026-08-16 22:15,status,Open,Solved
LS-13568,2026-08-17 01:16,owner,Agent S,Agent R
LS-12688,2026-08-17 01:32,status,Open,Solved
LS-14636,2026-08-17 02:32,group,Frontline UK,Product Specialists
LS-10792,2026-08-17 02:40,group,Frontline UK,Payroll Team
LS-13542,2026-08-17 04:11,status,Open,Solved
LS-11163,2026-08-17 04:37,status,Open,Solved
LS-13414,2026-08-17 04:47,owner,Agent B,Agent E
LS-12347,2026-08-17 05:32,group,Frontline UK,Payroll Team
LS-11044,2026-08-17 06:15,owner,Agent K,Agent F
LS-10038,2026-08-17 06:35,status,Open,Solved
LS-12615,2026-08-17 06:45,status,Open,Solved
LS-10992,2026-08-17 07:13,owner,Agent U,Agent O
LS-13927,2026-08-17 07:27,owner,Agent F,Agent H
LS-14638,2026-08-17 07:47,owner,Agent K,Agent E
LS-14329,2026-08-17 12:28,group,Frontline UK,Payroll Team
LS-10213,2026-08-17 13:39,owner,Agent K,Agent P
LS-10792,2026-08-17 14:07,owner,Agent V,Agent E
LS-11375,2026-08-17 14:19,group,Frontline UK,Product Specialists
LS-10061,2026-08-17 15:04,group,Frontline UK,Engineering
LS-13750,2026-08-17 16:08,owner,Agent U,Agent D
LS-10692,2026-08-17 16:20,status,Open,Solved
LS-11515,2026-08-17 16:56,status,Open,Solved
LS-11962,2026-08-17 17:17,status,Open,Solved
LS-14329,2026-08-17 18:02,owner,Agent S,Agent P
LS-11375,2026-08-17 19:33,owner,Agent A,Agent H
LS-12397,2026-08-17 19:36,status,Open,Solved
LS-10492,2026-08-17 20:31,group,Frontline UK,Payroll Team
LS-13414,2026-08-17 22:44,status,Open,Solved
LS-14329,2026-08-17 23:36,status,Open,Solved
LS-11891,2026-08-18 00:19,owner,Agent H,Agent O
LS-11452,2026-08-18 00:42,owner,Agent C,Agent U
LS-11375,2026-08-18 00:47,status,Open,Solved
LS-11198,2026-08-18 01:20,status,Open,Solved
LS-10792,2026-08-18 01:34,status,Open,Solved
LS-11385,2026-08-18 01:38,group,Frontline UK,Product Specialists
LS-13568,2026-08-18 01:57,status,Open,Solved
LS-11738,2026-08-18 02:09,status,Open,Solved
LS-11385,2026-08-18 02:35,owner,Agent M,Agent T
LS-11472,2026-08-18 03:04,group,Frontline UK,Engineering
LS-11385,2026-08-18 03:32,status,Open,Solved
LS-13471,2026-08-18 03:51,group,Frontline UK,Payroll Team
LS-13471,2026-08-18 04:51,owner,Agent B,Agent N
LS-10492,2026-08-18 05:42,owner,Agent V,Agent H
LS-13471,2026-08-18 05:51,status,Open,Solved
LS-12381,2026-08-18 06:02,group,Frontline IE,Product Specialists
LS-11943,2026-08-18 06:55,owner,Agent A,Agent K
LS-11977,2026-08-18 07:29,status,Open,Solved
LS-11422,2026-08-18 08:41,status,Open,Solved
LS-13544,2026-08-18 09:54,status,Open,Solved
LS-15018,2026-08-18 13:16,owner,Agent N,Agent M
LS-11291,2026-08-18 13:19,status,Open,Solved
LS-11038,2026-08-18 13:52,owner,Agent V,Agent E
LS-12719,2026-08-18 14:15,status,Open,Solved
LS-13132,2026-08-18 14:35,group,Frontline UK,Product Specialists
LS-13713,2026-08-18 14:50,status,Open,Solved
LS-10492,2026-08-18 14:52,status,Open,Solved
LS-11122,2026-08-18 15:11,group,Frontline IE,Engineering
LS-11040,2026-08-18 18:11,group,Frontline IE,Engineering
LS-14585,2026-08-18 18:56,group,Frontline UK,Payroll Team
LS-11500,2026-08-18 19:29,group,Frontline UK,Engineering
LS-15080,2026-08-18 20:17,group,Frontline UK,Product Specialists
LS-13199,2026-08-18 21:11,owner,Agent T,Agent R
LS-13400,2026-08-18 22:45,status,Open,Solved
LS-13132,2026-08-18 23:01,owner,Agent E,Agent H
LS-11904,2026-08-19 00:18,group,Frontline UK,Payroll Team
LS-14636,2026-08-19 01:52,owner,Agent F,Agent O
LS-14557,2026-08-19 02:07,group,Frontline UK,Payroll Team
LS-10047,2026-08-19 02:09,owner,Agent U,Agent Q
LS-13388,2026-08-19 02:23,status,Open,Solved
LS-14557,2026-08-19 02:56,owner,Agent Q,Agent V
LS-12381,2026-08-19 03:27,owner,Agent T,Agent I
LS-15080,2026-08-19 03:38,owner,Agent D,Agent A
LS-14001,2026-08-19 03:44,group,Frontline UK,Product Specialists
LS-14557,2026-08-19 03:45,status,Open,Solved
LS-11253,2026-08-19 05:11,owner,Agent L,Agent H
LS-14522,2026-08-19 05:46,status,Open,Solved
LS-11860,2026-08-19 05:49,status,Open,Solved
LS-12916,2026-08-19 06:22,group,Frontline UK,Engineering
LS-10976,2026-08-19 06:51,group,Frontline UK,Payroll Team
LS-14756,2026-08-19 07:01,group,Frontline UK,Engineering
LS-12775,2026-08-19 07:09,group,Frontline IE,Product Specialists
LS-14595,2026-08-19 07:11,status,Open,Solved
LS-14460,2026-08-19 07:22,group,Frontline UK,Engineering
LS-13132,2026-08-19 07:27,status,Open,Solved
LS-10725,2026-08-19 07:49,status,Open,Solved
LS-11904,2026-08-19 09:22,owner,Agent V,Agent E
LS-14481,2026-08-19 09:34,group,Frontline UK,Payroll Team
LS-11352,2026-08-19 10:25,status,Open,Solved
LS-11854,2026-08-19 10:34,owner,Agent O,Agent H
LS-10010,2026-08-19 10:37,status,Open,Solved
LS-15080,2026-08-19 10:58,status,Open,Solved
LS-13205,2026-08-19 13:19,group,Frontline UK,Engineering
LS-12960,2026-08-19 13:58,owner,Agent I,Agent P
LS-11818,2026-08-19 15:05,owner,Agent O,Agent Q
LS-11273,2026-08-19 15:57,group,Frontline UK,Payroll Team
LS-10976,2026-08-19 16:14,owner,Agent U,Agent M
LS-11625,2026-08-19 16:36,status,Open,Solved
LS-14001,2026-08-19 17:11,owner,Agent F,Agent N
LS-11904,2026-08-19 18:27,status,Open,Solved
LS-10061,2026-08-19 18:33,owner,Agent U,Agent Q
LS-10992,2026-08-19 18:55,owner,Agent O,Agent P
LS-14545,2026-08-19 19:47,status,Open,Solved
LS-12121,2026-08-19 20:03,owner,Agent L,Agent E
LS-10706,2026-08-19 20:16,status,Open,Solved
LS-13932,2026-08-19 20:23,owner,Agent Q,Agent R
LS-12932,2026-08-19 20:24,status,Open,Solved
LS-13007,2026-08-19 20:35,status,Open,Solved
LS-12936,2026-08-19 20:53,status,Open,Solved
LS-13068,2026-08-19 21:15,group,Frontline UK,Engineering
LS-11361,2026-08-19 23:46,owner,Agent H,Agent M
LS-13325,2026-08-19 23:53,status,Open,Solved
LS-12278,2026-08-20 00:42,status,Open,Solved
LS-12381,2026-08-20 00:53,owner,Agent I,Agent U
LS-10976,2026-08-20 01:37,owner,Agent M,Agent G
LS-13061,2026-08-20 02:08,group,Frontline UK,Engineering
LS-11562,2026-08-20 03:08,status,Open,Solved
LS-11975,2026-08-20 04:09,group,Frontline UK,Engineering
LS-14001,2026-08-20 06:37,status,Open,Solved
LS-13061,2026-08-20 08:23,owner,Agent C,Agent Q
LS-13646,2026-08-20 09:22,group,Frontline UK,Engineering
LS-12775,2026-08-20 09:26,owner,Agent Q,Agent B
LS-10976,2026-08-20 11:00,status,Open,Solved
LS-11780,2026-08-20 11:25,group,Frontline UK,Engineering
LS-11996,2026-08-20 13:07,owner,Agent K,Agent R
LS-13061,2026-08-20 14:38,owner,Agent Q,Agent L
LS-13205,2026-08-20 14:42,owner,Agent A,Agent G
LS-12916,2026-08-20 15:48,owner,Agent S,Agent Q
LS-10826,2026-08-20 16:34,status,Open,Solved
LS-11273,2026-08-20 17:33,owner,Agent P,Agent Q
LS-10307,2026-08-20 19:09,group,Frontline UK,Engineering
LS-12459,2026-08-20 20:00,group,Frontline UK,Engineering
LS-13061,2026-08-20 20:53,status,Open,Solved
LS-11598,2026-08-20 21:18,group,Frontline UK,Payroll Team
LS-11215,2026-08-20 21:19,status,Open,Solved
LS-14470,2026-08-20 21:27,owner,Agent A,Agent O
LS-10762,2026-08-20 21:57,group,Frontline UK,Payroll Team
LS-12381,2026-08-20 22:18,status,Open,Solved
LS-15018,2026-08-20 22:32,owner,Agent M,Agent Q
LS-10424,2026-08-20 22:41,group,Frontline UK,Payroll Team
LS-10808,2026-08-20 22:51,group,Frontline UK,Engineering
LS-12090,2026-08-21 01:11,status,Open,Solved
LS-14636,2026-08-21 01:11,status,Open,Solved
LS-10925,2026-08-21 01:25,status,Open,Solved
LS-11891,2026-08-21 01:33,owner,Agent O,Agent D
LS-11598,2026-08-21 02:01,owner,Agent O,Agent F
LS-10762,2026-08-21 02:51,owner,Agent O,Agent V
LS-13750,2026-08-21 05:14,status,Open,Solved
LS-10448,2026-08-21 06:40,status,Open,Solved
LS-11598,2026-08-21 06:44,owner,Agent F,Agent B
LS-10762,2026-08-21 07:46,owner,Agent V,Agent D
LS-10657,2026-08-21 07:47,status,Open,Solved
LS-12629,2026-08-21 08:08,status,Open,Solved
LS-11814,2026-08-21 09:23,status,Open,Solved
LS-12875,2026-08-21 10:01,group,Frontline IE,Product Specialists
LS-11504,2026-08-21 11:15,owner,Agent M,Agent L
LS-11598,2026-08-21 11:26,status,Open,Solved
LS-12775,2026-08-21 11:43,owner,Agent B,Agent M
LS-14756,2026-08-21 11:48,owner,Agent V,Agent S
LS-13392,2026-08-21 12:03,group,Frontline IE,Payroll Team
LS-14481,2026-08-21 12:29,owner,Agent O,Agent G
LS-10762,2026-08-21 12:40,status,Open,Solved
LS-11943,2026-08-21 13:38,status,Open,Solved
LS-13737,2026-08-21 14:20,owner,Agent C,Agent H
LS-14613,2026-08-21 15:37,owner,Agent R,Agent T
LS-10307,2026-08-21 16:02,owner,Agent Q,Agent E
LS-13205,2026-08-21 16:06,status,Open,Solved
LS-10100,2026-08-21 16:22,status,Open,Solved
LS-10718,2026-08-21 17:28,status,Open,Solved
LS-11273,2026-08-21 19:09,status,Open,Solved
LS-12875,2026-08-21 19:18,owner,Agent O,Agent G
LS-12405,2026-08-21 19:42,status,Open,Solved
LS-12074,2026-08-21 21:14,owner,Agent N,Agent J
LS-10061,2026-08-21 22:02,owner,Agent Q,Agent S
LS-10047,2026-08-21 23:08,owner,Agent Q,Agent P
LS-10847,2026-08-21 23:20,group,Frontline UK,Payroll Team
LS-11044,2026-08-22 00:37,status,Open,Solved
LS-12927,2026-08-22 00:39,owner,Agent E,Agent J
LS-11500,2026-08-22 00:56,owner,Agent Q,Agent T
LS-10170,2026-08-22 01:00,status,Open,Solved
LS-12916,2026-08-22 01:15,owner,Agent Q,Agent O
LS-15055,2026-08-22 01:48,group,Frontline UK,Product Specialists
LS-11673,2026-08-22 02:07,status,Open,Solved
LS-13528,2026-08-22 02:14,group,Frontline UK,Engineering
LS-14731,2026-08-22 02:35,status,Open,Solved
LS-11975,2026-08-22 02:55,owner,Agent V,Agent R
LS-11122,2026-08-22 04:10,owner,Agent U,Agent E
LS-10858,2026-08-22 04:34,group,Frontline IE,Product Specialists
LS-12875,2026-08-22 04:35,status,Open,Solved
LS-15055,2026-08-22 04:51,owner,Agent K,Agent E
LS-14180,2026-08-22 04:52,group,Frontline IE,Payroll Team
LS-10992,2026-08-22 06:38,status,Open,Solved
LS-15055,2026-08-22 07:54,status,Open,Solved
LS-13068,2026-08-22 12:33,owner,Agent M,Agent F
LS-10847,2026-08-22 12:35,owner,Agent N,Agent K
LS-10307,2026-08-22 12:55,owner,Agent E,Agent C
LS-14460,2026-08-22 13:57,owner,Agent C,Agent T
LS-12775,2026-08-22 13:59,status,Open,Solved
LS-14781,2026-08-22 15:02,status,Open,Solved
LS-12608,2026-08-22 16:25,status,Open,Solved
LS-14180,2026-08-22 16:28,owner,Agent R,Agent P
LS-10915,2026-08-22 17:20,owner,Agent U,Agent N
LS-12459,2026-08-22 18:26,owner,Agent H,Agent R
LS-13392,2026-08-22 19:03,owner,Agent D,Agent S
LS-14245,2026-08-22 21:36,status,Open,Solved
LS-14585,2026-08-22 23:36,owner,Agent C,Agent K
LS-13813,2026-08-23 01:29,owner,Agent J,Agent T
LS-10847,2026-08-23 01:49,status,Open,Solved
LS-12976,2026-08-23 02:00,status,Open,Solved
LS-11019,2026-08-23 02:35,status,Open,Solved
LS-14177,2026-08-23 02:39,owner,Agent D,Agent Q
LS-14739,2026-08-23 02:49,status,Open,Solved
LS-13594,2026-08-23 03:15,status,Open,Solved
LS-14265,2026-08-23 03:20,status,Open,Solved
LS-14180,2026-08-23 04:04,owner,Agent P,Agent M
LS-10408,2026-08-23 05:00,group,Frontline IE,Product Specialists
LS-13565,2026-08-23 05:13,group,Frontline UK,Payroll Team
LS-14638,2026-08-23 05:49,status,Open,Solved
LS-11850,2026-08-23 06:47,status,Open,Solved
LS-10858,2026-08-23 07:32,owner,Agent F,Agent G
LS-15018,2026-08-23 07:48,status,Open,Solved
LS-14887,2026-08-23 07:55,status,Open,Solved
LS-14844,2026-08-23 08:55,group,Frontline UK,Engineering
LS-10307,2026-08-23 09:48,status,Open,Solved
LS-12916,2026-08-23 10:41,owner,Agent O,Agent D
LS-12183,2026-08-23 10:44,owner,Agent D,Agent Q
LS-13951,2026-08-23 11:18,owner,Agent F,Agent N
LS-14830,2026-08-23 12:23,status,Open,Solved
LS-13528,2026-08-23 13:03,owner,Agent P,Agent A
LS-11879,2026-08-23 13:46,status,Open,Solved
LS-10408,2026-08-23 14:15,owner,Agent V,Agent I
LS-10294,2026-08-23 14:43,owner,Agent M,Agent U
LS-14481,2026-08-23 15:25,status,Open,Solved
LS-14180,2026-08-23 15:40,status,Open,Solved
LS-14756,2026-08-23 16:35,status,Open,Solved
LS-14813,2026-08-23 17:02,group,Frontline UK,Product Specialists
LS-13655,2026-08-23 17:43,status,Open,Solved
LS-11668,2026-08-23 18:16,status,Open,Solved
LS-14844,2026-08-23 18:20,owner,Agent Q,Agent V
LS-12136,2026-08-23 19:29,status,Open,Solved
LS-14813,2026-08-23 21:47,owner,Agent F,Agent T
LS-14353,2026-08-23 23:04,group,Frontline IE,Engineering
LS-10408,2026-08-23 23:29,status,Open,Solved
LS-14456,2026-08-24 00:32,status,Open,Solved
LS-10061,2026-08-24 01:30,status,Open,Solved
LS-11975,2026-08-24 01:41,status,Open,Solved
LS-13392,2026-08-24 02:03,owner,Agent S,Agent F
LS-14813,2026-08-24 02:31,status,Open,Solved
LS-13210,2026-08-24 02:40,group,Frontline UK,Product Specialists
LS-11891,2026-08-24 02:47,status,Open,Solved
LS-12262,2026-08-24 03:44,status,Open,Solved
LS-14844,2026-08-24 03:45,status,Open,Solved
LS-12109,2026-08-24 03:58,group,Frontline UK,Payroll Team
LS-13199,2026-08-24 05:04,owner,Agent R,Agent U
LS-13210,2026-08-24 05:18,owner,Agent M,Agent R
LS-13210,2026-08-24 07:56,status,Open,Solved
LS-10669,2026-08-24 09:18,group,Frontline UK,Engineering
LS-10858,2026-08-24 10:30,status,Open,Solved
LS-13682,2026-08-24 10:33,status,Open,Solved
LS-10597,2026-08-24 11:36,status,Open,Solved
LS-12328,2026-08-24 16:17,status,Open,Solved
LS-11040,2026-08-24 16:47,owner,Agent T,Agent N
LS-12459,2026-08-24 16:52,status,Open,Solved
LS-10669,2026-08-24 17:02,owner,Agent A,Agent T
LS-12998,2026-08-24 18:10,group,Frontline UK,Payroll Team
LS-11241,2026-08-24 19:07,group,Frontline IE,Product Specialists
LS-12892,2026-08-24 19:29,status,Open,Solved
LS-12916,2026-08-24 20:07,owner,Agent D,Agent H
LS-10047,2026-08-24 20:08,status,Open,Solved
LS-12116,2026-08-24 20:48,group,Frontline UK,Payroll Team
LS-11387,2026-08-24 22:23,status,Open,Solved
LS-12116,2026-08-24 22:53,owner,Agent O,Agent H
LS-12418,2026-08-24 23:40,group,Frontline IE,Payroll Team
LS-13528,2026-08-24 23:52,owner,Agent A,Agent R
LS-10830,2026-08-25 00:08,group,Frontline IE,Engineering
LS-11956,2026-08-25 00:43,status,Open,Solved
LS-10669,2026-08-25 00:46,status,Open,Solved
LS-12116,2026-08-25 00:58,status,Open,Solved
LS-13910,2026-08-25 01:54,status,Open,Solved
LS-10987,2026-08-25 02:29,group,Frontline IE,Product Specialists
LS-13068,2026-08-25 03:51,status,Open,Solved
LS-12037,2026-08-25 05:59,group,Frontline UK,Product Specialists
LS-12228,2026-08-25 06:00,status,Open,Solved
LS-11500,2026-08-25 06:24,status,Open,Solved
LS-10776,2026-08-25 06:26,group,Frontline IE,Payroll Team
LS-11811,2026-08-25 06:39,status,Open,Solved
LS-12037,2026-08-25 06:51,owner,Agent P,Agent B
LS-11224,2026-08-25 07:09,group,Frontline UK,Engineering
LS-12037,2026-08-25 07:42,status,Open,Solved
LS-12118,2026-08-25 08:06,status,Open,Solved
LS-13392,2026-08-25 09:03,status,Open,Solved
LS-11715,2026-08-25 10:38,group,Frontline UK,Payroll Team
LS-13947,2026-08-25 11:13,owner,Agent M,Agent T
LS-11241,2026-08-25 11:59,owner,Agent L,Agent H
LS-12121,2026-08-25 12:02,status,Open,Solved
LS-13958,2026-08-25 12:31,group,Frontline IE,Engineering
LS-10987,2026-08-25 12:33,owner,Agent M,Agent L
LS-12890,2026-08-25 13:14,owner,Agent Q,Agent P
LS-11690,2026-08-25 14:09,group,Frontline UK,Product Specialists
LS-12330,2026-08-25 14:29,status,Open,Solved
LS-10213,2026-08-25 14:47,status,Open,Solved
LS-11122,2026-08-25 17:09,owner,Agent E,Agent A
LS-13958,2026-08-25 18:46,owner,Agent F,Agent J
LS-12623,2026-08-25 19:30,status,Open,Solved
LS-12998,2026-08-25 19:44,owner,Agent A,Agent V
LS-12199,2026-08-25 20:28,group,Frontline UK,Engineering
LS-14460,2026-08-25 20:32,status,Open,Solved
LS-12418,2026-08-25 22:31,owner,Agent H,Agent U
LS-10987,2026-08-25 22:37,owner,Agent L,Agent Q
LS-11692,2026-08-25 22:54,status,Open,Solved
LS-13368,2026-08-25 23:12,group,Frontline UK,Product Specialists
LS-13565,2026-08-26 00:33,owner,Agent U,Agent J
LS-12707,2026-08-26 00:58,owner,Agent R,Agent O
LS-13958,2026-08-26 01:01,status,Open,Solved
LS-12937,2026-08-26 02:24,group,Frontline IE,Product Specialists
LS-13962,2026-08-26 02:48,status,Open,Solved
LS-14734,2026-08-26 02:51,group,Frontline UK,Engineering
LS-13180,2026-08-26 03:15,group,Frontline IE,Engineering
LS-11241,2026-08-26 04:51,status,Open,Solved
LS-12916,2026-08-26 05:34,status,Open,Solved
LS-10675,2026-08-26 06:51,owner,Agent H,Agent N
LS-11690,2026-08-26 07:18,owner,Agent Q,Agent S
LS-11715,2026-08-26 07:26,owner,Agent J,Agent O
LS-10700,2026-08-26 07:31,status,Open,Solved
LS-12438,2026-08-26 08:30,status,Open,Solved
LS-10987,2026-08-26 08:41,status,Open,Solved
LS-13528,2026-08-26 10:40,status,Open,Solved
LS-13368,2026-08-26 11:35,owner,Agent L,Agent M
LS-14324,2026-08-26 12:24,group,Frontline UK,Payroll Team
LS-14184,2026-08-26 13:02,group,Frontline UK,Payroll Team
LS-10092,2026-08-26 13:47,group,Frontline UK,Engineering
LS-12937,2026-08-26 14:26,owner,Agent E,Agent H
LS-12674,2026-08-26 18:58,status,Open,Solved
LS-12998,2026-08-26 21:18,owner,Agent V,Agent F
LS-12418,2026-08-26 21:21,status,Open,Solved
LS-12983,2026-08-26 22:10,owner,Agent I,Agent T
LS-14353,2026-08-26 23:26,owner,Agent R,Agent M
LS-14099,2026-08-26 23:48,group,Frontline UK,Engineering
LS-13368,2026-08-26 23:59,status,Open,Solved
LS-11690,2026-08-27 00:27,owner,Agent S,Agent P
LS-12960,2026-08-27 00:28,status,Open,Solved
LS-11442,2026-08-27 00:30,status,Open,Solved
LS-12647,2026-08-27 02:22,status,Open,Solved
LS-12937,2026-08-27 02:28,status,Open,Solved
LS-13291,2026-08-27 03:30,group,Frontline UK,Product Specialists
LS-11715,2026-08-27 04:14,status,Open,Solved
LS-14585,2026-08-27 04:17,status,Open,Solved
LS-12020,2026-08-27 05:44,group,Frontline UK,Payroll Team
LS-13541,2026-08-27 05:44,status,Open,Solved
LS-10830,2026-08-27 06:13,owner,Agent N,Agent D
LS-11202,2026-08-27 07:45,group,Frontline UK,Engineering
LS-10512,2026-08-27 08:39,status,Open,Solved
LS-10094,2026-08-27 08:46,group,Frontline UK,Product Specialists
LS-14184,2026-08-27 09:01,owner,Agent I,Agent G
LS-10736,2026-08-27 09:12,status,Open,Solved
LS-10310,2026-08-27 10:39,status,Open,Solved
LS-14225,2026-08-27 10:50,status,Open,Solved
LS-11202,2026-08-27 11:36,owner,Agent D,Agent H
LS-12140,2026-08-27 11:44,owner,Agent K,Agent B
LS-12927,2026-08-27 12:11,status,Open,Solved
LS-12032,2026-08-27 12:18,group,Frontline IE,Payroll Team
LS-10202,2026-08-27 13:22,status,Open,Solved
LS-11224,2026-08-27 14:43,owner,Agent P,Agent S
LS-11202,2026-08-27 15:27,status,Open,Solved
LS-11690,2026-08-27 17:36,owner,Agent P,Agent B
LS-13968,2026-08-27 17:47,owner,Agent I,Agent K
LS-11111,2026-08-27 18:25,status,Open,Solved
LS-10094,2026-08-27 20:07,owner,Agent S,Agent I
LS-11539,2026-08-27 20:20,owner,Agent P,Agent Q
LS-14069,2026-08-27 22:15,status,Open,Solved
LS-12998,2026-08-27 22:53,owner,Agent F,Agent R
LS-14159,2026-08-27 23:19,group,Frontline UK,Payroll Team
LS-12032,2026-08-28 02:28,owner,Agent J,Agent A
LS-14159,2026-08-28 03:17,owner,Agent C,Agent J
LS-12074,2026-08-28 03:41,status,Open,Solved
LS-14184,2026-08-28 04:59,status,Open,Solved
LS-14159,2026-08-28 07:15,owner,Agent J,Agent H
LS-10094,2026-08-28 07:27,status,Open,Solved
LS-11839,2026-08-28 07:30,group,Frontline IE,Payroll Team
LS-12067,2026-08-28 09:15,group,Frontline UK,Product Specialists
LS-12912,2026-08-28 09:18,owner,Agent R,Agent Q
LS-11780,2026-08-28 09:45,owner,Agent D,Agent F
LS-11839,2026-08-28 10:07,owner,Agent F,Agent D
LS-11690,2026-08-28 10:45,status,Open,Solved
LS-14159,2026-08-28 11:13,status,Open,Solved
LS-11010,2026-08-28 11:29,group,Frontline IE,Payroll Team
LS-13833,2026-08-28 11:32,group,Frontline UK,Engineering
LS-13982,2026-08-28 12:03,group,Frontline IE,Payroll Team
LS-11839,2026-08-28 12:44,status,Open,Solved
LS-14335,2026-08-28 13:21,status,Open,Solved
LS-13505,2026-08-28 13:24,status,Open,Solved
LS-11107,2026-08-28 14:32,group,Frontline UK,Engineering
LS-12032,2026-08-28 16:38,status,Open,Solved
LS-10808,2026-08-28 18:00,owner,Agent N,Agent V
LS-13565,2026-08-28 19:53,status,Open,Solved
LS-13932,2026-08-28 21:41,owner,Agent R,Agent N
LS-10226,2026-08-28 21:53,group,Frontline UK,Payroll Team
LS-14269,2026-08-28 22:18,status,Open,Solved
LS-14275,2026-08-28 23:37,group,Frontline UK,Product Specialists
LS-13291,2026-08-28 23:47,owner,Agent I,Agent O
LS-12998,2026-08-29 00:27,status,Open,Solved
LS-10424,2026-08-29 02:33,owner,Agent G,Agent A
LS-10759,2026-08-29 02:52,status,Open,Solved
LS-12003,2026-08-29 03:44,status,Open,Solved
LS-11123,2026-08-29 04:48,status,Open,Solved
LS-11122,2026-08-29 06:08,status,Open,Solved
LS-13965,2026-08-29 06:32,owner,Agent M,Agent F
LS-13982,2026-08-29 06:51,owner,Agent V,Agent C
LS-12043,2026-08-29 09:25,status,Open,Solved
LS-10744,2026-08-29 09:34,group,Frontline UK,Product Specialists
LS-11695,2026-08-29 11:44,status,Open,Solved
LS-14087,2026-08-29 12:02,group,Frontline UK,Product Specialists
LS-10830,2026-08-29 12:18,owner,Agent D,Agent P
LS-13761,2026-08-29 12:30,group,Frontline UK,Engineering
LS-13199,2026-08-29 12:57,status,Open,Solved
LS-13180,2026-08-29 14:16,owner,Agent O,Agent C
LS-13825,2026-08-29 14:30,status,Open,Solved
LS-14275,2026-08-29 16:00,owner,Agent G,Agent K
LS-12199,2026-08-29 17:50,owner,Agent O,Agent T
LS-14324,2026-08-29 18:45,owner,Agent J,Agent U
LS-11650,2026-08-29 19:12,group,Frontline IE,Payroll Team
LS-10441,2026-08-29 21:28,status,Open,Solved
LS-13678,2026-08-29 21:38,status,Open,Solved
LS-11468,2026-08-29 21:51,owner,Agent J,Agent T
LS-11650,2026-08-29 21:52,owner,Agent K,Agent U
LS-11224,2026-08-29 22:17,owner,Agent S,Agent G
LS-14293,2026-08-29 23:04,status,Open,Solved
LS-13016,2026-08-29 23:19,status,Open,Solved
LS-14353,2026-08-29 23:48,owner,Agent M,Agent C
LS-11650,2026-08-30 00:32,status,Open,Solved
LS-13982,2026-08-30 01:38,status,Open,Solved
LS-14084,2026-08-30 01:50,status,Open,Solved
LS-13635,2026-08-30 02:46,group,Frontline UK,Payroll Team
LS-10226,2026-08-30 03:46,owner,Agent C,Agent R
LS-12067,2026-08-30 05:15,owner,Agent J,Agent R
LS-13627,2026-08-30 06:24,status,Open,Solved
LS-14275,2026-08-30 08:23,owner,Agent K,Agent V
LS-13635,2026-08-30 11:30,owner,Agent O,Agent R
LS-12300,2026-08-30 11:51,group,Frontline IE,Engineering
LS-13612,2026-08-30 13:44,owner,Agent F,Agent B
LS-13158,2026-08-30 14:21,group,Frontline UK,Payroll Team
LS-10852,2026-08-30 14:28,status,Open,Solved
LS-11040,2026-08-30 15:23,owner,Agent N,Agent E
LS-11996,2026-08-30 15:38,owner,Agent R,Agent F
LS-12024,2026-08-30 16:26,group,Frontline UK,Engineering
LS-12300,2026-08-30 16:28,owner,Agent K,Agent L
LS-13158,2026-08-30 18:35,owner,Agent L,Agent T
LS-14302,2026-08-30 18:50,group,Frontline UK,Product Specialists
LS-14229,2026-08-30 19:07,group,Frontline UK,Engineering
LS-13291,2026-08-30 20:04,status,Open,Solved
LS-11496,2026-08-30 20:05,status,Open,Solved
LS-13635,2026-08-30 20:14,owner,Agent R,Agent L
LS-13894,2026-08-30 20:23,group,Frontline UK,Payroll Team
LS-14087,2026-08-30 20:55,owner,Agent E,Agent V
LS-12300,2026-08-30 21:05,status,Open,Solved
LS-10294,2026-08-30 21:28,status,Open,Solved
LS-11452,2026-08-30 21:47,status,Open,Solved
LS-10240,2026-08-30 21:51,status,Open,Solved
LS-13158,2026-08-30 22:50,status,Open,Solved
LS-13824,2026-08-31 00:09,group,Frontline IE,Product Specialists
LS-11578,2026-08-31 00:37,status,Open,Solved
LS-14275,2026-08-31 00:46,status,Open,Solved
LS-14302,2026-08-31 02:22,owner,Agent K,Agent T
LS-12501,2026-08-31 02:45,group,Frontline IE,Engineering
LS-13951,2026-08-31 03:02,owner,Agent N,Agent B
LS-12722,2026-08-31 03:21,owner,Agent P,Agent E
LS-13824,2026-08-31 03:31,owner,Agent P,Agent L
LS-12379,2026-08-31 03:59,status,Open,Solved
LS-10776,2026-08-31 04:42,owner,Agent V,Agent P
LS-13635,2026-08-31 04:58,status,Open,Solved
LS-12548,2026-08-31 05:09,group,Frontline UK,Payroll Team
LS-10744,2026-08-31 05:50,owner,Agent H,Agent E
LS-11547,2026-08-31 06:03,group,Frontline UK,Engineering
LS-10773,2026-08-31 06:26,group,Frontline IE,Payroll Team
LS-11107,2026-08-31 06:51,owner,Agent S,Agent C
LS-13824,2026-08-31 06:53,status,Open,Solved
LS-14219,2026-08-31 07:33,status,Open,Solved
LS-12127,2026-08-31 07:54,status,Open,Solved
LS-12520,2026-08-31 08:01,status,Open,Solved
LS-14793,2026-08-31 08:24,group,Frontline UK,Engineering
LS-12017,2026-08-31 08:56,status,Open,Solved
LS-10226,2026-08-31 09:38,status,Open,Solved
LS-14302,2026-08-31 09:54,status,Open,Solved
LS-14695,2026-08-31 15:02,group,Frontline IE,Engineering
LS-12315,2026-08-31 15:09,status,Open,Solved
LS-12548,2026-08-31 16:13,owner,Agent V,Agent C
LS-11010,2026-08-31 17:01,owner,Agent C,Agent I
LS-12073,2026-08-31 17:52,group,Frontline UK,Payroll Team
LS-10830,2026-08-31 18:24,status,Open,Solved
LS-13885,2026-08-31 18:32,status,Open,Solved
LS-14099,2026-08-31 19:31,owner,Agent B,Agent H
LS-14177,2026-08-31 20:00,status,Open,Solved
LS-10161,2026-08-31 20:15,group,Frontline UK,Engineering
LS-12020,2026-08-31 20:50,owner,Agent C,Agent T
LS-12501,2026-08-31 22:49,owner,Agent J,Agent H
LS-11272,2026-08-31 23:35,status,Open,Solved
LS-11547,2026-09-01 00:02,owner,Agent C,Agent H
LS-12067,2026-09-01 01:16,owner,Agent R,Agent H
LS-12347,2026-09-01 01:41,owner,Agent L,Agent O
LS-14563,2026-09-01 01:59,group,Frontline UK,Engineering
LS-13008,2026-09-01 02:21,status,Open,Solved
LS-12548,2026-09-01 03:17,owner,Agent C,Agent P
LS-11419,2026-09-01 04:26,group,Frontline IE,Payroll Team
LS-14087,2026-09-01 05:47,status,Open,Solved
LS-11224,2026-09-01 05:50,owner,Agent G,Agent J
LS-13293,2026-09-01 06:37,group,Frontline IE,Engineering
LS-12686,2026-09-01 06:42,status,Open,Solved
LS-11089,2026-09-01 07:20,group,Frontline UK,Product Specialists
LS-10043,2026-09-01 08:05,status,Open,Solved
LS-11177,2026-09-01 09:40,group,Frontline IE,Product Specialists
LS-13667,2026-09-01 10:00,status,Open,Solved
LS-11973,2026-09-01 10:20,status,Open,Solved
LS-12339,2026-09-01 11:12,status,Open,Solved
LS-12798,2026-09-01 11:46,group,Frontline UK,Engineering
LS-11400,2026-09-01 12:08,status,Open,Solved
LS-11089,2026-09-01 12:36,owner,Agent K,Agent H
LS-11177,2026-09-01 12:39,owner,Agent P,Agent U
LS-10264,2026-09-01 12:50,group,Frontline IE,Engineering
LS-13765,2026-09-01 13:11,group,Frontline UK,Engineering
LS-15014,2026-09-01 13:58,group,Frontline IE,Engineering
LS-14095,2026-09-01 14:04,status,Open,Solved
LS-12548,2026-09-01 14:21,owner,Agent P,Agent A
LS-13737,2026-09-01 14:28,status,Open,Solved
LS-11177,2026-09-01 15:38,status,Open,Solved
LS-10606,2026-09-01 15:40,group,Frontline UK,Product Specialists
LS-12821,2026-09-01 16:21,status,Open,Solved
LS-11089,2026-09-01 17:51,status,Open,Solved
LS-11547,2026-09-01 18:01,status,Open,Solved
LS-14229,2026-09-01 18:48,owner,Agent A,Agent O
LS-12501,2026-09-01 18:53,status,Open,Solved
LS-14974,2026-09-01 19:32,group,Frontline IE,Payroll Team
LS-11005,2026-09-01 20:01,status,Open,Solved
LS-13761,2026-09-01 22:53,owner,Agent Q,Agent F
LS-15037,2026-09-01 23:02,group,Frontline IE,Engineering
LS-13464,2026-09-01 23:40,status,Open,Solved
LS-14353,2026-09-02 00:09,status,Open,Solved
LS-14324,2026-09-02 01:05,owner,Agent U,Agent S
LS-13180,2026-09-02 01:17,status,Open,Solved
LS-12548,2026-09-02 01:25,status,Open,Solved
LS-11290,2026-09-02 01:44,group,Frontline UK,Engineering
LS-10744,2026-09-02 02:06,owner,Agent E,Agent L
LS-12544,2026-09-02 06:42,group,Frontline UK,Engineering
LS-13781,2026-09-02 06:59,group,Frontline UK,Product Specialists
LS-13684,2026-09-02 08:17,status,Open,Solved
LS-13701,2026-09-02 08:33,group,Frontline IE,Engineering
LS-13773,2026-09-02 11:52,status,Open,Solved
LS-14974,2026-09-02 12:44,owner,Agent O,Agent E
LS-10698,2026-09-02 13:13,group,Frontline IE,Payroll Team
LS-12109,2026-09-02 13:28,owner,Agent R,Agent B
LS-14382,2026-09-02 13:29,group,Frontline UK,Engineering
LS-10677,2026-09-02 13:33,group,Frontline UK,Engineering
LS-15014,2026-09-02 15:10,owner,Agent G,Agent H
LS-12199,2026-09-02 15:13,owner,Agent T,Agent N
LS-14382,2026-09-02 15:39,owner,Agent H,Agent D
LS-10698,2026-09-02 15:56,owner,Agent O,Agent F
LS-11856,2026-09-02 17:16,group,Frontline IE,Payroll Team
LS-13781,2026-09-02 17:29,owner,Agent P,Agent C
LS-10092,2026-09-02 17:31,owner,Agent C,Agent L
LS-14382,2026-09-02 17:49,status,Open,Solved
LS-10698,2026-09-02 18:40,status,Open,Solved
LS-10161,2026-09-02 20:27,owner,Agent K,Agent R
LS-12067,2026-09-02 21:16,status,Open,Solved
LS-10606,2026-09-02 21:48,owner,Agent E,Agent U
LS-14502,2026-09-02 22:40,status,Open,Solved
LS-11107,2026-09-02 23:11,owner,Agent C,Agent I
LS-14559,2026-09-03 00:56,group,Frontline UK,Product Specialists
LS-14554,2026-09-03 01:46,status,Open,Solved
LS-10905,2026-09-03 01:55,group,Frontline UK,Product Specialists
LS-11856,2026-09-03 02:36,owner,Agent S,Agent Q
LS-10845,2026-09-03 02:56,status,Open,Solved
LS-13781,2026-09-03 03:59,owner,Agent C,Agent V
LS-14974,2026-09-03 05:56,status,Open,Solved
LS-12154,2026-09-03 06:33,group,Frontline UK,Payroll Team
LS-10065,2026-09-03 09:13,group,Frontline IE,Payroll Team
LS-14563,2026-09-03 09:51,owner,Agent G,Agent V
LS-12798,2026-09-03 10:40,owner,Agent B,Agent M
LS-11856,2026-09-03 11:56,status,Open,Solved
LS-14029,2026-09-03 11:56,status,Open,Solved
LS-10905,2026-09-03 12:28,owner,Agent V,Agent N
LS-11224,2026-09-03 13:24,owner,Agent J,Agent H
LS-11419,2026-09-03 13:30,owner,Agent Q,Agent T
LS-13781,2026-09-03 14:30,status,Open,Solved
LS-14661,2026-09-03 14:57,group,Frontline IE,Engineering
LS-10366,2026-09-03 15:19,group,Frontline UK,Engineering
LS-15014,2026-09-03 16:22,status,Open,Solved
LS-14229,2026-09-03 18:29,status,Open,Solved
LS-15061,2026-09-03 20:07,status,Open,Solved
LS-10744,2026-09-03 22:22,status,Open,Solved
LS-11010,2026-09-03 22:34,owner,Agent I,Agent B
LS-10905,2026-09-03 23:02,status,Open,Solved
LS-14695,2026-09-04 00:46,owner,Agent D,Agent V
LS-10232,2026-09-04 02:38,status,Open,Solved
LS-10606,2026-09-04 03:56,status,Open,Solved
LS-10978,2026-09-04 04:54,group,Frontline IE,Product Specialists
LS-14107,2026-09-04 06:53,status,Open,Solved
LS-10065,2026-09-04 07:31,owner,Agent D,Agent J
LS-12016,2026-09-04 08:53,status,Open,Solved
LS-10264,2026-09-04 09:05,owner,Agent K,Agent L
LS-10581,2026-09-04 10:21,group,Frontline UK,Payroll Team
LS-14715,2026-09-04 13:43,status,Open,Solved
LS-13920,2026-09-04 15:37,status,Open,Solved
LS-12304,2026-09-04 16:32,status,Open,Solved
LS-11548,2026-09-04 16:36,status,Open,Solved
LS-14661,2026-09-04 19:03,owner,Agent D,Agent H
LS-13459,2026-09-04 19:17,status,Open,Solved
LS-14946,2026-09-04 19:23,status,Open,Solved
LS-10161,2026-09-04 20:39,status,Open,Solved
LS-11759,2026-09-04 21:48,status,Open,Solved
LS-13813,2026-09-04 22:59,owner,Agent T,Agent S
LS-13855,2026-09-04 23:02,group,Frontline UK,Payroll Team
LS-11439,2026-09-04 23:33,group,Frontline IE,Engineering
LS-10612,2026-09-05 03:08,status,Open,Solved
LS-14182,2026-09-05 03:30,status,Open,Solved
LS-13324,2026-09-05 05:01,status,Open,Solved
LS-12183,2026-09-05 05:09,owner,Agent Q,Agent U
LS-14526,2026-09-05 05:45,status,Open,Solved
LS-10065,2026-09-05 05:49,status,Open,Solved
LS-12038,2026-09-05 06:46,owner,Agent Q,Agent F
LS-14324,2026-09-05 07:26,status,Open,Solved
LS-11780,2026-09-05 08:05,status,Open,Solved
LS-12684,2026-09-05 08:14,group,Frontline UK,Engineering
LS-13286,2026-09-05 08:51,status,Open,Solved
LS-13761,2026-09-05 09:16,status,Open,Solved
LS-12798,2026-09-05 09:33,owner,Agent M,Agent H
LS-14070,2026-09-05 10:59,owner,Agent R,Agent M
LS-14642,2026-09-05 11:10,status,Open,Solved
LS-12606,2026-09-05 11:23,status,Open,Solved
LS-12436,2026-09-05 11:31,group,Frontline UK,Payroll Team
LS-12020,2026-09-05 11:56,owner,Agent T,Agent B
LS-12560,2026-09-05 12:12,group,Frontline UK,Engineering
LS-14559,2026-09-05 12:17,owner,Agent F,Agent C
LS-14905,2026-09-05 12:25,group,Frontline UK,Payroll Team
LS-13163,2026-09-05 12:33,group,Frontline UK,Product Specialists
LS-13402,2026-09-05 12:37,status,Open,Solved
LS-10808,2026-09-05 13:09,status,Open,Solved
LS-11040,2026-09-05 13:59,owner,Agent E,Agent V
LS-10581,2026-09-05 14:15,owner,Agent C,Agent D
LS-14099,2026-09-05 15:15,status,Open,Solved
LS-11107,2026-09-05 15:30,owner,Agent I,Agent O
LS-11870,2026-09-05 16:01,owner,Agent P,Agent M
LS-12441,2026-09-05 17:11,status,Open,Solved
LS-11918,2026-09-05 17:33,status,Open,Solved
LS-14563,2026-09-05 17:43,status,Open,Solved
LS-13293,2026-09-05 18:03,owner,Agent V,Agent S
LS-13312,2026-09-05 18:07,group,Frontline UK,Product Specialists
LS-10315,2026-09-05 18:47,status,Open,Solved
LS-13163,2026-09-05 19:35,owner,Agent L,Agent T
LS-14734,2026-09-05 19:38,owner,Agent O,Agent A
LS-10002,2026-09-05 20:01,group,Frontline UK,Product Specialists
LS-12112,2026-09-05 20:16,status,Open,Solved
LS-14276,2026-09-05 20:39,status,Open,Solved
LS-11224,2026-09-05 20:58,owner,Agent H,Agent R
LS-11419,2026-09-05 22:35,status,Open,Solved
LS-14064,2026-09-05 23:02,group,Frontline IE,Payroll Team
LS-14661,2026-09-05 23:08,status,Open,Solved
LS-14464,2026-09-05 23:17,status,Open,Solved
LS-13855,2026-09-06 00:32,owner,Agent N,Agent U
LS-15037,2026-09-06 02:28,owner,Agent C,Agent T
LS-10677,2026-09-06 02:34,owner,Agent C,Agent F
LS-13163,2026-09-06 02:37,status,Open,Solved
LS-10776,2026-09-06 02:57,status,Open,Solved
LS-10375,2026-09-06 03:05,group,Frontline UK,Payroll Team
LS-12133,2026-09-06 03:17,group,Frontline UK,Product Specialists
LS-10002,2026-09-06 05:17,owner,Agent J,Agent I
LS-10229,2026-09-06 05:23,status,Open,Solved
LS-10498,2026-09-06 05:43,group,Frontline UK,Engineering
LS-10366,2026-09-06 06:08,owner,Agent L,Agent U
LS-10424,2026-09-06 06:25,owner,Agent A,Agent Q
LS-11290,2026-09-06 06:26,owner,Agent R,Agent C
LS-10892,2026-09-06 06:38,owner,Agent O,Agent J
LS-13562,2026-09-06 07:55,group,Frontline UK,Payroll Team
LS-12133,2026-09-06 08:30,owner,Agent I,Agent T
LS-11439,2026-09-06 08:43,owner,Agent C,Agent N
LS-14992,2026-09-06 08:52,status,Open,Solved
LS-12800,2026-09-06 09:33,status,Open,Solved
LS-14312,2026-09-06 10:11,group,Frontline UK,Engineering
LS-12801,2026-09-06 11:24,group,Frontline UK,Product Specialists
LS-10978,2026-09-06 12:14,owner,Agent C,Agent S
LS-12199,2026-09-06 12:35,owner,Agent N,Agent Q
LS-14252,2026-09-06 13:13,group,Frontline UK,Engineering
LS-13947,2026-09-06 13:28,owner,Agent T,Agent R
LS-12133,2026-09-06 13:44,status,Open,Solved
LS-13312,2026-09-06 13:47,owner,Agent T,Agent V
LS-13456,2026-09-06 13:50,group,Frontline UK,Engineering
LS-13556,2026-09-06 14:23,status,Open,Solved
LS-10002,2026-09-06 14:33,status,Open,Solved
LS-10329,2026-09-06 14:44,group,Frontline IE,Engineering
LS-12139,2026-09-06 15:05,group,Frontline UK,Engineering
LS-13996,2026-09-06 16:15,group,Frontline UK,Engineering
LS-10581,2026-09-06 18:09,owner,Agent D,Agent K
LS-10318,2026-09-06 18:21,status,Open,Solved
LS-13562,2026-09-06 19:14,owner,Agent T,Agent B
LS-10546,2026-09-06 20:55,group,Frontline UK,Product Specialists
LS-12824,2026-09-06 21:17,group,Frontline UK,Product Specialists
LS-12430,2026-09-06 21:31,status,Open,Solved
LS-11791,2026-09-06 21:50,status,Open,Solved
LS-13384,2026-09-06 22:53,status,Open,Solved
LS-13932,2026-09-06 23:00,status,Open,Solved
LS-12560,2026-09-06 23:09,owner,Agent C,Agent E
LS-13894,2026-09-06 23:27,owner,Agent L,Agent E
LS-11391,2026-09-07 00:16,group,Frontline IE,Payroll Team
LS-13840,2026-09-07 01:54,status,Open,Solved
LS-13855,2026-09-07 02:02,status,Open,Solved
LS-11890,2026-09-07 02:58,group,Frontline UK,Engineering
LS-10228,2026-09-07 03:10,group,Frontline IE,Payroll Team
LS-11391,2026-09-07 03:43,owner,Agent A,Agent R
LS-11010,2026-09-07 04:06,owner,Agent B,Agent P
LS-14250,2026-09-07 05:18,group,Frontline UK,Engineering
LS-10264,2026-09-07 05:19,owner,Agent L,Agent M
LS-10546,2026-09-07 05:41,owner,Agent F,Agent P
LS-13562,2026-09-07 06:33,status,Open,Solved
LS-11391,2026-09-07 07:10,status,Open,Solved
LS-14252,2026-09-07 07:59,owner,Agent P,Agent V
LS-12798,2026-09-07 08:27,status,Open,Solved
LS-13312,2026-09-07 09:27,status,Open,Solved
LS-14695,2026-09-07 10:30,status,Open,Solved
LS-13339,2026-09-07 10:55,status,Open,Solved
LS-11526,2026-09-07 10:58,status,Open,Solved
LS-12707,2026-09-07 11:15,status,Open,Solved
LS-13456,2026-09-07 12:24,owner,Agent B,Agent G
LS-12983,2026-09-07 12:47,owner,Agent T,Agent G
LS-10574,2026-09-07 13:14,owner,Agent D,Agent V
LS-14597,2026-09-07 13:22,group,Frontline IE,Engineering
LS-10740,2026-09-07 14:26,group,Frontline IE,Payroll Team
LS-10546,2026-09-07 14:28,owner,Agent P,Agent D
LS-14064,2026-09-07 15:32,owner,Agent R,Agent F
LS-13235,2026-09-07 16:02,group,Frontline UK,Product Specialists
LS-14146,2026-09-07 16:04,group,Frontline UK,Payroll Team
LS-14600,2026-09-07 16:59,status,Open,Solved
LS-11439,2026-09-07 17:54,status,Open,Solved
LS-13951,2026-09-07 18:47,owner,Agent B,Agent P
LS-13130,2026-09-07 19:51,status,Open,Solved
LS-13996,2026-09-07 21:27,owner,Agent K,Agent B
LS-12140,2026-09-07 21:49,owner,Agent B,Agent M
LS-14038,2026-09-07 22:01,status,Open,Solved
LS-10581,2026-09-07 22:03,status,Open,Solved
LS-14793,2026-09-07 22:48,owner,Agent O,Agent P
LS-14504,2026-09-07 22:55,group,Frontline UK,Engineering
LS-10546,2026-09-07 23:14,status,Open,Solved
LS-13533,2026-09-07 23:14,status,Open,Solved
LS-14559,2026-09-07 23:38,owner,Agent C,Agent Q
LS-11706,2026-09-07 23:39,group,Frontline UK,Payroll Team
LS-10228,2026-09-08 00:26,owner,Agent G,Agent R
LS-13329,2026-09-08 00:44,group,Frontline IE,Product Specialists
LS-15067,2026-09-08 00:55,status,Open,Solved
LS-14252,2026-09-08 02:45,owner,Agent V,Agent G
LS-10740,2026-09-08 03:36,owner,Agent O,Agent M
LS-11191,2026-09-08 03:39,group,Frontline UK,Payroll Team
LS-13204,2026-09-08 03:39,group,Frontline UK,Product Specialists
LS-11224,2026-09-08 04:32,owner,Agent R,Agent T
LS-12915,2026-09-08 04:39,status,Open,Solved
LS-10375,2026-09-08 05:23,owner,Agent T,Agent P
LS-13329,2026-09-08 05:42,owner,Agent V,Agent E
LS-12073,2026-09-08 05:54,owner,Agent K,Agent B
LS-11107,2026-09-08 07:49,owner,Agent O,Agent V
LS-13913,2026-09-08 08:51,group,Frontline UK,Engineering
LS-14852,2026-09-08 08:59,status,Open,Solved
LS-11986,2026-09-08 09:45,status,Open,Solved
LS-12560,2026-09-08 10:06,owner,Agent E,Agent N
LS-13329,2026-09-08 10:39,owner,Agent E,Agent K
LS-13744,2026-09-08 10:41,status,Open,Solved
LS-11890,2026-09-08 10:56,owner,Agent R,Agent D
LS-13456,2026-09-08 10:58,status,Open,Solved
LS-10415,2026-09-08 11:50,group,Frontline UK,Engineering
LS-13927,2026-09-08 12:43,owner,Agent H,Agent R
LS-11297,2026-09-08 14:08,group,Frontline UK,Engineering
LS-13329,2026-09-08 15:37,status,Open,Solved
LS-10329,2026-09-08 15:50,owner,Agent G,Agent U
LS-10740,2026-09-08 16:46,status,Open,Solved
LS-11346,2026-09-08 17:27,group,Frontline UK,Engineering
LS-12898,2026-09-08 17:56,status,Open,Solved
LS-12139,2026-09-08 18:01,owner,Agent N,Agent P
LS-11191,2026-09-08 18:15,owner,Agent G,Agent U
LS-10978,2026-09-08 19:34,owner,Agent S,Agent K
LS-13765,2026-09-08 20:23,owner,Agent N,Agent S
LS-13366,2026-09-08 20:42,group,Frontline UK,Engineering
LS-10366,2026-09-08 20:57,status,Open,Solved
LS-14252,2026-09-08 21:31,status,Open,Solved
LS-10228,2026-09-08 21:42,owner,Agent R,Agent P
LS-13531,2026-09-08 22:06,status,Open,Solved
LS-11472,2026-09-08 22:32,owner,Agent R,Agent I
LS-12781,2026-09-08 23:21,status,Open,Solved
LS-12670,2026-09-09 01:23,group,Frontline UK,Product Specialists
LS-14279,2026-09-09 02:34,group,Frontline UK,Product Specialists
LS-13996,2026-09-09 02:39,status,Open,Solved
LS-11394,2026-09-09 03:28,group,Frontline IE,Engineering
LS-11819,2026-09-09 03:41,status,Open,Solved
LS-11203,2026-09-09 04:23,group,Frontline UK,Product Specialists
LS-11289,2026-09-09 05:37,status,Open,Solved
LS-12670,2026-09-09 05:52,owner,Agent I,Agent D
LS-12756,2026-09-09 06:18,status,Open,Solved
LS-11706,2026-09-09 06:30,owner,Agent L,Agent Q
LS-11346,2026-09-09 06:46,owner,Agent M,Agent C
LS-13913,2026-09-09 06:59,owner,Agent E,Agent T
LS-14064,2026-09-09 08:01,status,Open,Solved
LS-11191,2026-09-09 08:51,status,Open,Solved
LS-14561,2026-09-09 09:51,status,Open,Solved
LS-12670,2026-09-09 10:21,status,Open,Solved
LS-11203,2026-09-09 10:54,owner,Agent Q,Agent T
LS-12473,2026-09-09 11:06,status,Open,Solved
LS-11539,2026-09-09 11:21,status,Open,Solved
LS-11253,2026-09-09 11:35,owner,Agent H,Agent E
LS-13727,2026-09-09 13:29,group,Frontline UK,Engineering
LS-10600,2026-09-09 14:02,status,Open,Solved
LS-14645,2026-09-09 14:04,group,Frontline IE,Engineering
LS-14669,2026-09-09 14:28,status,Open,Solved
LS-10677,2026-09-09 15:36,owner,Agent F,Agent V
LS-10197,2026-09-09 16:18,group,Frontline UK,Engineering
LS-11818,2026-09-09 16:32,owner,Agent Q,Agent E
LS-13203,2026-09-09 16:36,group,Frontline IE,Engineering
LS-14203,2026-09-09 16:42,status,Open,Solved
LS-11203,2026-09-09 17:24,status,Open,Solved
LS-10498,2026-09-09 17:51,owner,Agent L,Agent U
LS-11996,2026-09-09 18:09,status,Open,Solved
LS-14146,2026-09-09 18:13,owner,Agent P,Agent H
LS-10837,2026-09-09 18:20,group,Frontline UK,Engineering
LS-10687,2026-09-09 18:41,group,Frontline UK,Product Specialists
LS-11890,2026-09-09 18:54,status,Open,Solved
LS-10228,2026-09-09 18:58,status,Open,Solved
LS-14279,2026-09-09 20:01,owner,Agent R,Agent V
LS-11543,2026-09-09 20:02,status,Open,Solved
LS-11346,2026-09-09 20:04,status,Open,Solved
LS-11361,2026-09-09 20:53,owner,Agent M,Agent L
LS-12560,2026-09-09 21:03,status,Open,Solved
LS-10092,2026-09-09 21:15,owner,Agent L,Agent V
LS-10087,2026-09-09 23:21,status,Open,Solved
LS-14861,2026-09-09 23:36,status,Open,Solved
LS-10011,2026-09-10 00:14,group,Frontline UK,Engineering
LS-13389,2026-09-10 00:37,status,Open,Solved
LS-10264,2026-09-10 01:34,owner,Agent M,Agent B
LS-13646,2026-09-10 01:41,owner,Agent R,Agent G
LS-14312,2026-09-10 02:11,owner,Agent F,Agent K
LS-10915,2026-09-10 02:23,status,Open,Solved
LS-12020,2026-09-10 03:02,status,Open,Solved
LS-13186,2026-09-10 03:20,status,Open,Solved
LS-12154,2026-09-10 03:25,owner,Agent N,Agent E
LS-13974,2026-09-10 04:07,group,Frontline IE,Engineering
LS-11297,2026-09-10 04:46,owner,Agent U,Agent S
LS-10687,2026-09-10 04:50,owner,Agent A,Agent P
LS-14378,2026-09-10 05:01,group,Frontline IE,Engineering
LS-13913,2026-09-10 05:06,status,Open,Solved
LS-13701,2026-09-10 05:13,owner,Agent B,Agent V
LS-10856,2026-09-10 05:16,group,Frontline UK,Engineering
LS-13293,2026-09-10 05:29,owner,Agent S,Agent A
LS-15037,2026-09-10 05:54,owner,Agent T,Agent P
LS-10375,2026-09-10 07:42,status,Open,Solved
LS-14470,2026-09-10 07:43,owner,Agent O,Agent E
LS-11147,2026-09-10 08:33,status,Open,Solved
LS-11010,2026-09-10 09:39,status,Open,Solved
LS-11504,2026-09-10 09:45,status,Open,Solved
LS-12199,2026-09-10 09:58,status,Open,Solved
LS-14501,2026-09-10 10:39,status,Open,Solved
LS-14559,2026-09-10 11:00,owner,Agent Q,Agent L
LS-11290,2026-09-10 11:07,owner,Agent C,Agent S
LS-11224,2026-09-10 12:05,status,Open,Solved
LS-11706,2026-09-10 13:20,owner,Agent Q,Agent G
LS-14279,2026-09-10 13:27,status,Open,Solved
LS-14905,2026-09-10 13:32,owner,Agent V,Agent K
LS-10024,2026-09-10 14:15,status,Open,Solved
LS-10687,2026-09-10 14:59,status,Open,Solved
LS-13204,2026-09-10 15:53,owner,Agent K,Agent I
LS-10675,2026-09-10 16:10,status,Open,Solved
LS-14613,2026-09-10 16:48,owner,Agent T,Agent G
LS-10329,2026-09-10 16:56,status,Open,Solved
LS-10102,2026-09-10 18:17,group,Frontline IE,Engineering
LS-11651,2026-09-10 18:18,status,Open,Solved
LS-10571,2026-09-10 18:30,group,Frontline IE,Product Specialists
LS-12668,2026-09-10 19:09,group,Frontline UK,Payroll Team
LS-12139,2026-09-10 20:57,owner,Agent P,Agent A
LS-12824,2026-09-10 21:33,owner,Agent M,Agent E
LS-13023,2026-09-10 22:43,status,Open,Solved
LS-14645,2026-09-10 22:50,owner,Agent M,Agent A
LS-10825,2026-09-10 22:53,group,Frontline UK,Engineering
LS-13601,2026-09-10 23:25,group,Frontline UK,Payroll Team
LS-11107,2026-09-11 00:09,status,Open,Solved
LS-12025,2026-09-11 00:28,group,Frontline UK,Engineering
LS-10978,2026-09-11 02:54,owner,Agent K,Agent F
LS-14743,2026-09-11 03:42,status,Open,Solved
LS-11004,2026-09-11 04:42,group,Frontline IE,Engineering
LS-11347,2026-09-11 05:28,status,Open,Solved
LS-10571,2026-09-11 05:52,owner,Agent I,Agent K
LS-10437,2026-09-11 06:55,status,Open,Solved
LS-12802,2026-09-11 07:33,group,Frontline UK,Engineering
LS-10040,2026-09-11 08:05,status,Open,Solved
LS-12668,2026-09-11 09:49,owner,Agent R,Agent O
LS-10102,2026-09-11 10:25,owner,Agent F,Agent R
LS-14609,2026-09-11 10:55,group,Frontline UK,Engineering
LS-11033,2026-09-11 11:19,group,Frontline UK,Engineering
LS-11855,2026-09-11 12:34,group,Frontline UK,Payroll Team
LS-11040,2026-09-11 12:35,status,Open,Solved
LS-10993,2026-09-11 13:12,group,Frontline UK,Engineering
LS-13809,2026-09-11 13:33,group,Frontline UK,Payroll Team
LS-14883,2026-09-11 14:04,status,Open,Solved
LS-10746,2026-09-11 14:10,status,Open,Solved
LS-12943,2026-09-11 15:10,status,Open,Solved
LS-10571,2026-09-11 17:15,status,Open,Solved
LS-12544,2026-09-11 18:28,owner,Agent K,Agent U
LS-12681,2026-09-11 18:28,group,Frontline UK,Product Specialists
LS-11480,2026-09-11 18:44,group,Frontline UK,Engineering
LS-11297,2026-09-11 19:23,status,Open,Solved
LS-13775,2026-09-11 19:29,group,Frontline UK,Payroll Team
LS-13963,2026-09-11 19:35,group,Frontline UK,Payroll Team
LS-11706,2026-09-11 20:11,status,Open,Solved
LS-14146,2026-09-11 20:22,owner,Agent H,Agent K
LS-13775,2026-09-11 22:04,owner,Agent C,Agent R
LS-12109,2026-09-11 22:59,owner,Agent B,Agent K
LS-13963,2026-09-11 23:30,owner,Agent L,Agent S
LS-11480,2026-09-11 23:48,owner,Agent J,Agent V
LS-12668,2026-09-12 00:30,owner,Agent O,Agent U
LS-13775,2026-09-12 00:39,status,Open,Solved
LS-13888,2026-09-12 01:46,status,Open,Solved
LS-13407,2026-09-12 01:52,group,Frontline UK,Product Specialists
LS-12232,2026-09-12 01:56,status,Open,Solved
LS-10102,2026-09-12 02:33,status,Open,Solved
LS-10345,2026-09-12 03:10,status,Open,Solved
LS-13963,2026-09-12 03:25,status,Open,Solved
LS-13203,2026-09-12 04:18,owner,Agent R,Agent E
LS-13889,2026-09-12 04:52,group,Frontline UK,Engineering
LS-11480,2026-09-12 04:53,owner,Agent V,Agent C
LS-14776,2026-09-12 05:08,status,Open,Solved
LS-14359,2026-09-12 05:57,group,Frontline IE,Engineering
LS-13564,2026-09-12 06:47,status,Open,Solved
LS-14188,2026-09-12 07:20,status,Open,Solved
LS-14645,2026-09-12 07:36,owner,Agent A,Agent T
LS-14026,2026-09-12 09:56,group,Frontline IE,Payroll Team
LS-11480,2026-09-12 09:57,status,Open,Solved
LS-10950,2026-09-12 11:32,status,Open,Solved
LS-13234,2026-09-12 11:44,group,Frontline UK,Engineering
LS-13435,2026-09-12 12:09,group,Frontline UK,Product Specialists
LS-13601,2026-09-12 12:13,owner,Agent J,Agent M
LS-11901,2026-09-12 12:21,status,Open,Solved
LS-12436,2026-09-12 12:26,owner,Agent U,Agent Q
LS-12801,2026-09-12 13:03,owner,Agent H,Agent G
LS-14026,2026-09-12 13:03,owner,Agent O,Agent D
LS-14768,2026-09-12 13:56,group,Frontline IE,Engineering
LS-13435,2026-09-12 14:25,owner,Agent R,Agent L
LS-14359,2026-09-12 14:26,owner,Agent F,Agent P
LS-10239,2026-09-12 14:50,group,Frontline IE,Engineering
LS-12668,2026-09-12 15:10,status,Open,Solved
LS-10993,2026-09-12 15:41,owner,Agent O,Agent V
LS-13791,2026-09-12 16:00,group,Frontline UK,Product Specialists
LS-14026,2026-09-12 16:10,status,Open,Solved
LS-13435,2026-09-12 16:42,owner,Agent L,Agent J
LS-13019,2026-09-12 16:48,status,Open,Solved
LS-13407,2026-09-12 17:46,owner,Agent S,Agent K
LS-11855,2026-09-12 18:06,owner,Agent S,Agent E
LS-10458,2026-09-12 18:44,status,Open,Solved
LS-13435,2026-09-12 18:58,status,Open,Solved
LS-10230,2026-09-12 19:13,group,Frontline UK,Engineering
LS-11033,2026-09-12 19:33,owner,Agent R,Agent N
LS-10264,2026-09-12 21:48,status,Open,Solved
LS-10897,2026-09-12 22:01,group,Frontline UK,Payroll Team
LS-14559,2026-09-12 22:21,owner,Agent L,Agent S
LS-14359,2026-09-12 22:54,status,Open,Solved
LS-14486,2026-09-12 23:15,group,Frontline IE,Engineering
LS-13809,2026-09-12 23:26,owner,Agent S,Agent A
LS-12139,2026-09-12 23:53,status,Open,Solved
LS-14768,2026-09-12 23:54,owner,Agent U,Agent E
LS-10837,2026-09-13 00:07,owner,Agent T,Agent V
LS-13560,2026-09-13 01:34,group,Frontline IE,Engineering
LS-10239,2026-09-13 01:40,owner,Agent S,Agent K
LS-14378,2026-09-13 01:43,owner,Agent G,Agent E
LS-13204,2026-09-13 04:07,status,Open,Solved
LS-10677,2026-09-13 04:37,status,Open,Solved
LS-10498,2026-09-13 05:59,status,Open,Solved
LS-11394,2026-09-13 06:23,owner,Agent L,Agent P
LS-14048,2026-09-13 06:33,status,Open,Solved
LS-10856,2026-09-13 06:47,owner,Agent A,Agent D
LS-12638,2026-09-13 07:28,group,Frontline UK,Payroll Team
LS-13889,2026-09-13 08:01,owner,Agent V,Agent B
LS-13735,2026-09-13 08:57,status,Open,Solved
LS-13407,2026-09-13 09:39,status,Open,Solved
LS-14768,2026-09-13 09:51,status,Open,Solved
LS-10978,2026-09-13 10:14,status,Open,Solved
LS-10011,2026-09-13 11:09,owner,Agent D,Agent Q
LS-10239,2026-09-13 12:30,owner,Agent K,Agent R
LS-14645,2026-09-13 16:21,status,Open,Solved
LS-14680,2026-09-13 17:24,group,Frontline UK,Product Specialists
LS-13968,2026-09-13 17:53,owner,Agent K,Agent C
LS-11522,2026-09-13 18:05,status,Open,Solved
LS-10993,2026-09-13 18:10,owner,Agent V,Agent Q
LS-14312,2026-09-13 18:11,status,Open,Solved
LS-13221,2026-09-13 21:58,group,Frontline UK,Engineering
LS-14146,2026-09-13 22:31,status,Open,Solved
LS-10641,2026-09-13 23:13,group,Frontline UK,Engineering
LS-10239,2026-09-13 23:20,status,Open,Solved
LS-11855,2026-09-13 23:38,status,Open,Solved
LS-10814,2026-09-14 00:15,status,Open,Solved
LS-12546,2026-09-14 00:21,group,Frontline UK,Engineering
LS-11767,2026-09-14 00:55,status,Open,Solved
LS-13601,2026-09-14 01:00,status,Open,Solved
LS-10415,2026-09-14 01:22,owner,Agent L,Agent C
LS-14680,2026-09-14 01:35,owner,Agent D,Agent K
LS-12912,2026-09-14 01:39,owner,Agent Q,Agent U
LS-12802,2026-09-14 02:11,owner,Agent L,Agent C
LS-12638,2026-09-14 02:15,owner,Agent E,Agent R
LS-12757,2026-09-14 02:26,group,Frontline UK,Engineering
LS-13894,2026-09-14 02:31,owner,Agent E,Agent J
LS-13833,2026-09-14 02:46,owner,Agent A,Agent I
LS-10897,2026-09-14 02:58,owner,Agent N,Agent E
LS-14206,2026-09-14 03:14,group,Frontline UK,Engineering
LS-10333,2026-09-14 03:25,group,Frontline UK,Engineering
LS-11033,2026-09-14 03:48,status,Open,Solved
LS-11457,2026-09-14 06:52,group,Frontline UK,Engineering
LS-14523,2026-09-14 08:12,group,Frontline UK,Engineering
LS-11476,2026-09-14 08:45,group,Frontline UK,Engineering
LS-13809,2026-09-14 09:19,owner,Agent A,Agent U
LS-15037,2026-09-14 09:20,owner,Agent P,Agent O
LS-10359,2026-09-14 09:41,status,Open,Solved
LS-14680,2026-09-14 09:46,status,Open,Solved
LS-13197,2026-09-14 10:01,status,Open,Solved
LS-10424,2026-09-14 10:16,owner,Agent Q,Agent K
LS-13011,2026-09-14 10:46,group,Frontline UK,Product Specialists
LS-13525,2026-09-14 10:46,group,Frontline UK,Product Specialists
LS-13889,2026-09-14 11:10,owner,Agent B,Agent C
LS-12681,2026-09-14 11:54,owner,Agent B,Agent D
LS-13525,2026-09-14 12:06,owner,Agent H,Agent S
LS-13965,2026-09-14 12:16,owner,Agent F,Agent K
LS-11672,2026-09-14 12:55,status,Open,Solved
LS-13525,2026-09-14 13:26,owner,Agent S,Agent I
LS-13525,2026-09-14 14:46,owner,Agent I,Agent F
LS-11290,2026-09-14 15:49,owner,Agent S,Agent M
LS-13203,2026-09-14 16:00,owner,Agent E,Agent K
LS-13525,2026-09-14 16:06,status,Open,Solved
LS-11000,2026-09-14 16:46,status,Open,Solved
LS-13293,2026-09-14 16:55,status,Open,Solved
LS-10993,2026-09-14 20:38,status,Open,Solved
LS-13753,2026-09-14 20:44,group,Frontline UK,Payroll Team
LS-12638,2026-09-14 21:02,status,Open,Solved
LS-12824,2026-09-14 21:49,owner,Agent E,Agent T
LS-13011,2026-09-14 22:02,owner,Agent T,Agent U
LS-10674,2026-09-14 22:10,group,Frontline UK,Engineering
LS-13791,2026-09-14 23:02,owner,Agent I,Agent D
LS-13753,2026-09-14 23:57,owner,Agent G,Agent N
LS-14250,2026-09-15 01:32,owner,Agent V,Agent F
LS-13753,2026-09-15 03:11,status,Open,Solved
LS-13714,2026-09-15 03:47,status,Open,Solved
LS-12024,2026-09-15 05:13,owner,Agent J,Agent C
LS-11712,2026-09-15 05:47,status,Open,Solved
LS-12594,2026-09-15 06:30,group,Frontline UK,Engineering
LS-12743,2026-09-15 06:54,status,Open,Solved
LS-13428,2026-09-15 07:27,status,Open,Solved
LS-10897,2026-09-15 07:55,status,Open,Solved
LS-13235,2026-09-15 08:41,owner,Agent K,Agent J
LS-13011,2026-09-15 09:18,status,Open,Solved
LS-11476,2026-09-15 09:23,owner,Agent G,Agent T
LS-14559,2026-09-15 09:42,status,Open,Solved
LS-13951,2026-09-15 10:31,owner,Agent P,Agent I
LS-12722,2026-09-15 10:40,owner,Agent E,Agent H
LS-11087,2026-09-15 11:40,status,Open,Solved
LS-11676,2026-09-15 11:46,status,Open,Solved
LS-13123,2026-09-15 12:06,group,Frontline UK,Product Specialists
LS-10773,2026-09-15 12:13,owner,Agent G,Agent O
LS-12445,2026-09-15 12:14,group,Frontline UK,Product Specialists
LS-10230,2026-09-15 13:07,owner,Agent Q,Agent M
LS-14793,2026-09-15 13:12,owner,Agent P,Agent F
LS-14504,2026-09-15 13:17,owner,Agent O,Agent N
LS-13123,2026-09-15 13:50,owner,Agent L,Agent T
LS-13889,2026-09-15 14:20,status,Open,Solved
LS-14905,2026-09-15 14:39,owner,Agent K,Agent O
LS-13123,2026-09-15 15:34,status,Open,Solved
LS-12445,2026-09-15 15:37,owner,Agent F,Agent U
LS-12073,2026-09-15 17:56,owner,Agent B,Agent P
LS-12445,2026-09-15 19:01,status,Open,Solved
LS-13809,2026-09-15 19:11,status,Open,Solved
LS-10641,2026-09-15 20:43,owner,Agent C,Agent B
LS-12347,2026-09-15 21:50,owner,Agent O,Agent U
LS-14378,2026-09-15 22:25,status,Open,Solved
LS-12636,2026-09-15 22:45,status,Open,Solved
LS-12835,2026-09-15 22:59,status,Open,Solved
LS-11064,2026-09-16 00:30,status,Open,Solved
LS-13139,2026-09-16 01:11,status,Open,Solved
LS-13765,2026-09-16 03:35,owner,Agent S,Agent B
LS-10720,2026-09-16 04:35,group,Frontline UK,Product Specialists
LS-10837,2026-09-16 05:54,owner,Agent V,Agent F
LS-10720,2026-09-16 06:10,owner,Agent N,Agent E
LS-10326,2026-09-16 06:21,status,Open,Solved
LS-11951,2026-09-16 06:39,group,Frontline UK,Payroll Team
LS-12373,2026-09-16 06:43,status,Open,Solved
LS-10720,2026-09-16 07:44,status,Open,Solved
LS-10856,2026-09-16 08:19,status,Open,Solved
LS-11476,2026-09-16 10:00,status,Open,Solved
LS-10753,2026-09-16 10:31,group,Frontline UK,Payroll Team
LS-12406,2026-09-16 12:00,group,Frontline IE,Payroll Team
LS-10580,2026-09-16 12:19,group,Frontline IE,Engineering
LS-14734,2026-09-16 12:26,status,Open,Solved
LS-10438,2026-09-16 12:45,group,Frontline UK,Product Specialists
LS-10825,2026-09-16 12:45,owner,Agent P,Agent M
LS-10076,2026-09-16 13:38,status,Open,Solved
LS-12787,2026-09-16 14:06,group,Frontline UK,Payroll Team
LS-11288,2026-09-16 16:23,group,Frontline IE,Payroll Team
LS-10438,2026-09-16 16:27,owner,Agent I,Agent O
LS-14486,2026-09-16 16:35,owner,Agent L,Agent P
LS-10753,2026-09-16 16:41,owner,Agent O,Agent M
LS-12787,2026-09-16 19:44,owner,Agent S,Agent I
LS-10438,2026-09-16 20:10,status,Open,Solved
LS-14523,2026-09-16 20:44,owner,Agent Q,Agent U
LS-12802,2026-09-16 20:49,owner,Agent C,Agent O
LS-11233,2026-09-16 20:50,group,Frontline UK,Engineering
LS-11288,2026-09-16 21:09,owner,Agent K,Agent I
LS-12594,2026-09-16 21:46,owner,Agent I,Agent Q
LS-10011,2026-09-16 22:05,status,Open,Solved
LS-12878,2026-09-16 22:19,status,Open,Solved
LS-10753,2026-09-16 22:50,status,Open,Solved
LS-10580,2026-09-17 00:16,owner,Agent O,Agent N
LS-12154,2026-09-17 00:16,owner,Agent E,Agent B
LS-13974,2026-09-17 00:45,owner,Agent F,Agent H
LS-12406,2026-09-17 00:47,owner,Agent T,Agent U
LS-10092,2026-09-17 00:59,status,Open,Solved
LS-13234,2026-09-17 01:18,owner,Agent L,Agent H
LS-12787,2026-09-17 01:21,status,Open,Solved
LS-11288,2026-09-17 01:56,status,Open,Solved
LS-13203,2026-09-17 03:42,status,Open,Solved
LS-12258,2026-09-17 03:54,group,Frontline IE,Engineering
LS-11059,2026-09-17 04:18,status,Open,Solved
LS-11951,2026-09-17 04:35,owner,Agent J,Agent S
LS-12681,2026-09-17 05:20,status,Open,Solved
LS-14257,2026-09-17 05:29,status,Open,Solved
LS-12258,2026-09-17 06:01,owner,Agent A,Agent E
LS-13791,2026-09-17 06:04,status,Open,Solved
LS-12543,2026-09-17 07:06,status,Open,Solved
LS-12258,2026-09-17 08:07,status,Open,Solved
LS-11394,2026-09-17 09:17,status,Open,Solved
LS-10295,2026-09-17 09:40,group,Frontline UK,Product Specialists
LS-11369,2026-09-17 09:55,group,Frontline UK,Engineering
LS-13424,2026-09-17 10:08,status,Open,Solved
LS-10580,2026-09-17 12:13,status,Open,Solved
LS-14775,2026-09-17 12:28,group,Frontline UK,Payroll Team
LS-12944,2026-09-17 12:55,status,Open,Solved
LS-12406,2026-09-17 13:33,status,Open,Solved
LS-11004,2026-09-17 17:08,owner,Agent I,Agent Q
LS-10641,2026-09-17 18:13,status,Open,Solved
LS-10594,2026-09-17 18:52,status,Open,Solved
LS-10708,2026-09-17 18:58,status,Open,Solved
LS-13813,2026-09-17 20:29,owner,Agent S,Agent H
LS-11227,2026-09-17 20:41,status,Open,Solved
LS-12705,2026-09-17 22:17,status,Open,Solved
LS-12183,2026-09-17 23:34,owner,Agent U,Agent J
LS-12684,2026-09-18 01:07,owner,Agent C,Agent G
LS-13221,2026-09-18 01:11,owner,Agent T,Agent D
LS-13701,2026-09-18 01:53,status,Open,Solved
LS-14775,2026-09-18 02:27,owner,Agent S,Agent O
LS-11951,2026-09-18 02:32,status,Open,Solved
LS-13261,2026-09-18 02:37,group,Frontline IE,Payroll Team
LS-13261,2026-09-18 03:30,owner,Agent K,Agent M
LS-13261,2026-09-18 04:23,status,Open,Solved
LS-12546,2026-09-18 04:46,owner,Agent A,Agent U
LS-10151,2026-09-18 06:20,group,Frontline IE,Engineering
LS-10230,2026-09-18 07:01,status,Open,Solved
LS-10333,2026-09-18 07:04,owner,Agent P,Agent R
LS-12236,2026-09-18 07:07,status,Open,Solved
LS-11457,2026-09-18 09:39,owner,Agent Q,Agent H
LS-10842,2026-09-18 10:17,group,Frontline IE,Payroll Team
LS-11239,2026-09-18 11:02,group,Frontline UK,Payroll Team
LS-14755,2026-09-18 11:04,status,Open,Solved
LS-11369,2026-09-18 11:26,owner,Agent Q,Agent D
LS-10151,2026-09-18 11:38,owner,Agent V,Agent O
LS-10919,2026-09-18 11:44,status,Open,Solved
LS-10674,2026-09-18 12:08,owner,Agent A,Agent J
LS-14746,2026-09-18 12:30,group,Frontline UK,Product Specialists
LS-13710,2026-09-18 12:32,status,Open,Solved
LS-15037,2026-09-18 12:46,status,Open,Solved
LS-11239,2026-09-18 12:47,owner,Agent L,Agent C
LS-10295,2026-09-18 13:00,owner,Agent J,Agent B
LS-12594,2026-09-18 13:03,status,Open,Solved
LS-14746,2026-09-18 13:42,owner,Agent I,Agent N
LS-10519,2026-09-18 13:45,group,Frontline UK,Product Specialists
LS-13347,2026-09-18 14:25,group,Frontline UK,Engineering
LS-11239,2026-09-18 14:32,status,Open,Solved
LS-12801,2026-09-18 14:42,owner,Agent G,Agent E
LS-14746,2026-09-18 14:55,status,Open,Solved
LS-13947,2026-09-18 15:44,owner,Agent R,Agent F
LS-14775,2026-09-18 16:26,status,Open,Solved
LS-10151,2026-09-18 16:56,status,Open,Solved
LS-14983,2026-09-18 18:16,status,Open,Solved
LS-14104,2026-09-18 19:23,status,Open,Solved
LS-11290,2026-09-18 20:31,owner,Agent M,Agent F
LS-13468,2026-09-18 21:27,status,Open,Solved
LS-10842,2026-09-18 21:41,owner,Agent M,Agent I
LS-12824,2026-09-18 22:05,owner,Agent T,Agent C
LS-12689,2026-09-18 22:59,status,Open,Solved
LS-10896,2026-09-18 23:26,status,Open,Solved
LS-14626,2026-09-19 00:12,status,Open,Solved
LS-14720,2026-09-19 00:54,status,Open,Solved
LS-12757,2026-09-19 00:58,owner,Agent A,Agent E
LS-10118,2026-09-19 01:05,group,Frontline UK,Engineering
LS-12311,2026-09-19 01:13,status,Open,Solved
LS-10623,2026-09-19 01:37,status,Open,Solved
LS-13225,2026-09-19 01:49,status,Open,Solved
LS-12086,2026-09-19 02:06,status,Open,Solved
LS-12983,2026-09-19 03:23,owner,Agent G,Agent P
LS-14597,2026-09-19 03:41,owner,Agent H,Agent Q
LS-11164,2026-09-19 05:28,group,Frontline UK,Engineering
LS-11761,2026-09-19 05:57,group,Frontline IE,Product Specialists
LS-10691,2026-09-19 07:09,group,Frontline UK,Product Specialists
LS-14693,2026-09-19 07:18,group,Frontline UK,Product Specialists
LS-10144,2026-09-19 07:46,status,Open,Solved
LS-11761,2026-09-19 07:48,owner,Agent L,Agent O
LS-12140,2026-09-19 07:54,owner,Agent M,Agent G
LS-10842,2026-09-19 09:06,status,Open,Solved
LS-14523,2026-09-19 09:16,status,Open,Solved
LS-11761,2026-09-19 09:39,status,Open,Solved
LS-13256,2026-09-19 09:47,status,Open,Solved
LS-10519,2026-09-19 11:05,owner,Agent I,Agent N
LS-10837,2026-09-19 11:41,owner,Agent F,Agent J
LS-11369,2026-09-19 12:57,status,Open,Solved
LS-12678,2026-09-19 13:05,group,Frontline UK,Payroll Team
LS-12436,2026-09-19 13:21,status,Open,Solved
LS-10691,2026-09-19 14:54,owner,Agent T,Agent O
LS-10415,2026-09-19 14:55,owner,Agent C,Agent U
LS-12802,2026-09-19 15:27,owner,Agent O,Agent T
LS-10012,2026-09-19 16:13,group,Frontline UK,Product Specialists
LS-10295,2026-09-19 16:20,status,Open,Solved
LS-12567,2026-09-19 16:22,status,Open,Solved
LS-12975,2026-09-19 16:46,group,Frontline UK,Payroll Team
LS-14854,2026-09-19 18:38,group,Frontline UK,Payroll Team
LS-13366,2026-09-19 19:21,owner,Agent R,Agent H
LS-13305,2026-09-19 19:31,group,Frontline IE,Engineering
LS-12452,2026-09-19 19:48,group,Frontline UK,Product Specialists
LS-12975,2026-09-19 19:48,owner,Agent I,Agent B
LS-14866,2026-09-19 20:15,status,Open,Solved
LS-11164,2026-09-19 20:46,owner,Agent K,Agent U
LS-13578,2026-09-19 22:30,status,Open,Solved
LS-10691,2026-09-19 22:39,status,Open,Solved
LS-12975,2026-09-19 22:50,status,Open,Solved
LS-12452,2026-09-20 00:13,owner,Agent M,Agent K
LS-14201,2026-09-20 01:22,status,Open,Solved
LS-12812,2026-09-20 01:53,status,Open,Solved
LS-12862,2026-09-20 02:49,group,Frontline UK,Engineering
LS-13727,2026-09-20 03:44,owner,Agent H,Agent E
LS-12452,2026-09-20 04:38,status,Open,Solved
LS-10197,2026-09-20 05:09,owner,Agent U,Agent F
LS-11229,2026-09-20 05:25,status,Open,Solved
LS-11233,2026-09-20 08:07,owner,Agent U,Agent N
LS-12974,2026-09-20 08:16,status,Open,Solved
LS-10519,2026-09-20 08:25,status,Open,Solved
LS-13347,2026-09-20 08:46,owner,Agent E,Agent N
LS-14486,2026-09-20 09:55,status,Open,Solved
LS-13849,2026-09-20 10:08,status,Open,Solved
LS-13769,2026-09-20 11:04,status,Open,Solved
LS-11752,2026-09-20 11:46,group,Frontline UK,Engineering
LS-12678,2026-09-20 11:55,owner,Agent I,Agent V
LS-11164,2026-09-20 12:04,owner,Agent U,Agent J
LS-11176,2026-09-20 14:45,group,Frontline IE,Payroll Team
LS-11176,2026-09-20 15:26,owner,Agent T,Agent F
LS-14905,2026-09-20 15:46,owner,Agent O,Agent U
LS-11176,2026-09-20 16:07,status,Open,Solved
LS-11752,2026-09-20 16:25,owner,Agent B,Agent C
LS-13375,2026-09-20 16:36,group,Frontline UK,Payroll Team
LS-13665,2026-09-20 18:45,status,Open,Solved
LS-12697,2026-09-20 19:37,group,Frontline UK,Payroll Team
LS-11752,2026-09-20 21:03,status,Open,Solved
LS-12025,2026-09-20 21:14,owner,Agent Q,Agent T
LS-11555,2026-09-20 21:26,status,Open,Solved
LS-11096,2026-09-20 21:47,group,Frontline UK,Engineering
LS-12697,2026-09-20 22:34,owner,Agent N,Agent E
LS-14854,2026-09-20 22:41,owner,Agent T,Agent D
LS-10990,2026-09-20 23:03,status,Open,Solved
LS-11501,2026-09-21 01:01,status,Open,Solved
LS-11928,2026-09-21 01:04,group,Frontline UK,Engineering
LS-12697,2026-09-21 01:31,status,Open,Solved
LS-14609,2026-09-21 02:27,owner,Agent E,Agent V
LS-13375,2026-09-21 02:35,owner,Agent F,Agent B
LS-12360,2026-09-21 03:18,group,Frontline UK,Payroll Team
LS-11164,2026-09-21 03:23,status,Open,Solved
LS-13352,2026-09-21 04:24,group,Frontline UK,Engineering
LS-13036,2026-09-21 05:19,status,Open,Solved
LS-13894,2026-09-21 05:35,status,Open,Solved
LS-12544,2026-09-21 06:14,owner,Agent U,Agent S
LS-12081,2026-09-21 07:11,group,Frontline UK,Product Specialists
LS-11166,2026-09-21 07:25,group,Frontline UK,Engineering
LS-12109,2026-09-21 08:29,owner,Agent K,Agent G
LS-10118,2026-09-21 09:03,owner,Agent V,Agent P
LS-12360,2026-09-21 09:53,owner,Agent O,Agent B
LS-11881,2026-09-21 10:34,group,Frontline IE,Product Specialists
LS-12678,2026-09-21 10:45,status,Open,Solved
LS-13375,2026-09-21 12:34,owner,Agent B,Agent V
LS-14379,2026-09-21 13:24,status,Open,Solved
LS-11606,2026-09-21 14:46,group,Frontline IE,Payroll Team
LS-13234,2026-09-21 14:52,owner,Agent H,Agent A
LS-13271,2026-09-21 15:06,group,Frontline UK,Engineering
LS-13772,2026-09-21 15:22,status,Open,Solved
LS-13305,2026-09-21 15:28,owner,Agent V,Agent T
LS-11513,2026-09-21 16:17,group,Frontline UK,Product Specialists
LS-12360,2026-09-21 16:28,owner,Agent B,Agent G
LS-12968,2026-09-21 16:32,group,Frontline IE,Engineering
LS-11928,2026-09-21 17:37,owner,Agent C,Agent G
LS-12862,2026-09-21 21:21,owner,Agent L,Agent T
LS-13560,2026-09-21 21:47,owner,Agent A,Agent B
LS-13375,2026-09-21 22:32,status,Open,Solved
LS-13150,2026-09-21 22:49,group,Frontline UK,Payroll Team
LS-12360,2026-09-21 23:03,status,Open,Solved
LS-14576,2026-09-21 23:17,group,Frontline UK,Engineering
LS-10012,2026-09-21 23:54,owner,Agent E,Agent K
LS-10754,2026-09-22 01:31,group,Frontline UK,Payroll Team
LS-10278,2026-09-22 01:37,status,Open,Solved
LS-10674,2026-09-22 02:06,status,Open,Solved
LS-10825,2026-09-22 02:38,status,Open,Solved
LS-14854,2026-09-22 02:44,status,Open,Solved
LS-13347,2026-09-22 03:07,owner,Agent N,Agent S
LS-13094,2026-09-22 03:14,status,Open,Solved
LS-11308,2026-09-22 03:37,status,Open,Solved
LS-10754,2026-09-22 03:47,owner,Agent I,Agent N
LS-14248,2026-09-22 03:57,group,Frontline UK,Engineering
LS-13221,2026-09-22 04:24,status,Open,Solved
LS-11096,2026-09-22 05:42,owner,Agent Q,Agent O
LS-11606,2026-09-22 05:59,owner,Agent J,Agent D
LS-10754,2026-09-22 06:03,status,Open,Solved
LS-12546,2026-09-22 09:10,owner,Agent U,Agent V
LS-12802,2026-09-22 10:05,owner,Agent T,Agent E
LS-11928,2026-09-22 10:11,status,Open,Solved
LS-10711,2026-09-22 10:24,group,Frontline UK,Product Specialists
LS-13675,2026-09-22 10:36,group,Frontline UK,Engineering
LS-14206,2026-09-22 10:37,owner,Agent H,Agent P
LS-10333,2026-09-22 10:42,owner,Agent R,Agent L
LS-13150,2026-09-22 12:01,owner,Agent T,Agent A
LS-11881,2026-09-22 12:10,owner,Agent O,Agent E
LS-11457,2026-09-22 12:26,owner,Agent H,Agent P
LS-10880,2026-09-22 12:41,status,Open,Solved
LS-14145,2026-09-22 12:57,group,Frontline UK,Payroll Team
LS-10424,2026-09-22 14:08,owner,Agent K,Agent V
LS-10711,2026-09-22 15:54,owner,Agent B,Agent J
LS-11513,2026-09-22 16:23,owner,Agent Q,Agent O
LS-14145,2026-09-22 16:33,owner,Agent P,Agent E
LS-13352,2026-09-22 16:54,owner,Agent I,Agent A
LS-11248,2026-09-22 17:06,status,Open,Solved
LS-10837,2026-09-22 17:27,status,Open,Solved
LS-14307,2026-09-22 18:09,status,Open,Solved
LS-11129,2026-09-22 18:44,group,Frontline UK,Engineering
LS-14246,2026-09-22 19:15,group,Frontline UK,Payroll Team
LS-14145,2026-09-22 20:09,status,Open,Solved
LS-10204,2026-09-22 20:59,status,Open,Solved
LS-11606,2026-09-22 21:12,status,Open,Solved
LS-10711,2026-09-22 21:24,status,Open,Solved
LS-14250,2026-09-22 21:46,owner,Agent F,Agent N
LS-12824,2026-09-22 22:20,status,Open,Solved
LS-10251,2026-09-22 23:25,group,Frontline UK,Product Specialists
LS-13675,2026-09-22 23:39,owner,Agent E,Agent U
LS-11290,2026-09-23 01:12,status,Open,Solved
LS-13150,2026-09-23 01:13,status,Open,Solved
LS-13235,2026-09-23 01:20,owner,Agent J,Agent A
LS-10251,2026-09-23 01:51,owner,Agent R,Agent Q
LS-13951,2026-09-23 02:15,owner,Agent I,Agent S
LS-15059,2026-09-23 03:30,group,Frontline UK,Product Specialists
LS-14793,2026-09-23 03:36,owner,Agent F,Agent L
LS-14504,2026-09-23 03:38,owner,Agent N,Agent H
LS-11498,2026-09-23 04:05,status,Open,Solved
LS-10251,2026-09-23 04:17,status,Open,Solved
LS-10949,2026-09-23 04:18,group,Frontline UK,Engineering
LS-12073,2026-09-23 05:58,owner,Agent P,Agent J
LS-12586,2026-09-23 06:28,group,Frontline UK,Product Specialists
LS-14248,2026-09-23 09:06,owner,Agent R,Agent H
LS-12586,2026-09-23 09:56,owner,Agent F,Agent C
LS-12843,2026-09-23 10:25,group,Frontline UK,Payroll Team
LS-11955,2026-09-23 10:29,status,Open,Solved
LS-13765,2026-09-23 10:47,owner,Agent B,Agent J
LS-13305,2026-09-23 11:25,status,Open,Solved
LS-12968,2026-09-23 12:02,owner,Agent F,Agent J
LS-14246,2026-09-23 12:02,owner,Agent Q,Agent C
LS-13520,2026-09-23 12:14,status,Open,Solved
LS-13675,2026-09-23 12:42,status,Open,Solved
LS-12586,2026-09-23 13:24,status,Open,Solved
LS-11096,2026-09-23 13:36,owner,Agent O,Agent H
LS-11881,2026-09-23 13:46,status,Open,Solved
LS-15059,2026-09-23 14:07,owner,Agent C,Agent P
LS-11016,2026-09-23 14:25,group,Frontline UK,Engineering
LS-12902,2026-09-23 14:36,group,Frontline IE,Payroll Team
LS-14678,2026-09-23 15:04,group,Frontline UK,Engineering
LS-12297,2026-09-23 15:29,status,Open,Solved
LS-12862,2026-09-23 15:53,owner,Agent T,Agent S
LS-11513,2026-09-23 16:29,owner,Agent O,Agent N
LS-10118,2026-09-23 17:01,owner,Agent P,Agent T
LS-14576,2026-09-23 17:26,owner,Agent V,Agent P
LS-11669,2026-09-23 17:29,status,Open,Solved
LS-11873,2026-09-23 18:42,group,Frontline UK,Product Specialists
LS-12853,2026-09-23 19:15,status,Open,Solved
LS-11233,2026-09-23 19:25,owner,Agent N,Agent S
LS-11873,2026-09-23 19:45,owner,Agent M,Agent E
LS-11921,2026-09-23 20:02,group,Frontline IE,Product Specialists
LS-10123,2026-09-23 20:40,status,Open,Solved
LS-11873,2026-09-23 20:49,status,Open,Solved
LS-10143,2026-09-23 20:57,status,Open,Solved
LS-12154,2026-09-23 21:08,owner,Agent B,Agent A
LS-13974,2026-09-23 21:22,owner,Agent H,Agent K
LS-13347,2026-09-23 21:28,status,Open,Solved
LS-12902,2026-09-23 21:45,owner,Agent M,Agent G
LS-14425,2026-09-23 21:55,group,Frontline IE,Payroll Team
LS-15013,2026-09-23 23:12,group,Frontline UK,Product Specialists
LS-12757,2026-09-23 23:30,status,Open,Solved
LS-10588,2026-09-24 00:19,group,Frontline IE,Product Specialists
LS-15059,2026-09-24 00:44,owner,Agent P,Agent E
LS-13519,2026-09-24 01:06,group,Frontline UK,Product Specialists
LS-14808,2026-09-24 01:35,group,Frontline UK,Payroll Team
LS-11520,2026-09-24 01:54,status,Open,Solved
LS-12469,2026-09-24 03:08,group,Frontline UK,Engineering
LS-13519,2026-09-24 04:34,owner,Agent A,Agent P
LS-13834,2026-09-24 04:36,group,Frontline IE,Payroll Team
LS-14246,2026-09-24 04:49,owner,Agent C,Agent U
LS-12902,2026-09-24 04:53,status,Open,Solved
LS-13975,2026-09-24 04:55,status,Open,Solved
LS-12469,2026-09-24 05:09,owner,Agent P,Agent A
LS-13352,2026-09-24 05:24,status,Open,Solved
LS-11921,2026-09-24 05:28,owner,Agent P,Agent A
LS-11004,2026-09-24 05:34,owner,Agent Q,Agent S
LS-14425,2026-09-24 06:23,owner,Agent I,Agent L
LS-12469,2026-09-24 07:09,status,Open,Solved
LS-10012,2026-09-24 07:35,owner,Agent K,Agent T
LS-10588,2026-09-24 07:51,owner,Agent L,Agent U
LS-13519,2026-09-24 08:02,status,Open,Solved
LS-10650,2026-09-24 09:08,status,Open,Solved
LS-13980,2026-09-24 09:13,status,Open,Solved
LS-14176,2026-09-24 09:34,group,Frontline UK,Payroll Team
LS-12830,2026-09-24 10:04,group,Frontline UK,Product Specialists
LS-12081,2026-09-24 10:47,owner,Agent F,Agent N
LS-11166,2026-09-24 10:57,owner,Agent A,Agent J
LS-15059,2026-09-24 11:21,owner,Agent E,Agent U
LS-13834,2026-09-24 11:31,owner,Agent H,Agent R
LS-14248,2026-09-24 14:15,owner,Agent H,Agent C
LS-14425,2026-09-24 14:51,status,Open,Solved
LS-11921,2026-09-24 14:54,status,Open,Solved
LS-10588,2026-09-24 15:23,owner,Agent U,Agent I
LS-15013,2026-09-24 15:49,owner,Agent D,Agent I
LS-12801,2026-09-24 16:21,owner,Agent E,Agent I
LS-11513,2026-09-24 16:34,status,Open,Solved
LS-14176,2026-09-24 17:34,owner,Agent P,Agent K
LS-13834,2026-09-24 18:25,owner,Agent R,Agent P
LS-12830,2026-09-24 19:06,owner,Agent A,Agent M
LS-13811,2026-09-24 21:07,group,Frontline UK,Engineering
LS-11096,2026-09-24 21:31,owner,Agent H,Agent T
LS-14246,2026-09-24 21:35,status,Open,Solved
LS-15059,2026-09-24 21:57,status,Open,Solved
LS-14678,2026-09-24 22:12,owner,Agent G,Agent J
LS-10181,2026-09-24 22:27,status,Open,Solved
LS-12590,2026-09-24 22:52,status,Open,Solved
LS-10588,2026-09-24 22:55,status,Open,Solved
LS-14601,2026-09-24 23:09,status,Open,Solved
LS-14693,2026-09-25 00:39,owner,Agent B,Agent I
LS-11016,2026-09-25 00:44,owner,Agent B,Agent N
LS-13834,2026-09-25 01:20,status,Open,Solved
LS-14176,2026-09-25 01:33,status,Open,Solved
LS-14367,2026-09-25 02:13,group,Frontline IE,Payroll Team
LS-10557,2026-09-25 02:45,group,Frontline UK,Engineering
LS-10463,2026-09-25 03:17,group,Frontline UK,Payroll Team
LS-12830,2026-09-25 04:08,owner,Agent M,Agent S
LS-12442,2026-09-25 04:09,group,Frontline UK,Engineering
LS-10415,2026-09-25 04:27,owner,Agent U,Agent O
LS-12802,2026-09-25 04:43,owner,Agent E,Agent R
LS-12458,2026-09-25 06:24,status,Open,Solved
LS-12968,2026-09-25 07:31,owner,Agent J,Agent E
LS-15013,2026-09-25 08:27,owner,Agent I,Agent B
LS-11407,2026-09-25 08:37,group,Frontline UK,Engineering
LS-11907,2026-09-25 10:02,status,Open,Solved
LS-12862,2026-09-25 10:24,owner,Agent S,Agent A
LS-11129,2026-09-25 10:29,owner,Agent L,Agent E
LS-10463,2026-09-25 10:48,owner,Agent F,Agent Q
LS-14576,2026-09-25 11:34,owner,Agent P,Agent Q
LS-14808,2026-09-25 12:10,owner,Agent T,Agent U
LS-14093,2026-09-25 13:00,group,Frontline UK,Engineering
LS-12830,2026-09-25 13:10,status,Open,Solved
LS-12843,2026-09-25 15:21,owner,Agent L,Agent S
LS-11328,2026-09-25 15:41,status,Open,Solved
LS-11150,2026-09-25 16:38,group,Frontline UK,Engineering
LS-10949,2026-09-25 16:52,owner,Agent U,Agent T
LS-14905,2026-09-25 16:53,owner,Agent U,Agent N
LS-10203,2026-09-25 18:02,status,Open,Solved
LS-10463,2026-09-25 18:18,status,Open,Solved
LS-14248,2026-09-25 19:24,status,Open,Solved
LS-13054,2026-09-25 20:16,status,Open,Solved
LS-10118,2026-09-26 00:58,status,Open,Solved
LS-15013,2026-09-26 01:04,status,Open,Solved
LS-11349,2026-09-26 01:22,status,Open,Solved
LS-10292,2026-09-26 03:09,status,Open,Solved
LS-15076,2026-09-26 03:48,group,Frontline UK,Payroll Team
LS-14630,2026-09-26 04:02,group,Frontline UK,Engineering
LS-10983,2026-09-26 04:11,group,Frontline UK,Engineering
LS-13234,2026-09-26 04:26,owner,Agent A,Agent E
LS-13271,2026-09-26 04:33,owner,Agent A,Agent V
LS-11552,2026-09-26 05:01,group,Frontline UK,Payroll Team
LS-14678,2026-09-26 05:21,status,Open,Solved
LS-11096,2026-09-26 05:25,owner,Agent T,Agent B
LS-10557,2026-09-26 05:48,owner,Agent C,Agent G
LS-11383,2026-09-26 08:26,group,Frontline IE,Product Specialists
LS-13255,2026-09-26 09:18,group,Frontline UK,Engineering
LS-14093,2026-09-26 09:53,owner,Agent L,Agent P
LS-11552,2026-09-26 10:19,owner,Agent I,Agent S
LS-11016,2026-09-26 11:03,owner,Agent N,Agent V
LS-11407,2026-09-26 12:05,owner,Agent U,Agent J
LS-14367,2026-09-26 12:41,owner,Agent V,Agent C
LS-14860,2026-09-26 13:12,group,Frontline UK,Product Specialists
LS-12546,2026-09-26 13:35,owner,Agent V,Agent S
LS-15048,2026-09-26 14:16,status,Open,Solved
LS-10333,2026-09-26 14:21,owner,Agent L,Agent D
LS-13732,2026-09-26 14:42,status,Open,Solved
LS-15066,2026-09-26 15:09,status,Open,Solved
LS-11457,2026-09-26 15:13,owner,Agent P,Agent N
LS-10012,2026-09-26 15:16,status,Open,Solved
LS-11552,2026-09-26 15:38,status,Open,Solved
LS-15076,2026-09-26 16:55,owner,Agent N,Agent U
LS-11217,2026-09-26 17:36,status,Open,Solved
LS-14696,2026-09-26 17:40,status,Open,Solved
LS-14575,2026-09-26 18:46,group,Frontline UK,Payroll Team
LS-10983,2026-09-26 19:52,owner,Agent E,Agent P
LS-13811,2026-09-26 20:05,owner,Agent O,Agent I
LS-11238,2026-09-26 21:17,group,Frontline IE,Payroll Team
LS-15008,2026-09-26 21:31,status,Open,Solved
LS-14808,2026-09-26 22:45,status,Open,Solved
LS-13783,2026-09-26 22:49,group,Frontline UK,Payroll Team
LS-12442,2026-09-27 00:46,owner,Agent P,Agent C
LS-12968,2026-09-27 03:01,owner,Agent E,Agent L
LS-12113,2026-09-27 03:39,status,Open,Solved
LS-12862,2026-09-27 04:56,owner,Agent A,Agent G
LS-14576,2026-09-27 05:43,owner,Agent Q,Agent S
LS-15076,2026-09-27 06:02,status,Open,Solved
LS-13783,2026-09-27 06:36,owner,Agent R,Agent P
LS-11233,2026-09-27 06:42,owner,Agent S,Agent L
LS-14093,2026-09-27 06:46,owner,Agent P,Agent K
LS-13852,2026-09-27 06:48,status,Open,Solved
LS-10557,2026-09-27 08:51,owner,Agent G,Agent R
LS-11150,2026-09-27 09:05,owner,Agent A,Agent E
LS-14548,2026-09-27 09:56,group,Frontline UK,Engineering
LS-15058,2026-09-27 09:59,group,Frontline IE,Engineering
LS-11383,2026-09-27 10:49,owner,Agent O,Agent U
LS-11386,2026-09-27 11:11,group,Frontline UK,Engineering
LS-10983,2026-09-27 11:33,owner,Agent P,Agent J
LS-12307,2026-09-27 11:43,group,Frontline UK,Engineering
LS-10027,2026-09-27 12:56,group,Frontline UK,Payroll Team
LS-11096,2026-09-27 13:20,status,Open,Solved
LS-12081,2026-09-27 14:23,owner,Agent N,Agent A
LS-13783,2026-09-27 14:23,status,Open,Solved
LS-11166,2026-09-27 14:28,owner,Agent J,Agent S
LS-11407,2026-09-27 15:33,status,Open,Solved
LS-12583,2026-09-27 15:35,group,Frontline UK,Engineering
LS-12511,2026-09-27 19:02,group,Frontline UK,Product Specialists
LS-12843,2026-09-27 20:18,status,Open,Solved
LS-12152,2026-09-27 20:45,group,Frontline UK,Engineering
LS-11016,2026-09-27 21:22,owner,Agent V,Agent E
LS-12307,2026-09-27 22:54,owner,Agent V,Agent Q
LS-14367,2026-09-27 23:09,status,Open,Solved
LS-12802,2026-09-27 23:21,owner,Agent R,Agent U
LS-10483,2026-09-27 23:30,group,Frontline UK,Engineering
LS-13939,2026-09-28 00:24,status,Open,Solved
LS-15058,2026-09-28 01:04,owner,Agent F,Agent S
LS-10027,2026-09-28 01:20,owner,Agent G,Agent C
LS-11456,2026-09-28 01:45,group,Frontline UK,Product Specialists
LS-11129,2026-09-28 02:14,owner,Agent E,Agent S
LS-14575,2026-09-28 02:31,owner,Agent K,Agent P
LS-10983,2026-09-28 03:15,owner,Agent J,Agent A
LS-14093,2026-09-28 03:39,status,Open,Solved
LS-10949,2026-09-28 05:26,owner,Agent T,Agent B
LS-12999,2026-09-28 08:48,group,Frontline UK,Payroll Team
LS-12307,2026-09-28 10:05,owner,Agent Q,Agent E
LS-14630,2026-09-28 11:01,owner,Agent J,Agent V
LS-10557,2026-09-28 11:54,owner,Agent R,Agent H
LS-11386,2026-09-28 12:01,owner,Agent T,Agent L
LS-11383,2026-09-28 13:13,owner,Agent U,Agent F
LS-13255,2026-09-28 13:39,owner,Agent U,Agent D
LS-10027,2026-09-28 13:44,status,Open,Solved
LS-14860,2026-09-28 15:36,owner,Agent J,Agent L
LS-15058,2026-09-28 16:09,status,Open,Solved
LS-12511,2026-09-28 18:41,owner,Agent O,Agent U
LS-10983,2026-09-28 18:56,owner,Agent A,Agent D
LS-13811,2026-09-28 19:02,owner,Agent I,Agent V
LS-11238,2026-09-28 19:38,owner,Agent S,Agent O
LS-12307,2026-09-28 21:16,owner,Agent E,Agent A
LS-12442,2026-09-28 21:23,owner,Agent C,Agent B
LS-12968,2026-09-28 22:30,owner,Agent L,Agent V
LS-11456,2026-09-28 23:10,owner,Agent B,Agent H
LS-12862,2026-09-28 23:28,owner,Agent G,Agent V
LS-14576,2026-09-28 23:51,owner,Agent S,Agent J
LS-11150,2026-09-29 01:32,owner,Agent E,Agent I
LS-14548,2026-09-29 01:58,owner,Agent S,Agent D
LS-12583,2026-09-29 04:47,owner,Agent F,Agent L
LS-12152,2026-09-29 07:22,owner,Agent S,Agent L
LS-11016,2026-09-29 07:41,owner,Agent E,Agent M
LS-12307,2026-09-29 08:27,owner,Agent A,Agent M
LS-10483,2026-09-29 08:45,owner,Agent I,Agent Q
LS-14575,2026-09-29 10:15,owner,Agent P,Agent I
LS-10983,2026-09-29 10:37,owner,Agent D,Agent U
LS-11386,2026-09-29 12:50,status,Open,Solved
LS-12999,2026-09-29 13:24,owner,Agent R,Agent M
LS-10557,2026-09-29 14:57,owner,Agent H,Agent S
LS-11383,2026-09-29 15:36,owner,Agent F,Agent A
LS-12511,2026-09-29 18:20,owner,Agent U,Agent M
LS-12307,2026-09-29 19:38,owner,Agent M,Agent T
LS-11456,2026-09-29 20:35,owner,Agent H,Agent L
LS-10983,2026-09-30 02:18,owner,Agent U,Agent V
LS-12307,2026-09-30 06:49,owner,Agent T,Agent P
