bot_conversation_id,started_at,ended_at,account_id,account_size,product,intent,customer_message,claimed_resolved
BOT-00001,2025-10-01 08:42,2025-10-01 08:57,ACC-0555,Small,Payroll Connect,Payroll mapping,Pay codes mapping wrong in payroll file,Yes
BOT-00002,2025-10-01 19:02,2025-10-01 19:09,ACC-0816,Small,Payroll Connect,API error,API returning 500 on shifts endpoint,Yes
BOT-00003,2025-10-02 02:42,2025-10-02 02:56,ACC-0307,Mid,Rota,Shift swap not working,Staff can't swap shifts in the app,Yes
BOT-00004,2025-10-02 04:52,2025-10-02 05:00,ACC-0303,Small,Rota,SSO,Single sign-on redirect loop for all users,Yes
BOT-00005,2025-10-02 12:12,2025-10-02 12:24,ACC-0574,Small,Timesheets,Data import,CSV import ignoring contract hours,No
BOT-00006,2025-10-02 13:45,2025-10-02 13:49,ACC-0095,Mid,Rota,Notifications not received,Push notifications stopped on Android,Yes
BOT-00007,2025-10-03 06:18,2025-10-03 06:25,ACC-0819,Mid,Payroll Connect,Payroll mapping,Holiday pay mapped to wrong code in export,No
BOT-00008,2025-10-03 15:18,2025-10-03 15:25,ACC-0105,Mid,Rota,Rota publishing,Rota changes not saving before publish,Yes
BOT-00009,2025-10-03 16:31,2025-10-03 16:36,ACC-0479,Mid,Rota,SSO,SSO login stopped working with Azure AD,Yes
BOT-00010,2025-10-03 23:44,2025-10-03 23:54,ACC-0159,Mid,Timesheets,Invoice copy,Need VAT invoice for finance,Yes
BOT-00011,2025-10-04 02:29,2025-10-04 02:39,ACC-0287,Enterprise,Rota,Password reset,Need a password reset for a staff member,Yes
BOT-00012,2025-10-04 07:57,2025-10-04 08:05,ACC-0390,Small,Timesheets,Timesheet approval,Approved timesheets reverting to draft,Yes
BOT-00013,2025-10-04 10:31,2025-10-04 10:43,ACC-0189,Small,Timesheets,Timesheet approval,Approved timesheets reverting to draft,Yes
BOT-00014,2025-10-04 12:13,2025-10-04 12:25,ACC-0558,Mid,Timesheets,SSO,SSO login stopped working with Azure AD,Yes
BOT-00015,2025-10-04 14:01,2025-10-04 14:07,ACC-0654,Mid,Payroll Connect,Payroll mapping,Pay codes mapping wrong in payroll file,Yes
BOT-00016,2025-10-04 21:58,2025-10-04 22:13,ACC-0624,Small,Rota,Data import,CSV import ignoring contract hours,Yes
BOT-00017,2025-10-05 00:40,2025-10-05 00:52,ACC-0419,Small,Rota,Add users,How do I add new starters to the rota,Yes
BOT-00018,2025-10-05 09:45,2025-10-05 09:49,ACC-0848,Small,Payroll Connect,Payroll mapping,Pay codes mapping wrong in payroll file,No
BOT-00019,2025-10-06 02:21,2025-10-06 02:33,ACC-0032,Enterprise,Rota,Login issue,Can't log in to Larkspur,Yes
BOT-00020,2025-10-06 03:45,2025-10-06 03:49,ACC-0409,Small,Rota,Password reset,Password reset email not arriving,Yes
BOT-00021,2025-10-06 06:10,2025-10-06 06:15,ACC-0024,Mid,Timesheets,Login issue,Login keeps failing for our managers,Yes
BOT-00022,2025-10-06 18:21,2025-10-06 18:26,ACC-0522,Enterprise,Timesheets,Login issue,Locked out after password change,Yes
BOT-00023,2025-10-07 02:09,2025-10-07 02:23,ACC-0694,Small,Timesheets,Mobile app crash,App crashes when opening the rota,Yes
BOT-00024,2025-10-07 11:25,2025-10-07 11:27,ACC-0620,Mid,Timesheets,Notifications not received,Push notifications stopped on Android,Yes
BOT-00025,2025-10-07 13:33,2025-10-07 13:42,ACC-0014,Small,Rota,API error,Webhook payload missing employee ID,Yes
BOT-00026,2025-10-07 18:32,2025-10-07 18:45,ACC-0061,Mid,Payroll Connect,Report request,How do I report on hours by site,Yes
BOT-00027,2025-10-08 03:34,2025-10-08 03:44,ACC-0058,Mid,Timesheets,Billing question,Why did our bill go up this month,Yes
BOT-00028,2025-10-08 04:25,2025-10-08 04:31,ACC-0533,Mid,Timesheets,Data import,Import of staff list failing on row 12,Yes
BOT-00029,2025-10-08 05:27,2025-10-08 05:29,ACC-0403,Mid,Rota,Shift swap not working,Staff can't swap shifts in the app,Yes
BOT-00030,2025-10-08 05:49,2025-10-08 06:03,ACC-0559,Mid,Rota,Rota publishing,Rota changes not saving before publish,Yes
BOT-00031,2025-10-08 09:43,2025-10-08 09:58,ACC-0583,Mid,Timesheets,API error,API returning 500 on shifts endpoint,Yes
BOT-00032,2025-10-08 14:34,2025-10-08 14:46,ACC-0081,Small,Rota,Data import,CSV import ignoring contract hours,Yes
BOT-00033,2025-10-08 18:05,2025-10-08 18:18,ACC-0628,Enterprise,Timesheets,Mobile app crash,iOS app closes on login,Yes
BOT-00034,2025-10-08 18:38,2025-10-08 18:53,ACC-0356,Mid,Rota,Invoice copy,Need VAT invoice for finance,Yes
BOT-00035,2025-10-08 18:52,2025-10-08 19:06,ACC-0783,Small,Rota,Shift swap not working,Shift swap requests stuck pending,Yes
BOT-00036,2025-10-08 20:00,2025-10-08 20:11,ACC-0230,Small,Payroll Connect,Export to payroll failed,Payroll export failed this morning,Yes
BOT-00037,2025-10-09 08:47,2025-10-09 08:52,ACC-0880,Mid,Rota,SSO,SSO login stopped working with Azure AD,No
BOT-00038,2025-10-09 09:37,2025-10-09 09:40,ACC-0814,Enterprise,Timesheets,Data import,CSV import ignoring contract hours,No
BOT-00039,2025-10-09 14:36,2025-10-09 14:47,ACC-0268,Small,Rota,Login issue,Can't log in to Larkspur,Yes
BOT-00040,2025-10-09 20:07,2025-10-09 20:22,ACC-0028,Small,Timesheets,Notifications not received,Push notifications stopped on Android,Yes
BOT-00041,2025-10-09 21:04,2025-10-09 21:14,ACC-0218,Mid,Payroll Connect,Login issue,Can't log in to Larkspur,No
BOT-00042,2025-10-10 04:44,2025-10-10 04:52,ACC-0603,Small,Timesheets,Billing question,Why did our bill go up this month,Yes
BOT-00043,2025-10-10 09:08,2025-10-10 09:10,ACC-0683,Small,Rota,Login issue,Login keeps failing for our managers,Yes
BOT-00044,2025-10-10 11:05,2025-10-10 11:10,ACC-0147,Mid,Payroll Connect,Login issue,Can't log in to Larkspur,Yes
BOT-00045,2025-10-10 17:17,2025-10-10 17:21,ACC-0253,Mid,Rota,Login issue,Login keeps failing for our managers,Yes
BOT-00046,2025-10-10 20:29,2025-10-10 20:34,ACC-0255,Enterprise,Payroll Connect,Shift swap not working,Shift swap requests stuck pending,No
BOT-00047,2025-10-11 03:32,2025-10-11 03:34,ACC-0476,Small,Rota,Mobile app crash,iOS app closes on login,Yes
BOT-00048,2025-10-11 06:54,2025-10-11 06:58,ACC-0312,Small,Payroll Connect,Cancel subscription,We'd like to cancel our subscription,Yes
BOT-00049,2025-10-11 07:22,2025-10-11 07:32,ACC-0019,Mid,Rota,Data import,CSV import ignoring contract hours,Yes
BOT-00050,2025-10-11 07:32,2025-10-11 07:35,ACC-0176,Small,Timesheets,Billing question,Question about our latest invoice,No
BOT-00051,2025-10-11 11:56,2025-10-11 12:08,ACC-0310,Mid,Rota,Mobile app crash,iOS app closes on login,Yes
BOT-00052,2025-10-11 17:56,2025-10-11 18:03,ACC-0757,Mid,Rota,Notifications not received,Push notifications stopped on Android,Yes
BOT-00053,2025-10-11 18:31,2025-10-11 18:44,ACC-0114,Mid,Timesheets,Password reset,Password reset email not arriving,Yes
BOT-00054,2025-10-11 19:43,2025-10-11 19:56,ACC-0318,Small,Timesheets,Clock-in error,Clock-in error at the Leeds site,Yes
BOT-00055,2025-10-11 19:54,2025-10-11 20:04,ACC-0137,Small,Payroll Connect,Report request,Need a labour cost report by week,No
BOT-00056,2025-10-11 21:13,2025-10-11 21:16,ACC-0684,Small,Payroll Connect,Report request,How do I report on hours by site,No
BOT-00057,2025-10-11 22:29,2025-10-11 22:33,ACC-0569,Small,Rota,Password reset,Need a password reset for a staff member,Yes
BOT-00058,2025-10-11 22:56,2025-10-11 22:58,ACC-0671,Small,Rota,Rota publishing,Rota changes not saving before publish,Yes
BOT-00059,2025-10-12 02:46,2025-10-12 02:58,ACC-0544,Mid,Payroll Connect,API error,API returning 500 on shifts endpoint,Yes
BOT-00060,2025-10-12 04:50,2025-10-12 04:54,ACC-0692,Mid,Payroll Connect,Timesheet approval,Approved timesheets reverting to draft,Yes
BOT-00061,2025-10-12 10:06,2025-10-12 10:19,ACC-0704,Enterprise,Rota,Invoice copy,Need VAT invoice for finance,Yes
BOT-00062,2025-10-12 12:40,2025-10-12 12:53,ACC-0514,Mid,Timesheets,Timesheet approval,Approved timesheets reverting to draft,Yes
BOT-00063,2025-10-12 13:52,2025-10-12 13:54,ACC-0492,Small,Rota,Notifications not received,Push notifications stopped on Android,Yes
BOT-00064,2025-10-12 17:24,2025-10-12 17:35,ACC-0581,Mid,Timesheets,Clock-in error,Clock-in error at the Leeds site,Yes
BOT-00065,2025-10-12 17:35,2025-10-12 17:48,ACC-0474,Mid,Payroll Connect,API error,API returning 500 on shifts endpoint,Yes
BOT-00066,2025-10-12 19:55,2025-10-12 20:07,ACC-0781,Enterprise,Rota,Rota publishing,Published rota not showing for staff,Yes
BOT-00067,2025-10-13 08:16,2025-10-13 08:29,ACC-0344,Mid,Timesheets,Add users,How do I add new starters to the rota,Yes
BOT-00068,2025-10-13 08:41,2025-10-13 08:56,ACC-0434,Small,Rota,Add users,Bulk add 40 users from a spreadsheet,Yes
BOT-00069,2025-10-13 11:04,2025-10-13 11:06,ACC-0706,Small,Rota,Mobile app crash,iOS app closes on login,Yes
BOT-00070,2025-10-13 13:04,2025-10-13 13:06,ACC-0096,Mid,Rota,Cancel subscription,Notice to end our contract,Yes
BOT-00071,2025-10-13 15:00,2025-10-13 15:13,ACC-0414,Mid,Rota,Add users,How do I add new starters to the rota,Yes
BOT-00072,2025-10-13 18:02,2025-10-13 18:14,ACC-0760,Mid,Payroll Connect,Payroll mapping,Pay codes mapping wrong in payroll file,Yes
BOT-00073,2025-10-13 19:23,2025-10-13 19:25,ACC-0716,Small,Rota,Login issue,Locked out after password change,Yes
BOT-00074,2025-10-14 05:28,2025-10-14 05:37,ACC-0368,Mid,Timesheets,Timesheet approval,Managers can't approve timesheets,Yes
BOT-00075,2025-10-14 13:05,2025-10-14 13:10,ACC-0182,Enterprise,Payroll Connect,Export to payroll failed,Payroll export failed this morning,Yes
BOT-00076,2025-10-14 18:45,2025-10-14 18:59,ACC-0263,Enterprise,Payroll Connect,Export to payroll failed,Payroll export failed this morning,No
BOT-00077,2025-10-15 04:34,2025-10-15 04:46,ACC-0138,Enterprise,Payroll Connect,SSO,SSO login stopped working with Azure AD,Yes
BOT-00078,2025-10-15 06:01,2025-10-15 06:09,ACC-0316,Small,Payroll Connect,Notifications not received,Push notifications stopped on Android,No
BOT-00079,2025-10-15 09:54,2025-10-15 10:08,ACC-0687,Small,Rota,Login issue,Login keeps failing for our managers,Yes
BOT-00080,2025-10-15 13:56,2025-10-15 14:04,ACC-0560,Mid,Rota,Add users,How do I add new starters to the rota,Yes
BOT-00081,2025-10-15 19:13,2025-10-15 19:18,ACC-0071,Small,Timesheets,Password reset,Need a password reset for a staff member,Yes
BOT-00082,2025-10-15 22:25,2025-10-15 22:30,ACC-0017,Enterprise,Rota,Report request,Need a labour cost report by week,Yes
BOT-00083,2025-10-15 22:37,2025-10-15 22:46,ACC-0724,Mid,Rota,Billing question,Question about our latest invoice,Yes
BOT-00084,2025-10-16 07:57,2025-10-16 07:59,ACC-0565,Small,Payroll Connect,Login issue,Locked out after password change,No
BOT-00085,2025-10-16 14:35,2025-10-16 14:44,ACC-0875,Enterprise,Payroll Connect,API error,API returning 500 on shifts endpoint,Yes
BOT-00086,2025-10-16 16:00,2025-10-16 16:10,ACC-0824,Small,Rota,API error,API returning 500 on shifts endpoint,Yes
BOT-00087,2025-10-16 21:39,2025-10-16 21:51,ACC-0661,Mid,Rota,Cancel subscription,Notice to end our contract,Yes
BOT-00088,2025-10-17 03:44,2025-10-17 03:52,ACC-0447,Mid,Payroll Connect,Payroll mapping,Pay codes mapping wrong in payroll file,Yes
BOT-00089,2025-10-17 05:32,2025-10-17 05:45,ACC-0156,Small,Timesheets,Clock-in error,Clock-in error at the Leeds site,Yes
BOT-00090,2025-10-17 06:52,2025-10-17 06:54,ACC-0441,Mid,Payroll Connect,Payroll mapping,Pay codes mapping wrong in payroll file,No
BOT-00091,2025-10-17 17:57,2025-10-17 18:03,ACC-0120,Enterprise,Rota,Shift swap not working,Staff can't swap shifts in the app,Yes
BOT-00092,2025-10-18 14:51,2025-10-18 15:03,ACC-0317,Small,Payroll Connect,Export to payroll failed,Payroll export failed this morning,No
BOT-00093,2025-10-18 17:18,2025-10-18 17:26,ACC-0337,Small,Rota,Add users,How do I add new starters to the rota,Yes
BOT-00094,2025-10-18 18:18,2025-10-18 18:20,ACC-0867,Small,Rota,Rota publishing,Rota changes not saving before publish,Yes
BOT-00095,2025-10-19 00:33,2025-10-19 00:48,ACC-0277,Mid,Rota,Report request,Need a labour cost report by week,Yes
BOT-00096,2025-10-19 00:50,2025-10-19 00:52,ACC-0249,Enterprise,Payroll Connect,Data import,CSV import ignoring contract hours,Yes
BOT-00097,2025-10-19 01:19,2025-10-19 01:27,ACC-0667,Mid,Payroll Connect,Invoice copy,Need VAT invoice for finance,Yes
BOT-00098,2025-10-19 02:01,2025-10-19 02:12,ACC-0764,Small,Payroll Connect,Clock-in error,Clock-in error at the Leeds site,Yes
BOT-00099,2025-10-19 18:35,2025-10-19 18:50,ACC-0830,Enterprise,Payroll Connect,Report request,Need a labour cost report by week,Yes
BOT-00100,2025-10-19 20:13,2025-10-19 20:21,ACC-0747,Mid,Rota,Report request,Need a labour cost report by week,Yes
BOT-00101,2025-10-20 00:01,2025-10-20 00:05,ACC-0349,Mid,Rota,Report request,How do I report on hours by site,Yes
BOT-00102,2025-10-20 00:13,2025-10-20 00:19,ACC-0313,Mid,Rota,Cancel subscription,We'd like to cancel our subscription,Yes
BOT-00103,2025-10-20 01:49,2025-10-20 02:00,ACC-0141,Small,Payroll Connect,Password reset,Need a password reset for a staff member,No
BOT-00104,2025-10-20 09:20,2025-10-20 09:35,ACC-0451,Mid,Payroll Connect,Payroll mapping,Holiday pay mapped to wrong code in export,Yes
BOT-00105,2025-10-21 04:03,2025-10-21 04:14,ACC-0418,Mid,Timesheets,Notifications not received,Staff not getting shift notifications,Yes
BOT-00106,2025-10-21 06:10,2025-10-21 06:14,ACC-0696,Mid,Payroll Connect,Report request,Need a labour cost report by week,Yes
BOT-00107,2025-10-22 00:10,2025-10-22 00:16,ACC-0391,Mid,Timesheets,Timesheet approval,Approved timesheets reverting to draft,Yes
BOT-00108,2025-10-22 03:23,2025-10-22 03:32,ACC-0828,Small,Rota,Notifications not received,Push notifications stopped on Android,Yes
BOT-00109,2025-10-22 06:55,2025-10-22 06:57,ACC-0223,Small,Timesheets,Notifications not received,Staff not getting shift notifications,Yes
BOT-00110,2025-10-22 08:09,2025-10-22 08:11,ACC-0212,Mid,Timesheets,Invoice copy,Please send a copy of invoice for March,No
BOT-00111,2025-10-22 09:21,2025-10-22 09:23,ACC-0360,Mid,Timesheets,Clock-in error,Clock-in error at the Leeds site,Yes
BOT-00112,2025-10-22 19:12,2025-10-22 19:22,ACC-0900,Mid,Rota,Password reset,Need a password reset for a staff member,No
BOT-00113,2025-10-23 00:25,2025-10-23 00:40,ACC-0336,Small,Timesheets,Clock-in error,Clock-in error at the Leeds site,No
BOT-00114,2025-10-23 02:22,2025-10-23 02:31,ACC-0753,Mid,Timesheets,SSO,Single sign-on redirect loop for all users,Yes
BOT-00115,2025-10-23 22:29,2025-10-23 22:33,ACC-0386,Mid,Timesheets,Timesheet approval,Managers can't approve timesheets,No
BOT-00116,2025-10-24 00:22,2025-10-24 00:28,ACC-0594,Mid,Rota,Add users,How do I add new starters to the rota,Yes
BOT-00117,2025-10-24 03:34,2025-10-24 03:47,ACC-0047,Mid,Rota,Login issue,Can't log in to Larkspur,Yes
BOT-00118,2025-10-24 09:19,2025-10-24 09:28,ACC-0160,Enterprise,Payroll Connect,Data import,CSV import ignoring contract hours,Yes
BOT-00119,2025-10-24 09:32,2025-10-24 09:39,ACC-0279,Small,Timesheets,Clock-in error,Geofence blocking clock-in for remote staff,Yes
BOT-00120,2025-10-24 23:10,2025-10-24 23:17,ACC-0278,Enterprise,Payroll Connect,Payroll mapping,Pay codes mapping wrong in payroll file,Yes
BOT-00121,2025-10-25 01:09,2025-10-25 01:14,ACC-0299,Small,Rota,Shift swap not working,Shift swap requests stuck pending,No
BOT-00122,2025-10-25 02:43,2025-10-25 02:51,ACC-0380,Small,Timesheets,Password reset,Password reset email not arriving,No
BOT-00123,2025-10-25 08:43,2025-10-25 08:50,ACC-0839,Mid,Rota,Billing question,Why did our bill go up this month,Yes
BOT-00124,2025-10-25 10:57,2025-10-25 11:02,ACC-0870,Small,Payroll Connect,Clock-in error,Clock-in error at the Leeds site,No
BOT-00125,2025-10-26 04:53,2025-10-26 04:58,ACC-0749,Small,Timesheets,Password reset,Need a password reset for a staff member,Yes
BOT-00126,2025-10-26 08:08,2025-10-26 08:20,ACC-0681,Enterprise,Rota,Shift swap not working,Shift swap requests stuck pending,Yes
BOT-00127,2025-10-26 10:48,2025-10-26 10:58,ACC-0755,Small,Timesheets,Rota publishing,Rota changes not saving before publish,Yes
BOT-00128,2025-10-26 23:03,2025-10-26 23:07,ACC-0286,Enterprise,Rota,Shift swap not working,Staff can't swap shifts in the app,Yes
BOT-00129,2025-10-27 00:59,2025-10-27 01:14,ACC-0072,Mid,Rota,Billing question,Why did our bill go up this month,Yes
BOT-00130,2025-10-27 02:30,2025-10-27 02:43,ACC-0219,Enterprise,Timesheets,Add users,How do I add new starters to the rota,Yes
BOT-00131,2025-10-27 03:48,2025-10-27 03:54,ACC-0070,Small,Rota,Password reset,Password reset email not arriving,Yes
BOT-00132,2025-10-27 18:15,2025-10-27 18:20,ACC-0343,Small,Payroll Connect,Login issue,Can't log in to Larkspur,No
BOT-00133,2025-10-28 01:56,2025-10-28 02:05,ACC-0400,Mid,Payroll Connect,Export to payroll failed,Payroll export failed this morning,No
BOT-00134,2025-10-28 04:07,2025-10-28 04:13,ACC-0774,Enterprise,Payroll Connect,Login issue,Can't log in to Larkspur,Yes
BOT-00135,2025-10-28 05:29,2025-10-28 05:35,ACC-0717,Mid,Rota,Report request,Need a labour cost report by week,Yes
BOT-00136,2025-10-28 23:30,2025-10-28 23:38,ACC-0306,Small,Rota,Password reset,Need a password reset for a staff member,Yes
BOT-00137,2025-10-29 09:34,2025-10-29 09:41,ACC-0206,Enterprise,Rota,Login issue,Locked out after password change,Yes
BOT-00138,2025-10-29 12:35,2025-10-29 12:50,ACC-0375,Small,Rota,Add users,Bulk add 40 users from a spreadsheet,Yes
BOT-00139,2025-10-29 15:05,2025-10-29 15:08,ACC-0606,Small,Timesheets,Mobile app crash,App crashes when opening the rota,Yes
BOT-00140,2025-10-29 20:39,2025-10-29 20:44,ACC-0006,Small,Rota,Rota publishing,Rota changes not saving before publish,Yes
BOT-00141,2025-10-29 22:10,2025-10-29 22:13,ACC-0265,Mid,Rota,Billing question,Why did our bill go up this month,Yes
BOT-00142,2025-10-29 22:20,2025-10-29 22:26,ACC-0856,Small,Payroll Connect,Invoice copy,Need VAT invoice for finance,Yes
BOT-00143,2025-10-30 07:24,2025-10-30 07:38,ACC-0026,Enterprise,Rota,Data import,CSV import ignoring contract hours,No
BOT-00144,2025-10-30 08:22,2025-10-30 08:32,ACC-0327,Small,Payroll Connect,API error,Webhook payload missing employee ID,Yes
BOT-00145,2025-10-30 08:39,2025-10-30 08:47,ACC-0578,Enterprise,Payroll Connect,API error,API returning 500 on shifts endpoint,Yes
BOT-00146,2025-10-30 08:50,2025-10-30 08:58,ACC-0369,Small,Timesheets,Report request,Need a labour cost report by week,Yes
BOT-00147,2025-10-30 16:29,2025-10-30 16:37,ACC-0762,Mid,Timesheets,Login issue,Locked out after password change,Yes
BOT-00148,2025-10-31 02:26,2025-10-31 02:38,ACC-0475,Small,Payroll Connect,Export to payroll failed,Export to Sage payroll missing overtime hours,Yes
BOT-00149,2025-10-31 07:40,2025-10-31 07:49,ACC-0367,Small,Rota,SSO,Single sign-on redirect loop for all users,No
BOT-00150,2025-10-31 11:20,2025-10-31 11:34,ACC-0808,Small,Timesheets,Add users,Bulk add 40 users from a spreadsheet,Yes
BOT-00151,2025-10-31 14:07,2025-10-31 14:13,ACC-0524,Enterprise,Rota,API error,API returning 500 on shifts endpoint,No
BOT-00152,2025-11-01 06:49,2025-11-01 06:54,ACC-0345,Mid,Timesheets,Password reset,Password reset email not arriving,No
BOT-00153,2025-11-01 06:56,2025-11-01 06:59,ACC-0455,Small,Timesheets,Notifications not received,Staff not getting shift notifications,Yes
BOT-00154,2025-11-01 07:23,2025-11-01 07:30,ACC-0529,Enterprise,Rota,Rota publishing,Rota changes not saving before publish,Yes
BOT-00155,2025-11-01 09:08,2025-11-01 09:18,ACC-0296,Enterprise,Rota,Password reset,Need a password reset for a staff member,No
BOT-00156,2025-11-01 10:23,2025-11-01 10:35,ACC-0291,Small,Payroll Connect,Login issue,Locked out after password change,No
BOT-00157,2025-11-01 21:00,2025-11-01 21:14,ACC-0577,Small,Rota,Shift swap not working,Shift swap requests stuck pending,No
BOT-00158,2025-11-01 21:13,2025-11-01 21:24,ACC-0140,Enterprise,Rota,Add users,How do I add new starters to the rota,No
BOT-00159,2025-11-01 23:40,2025-11-01 23:43,ACC-0339,Mid,Timesheets,Login issue,Can't log in to Larkspur,Yes
BOT-00160,2025-11-01 23:41,2025-11-01 23:44,ACC-0587,Small,Rota,Mobile app crash,iOS app closes on login,Yes
BOT-00161,2025-11-02 07:05,2025-11-02 07:16,ACC-0604,Enterprise,Rota,Cancel subscription,Notice to end our contract,No
BOT-00162,2025-11-02 12:24,2025-11-02 12:34,ACC-0421,Enterprise,Timesheets,Report request,How do I report on hours by site,Yes
BOT-00163,2025-11-02 13:59,2025-11-02 14:09,ACC-0633,Mid,Rota,Report request,Need a labour cost report by week,Yes
BOT-00164,2025-11-02 21:52,2025-11-02 22:04,ACC-0809,Mid,Rota,Add users,How do I add new starters to the rota,Yes
BOT-00165,2025-11-03 02:40,2025-11-03 02:54,ACC-0173,Small,Rota,Mobile app crash,App crashes when opening the rota,Yes
BOT-00166,2025-11-03 11:37,2025-11-03 11:40,ACC-0617,Small,Timesheets,Timesheet approval,Managers can't approve timesheets,No
BOT-00167,2025-11-03 16:47,2025-11-03 16:50,ACC-0433,Mid,Timesheets,Login issue,Can't log in to Larkspur,Yes
BOT-00168,2025-11-03 18:25,2025-11-03 18:32,ACC-0011,Mid,Payroll Connect,Export to payroll failed,Payroll export failed this morning,Yes
BOT-00169,2025-11-04 03:23,2025-11-04 03:26,ACC-0470,Small,Payroll Connect,Billing question,Why did our bill go up this month,No
BOT-00170,2025-11-04 11:33,2025-11-04 11:43,ACC-0364,Small,Payroll Connect,Payroll mapping,Holiday pay mapped to wrong code in export,Yes
BOT-00171,2025-11-05 13:10,2025-11-05 13:17,ACC-0765,Small,Rota,Shift swap not working,Shift swap requests stuck pending,Yes
BOT-00172,2025-11-05 20:46,2025-11-05 20:48,ACC-0077,Small,Timesheets,Data import,CSV import ignoring contract hours,Yes
BOT-00173,2025-11-05 22:19,2025-11-05 22:30,ACC-0801,Small,Rota,SSO,SSO login stopped working with Azure AD,Yes
BOT-00174,2025-11-05 23:56,2025-11-06 00:02,ACC-0485,Small,Payroll Connect,Payroll mapping,Pay codes mapping wrong in payroll file,No
BOT-00175,2025-11-06 01:03,2025-11-06 01:11,ACC-0584,Small,Rota,Shift swap not working,Staff can't swap shifts in the app,Yes
BOT-00176,2025-11-06 09:27,2025-11-06 09:30,ACC-0804,Mid,Rota,Invoice copy,Please send a copy of invoice for March,Yes
BOT-00177,2025-11-06 21:29,2025-11-06 21:40,ACC-0652,Small,Timesheets,Billing question,Question about our latest invoice,No
BOT-00178,2025-11-07 03:05,2025-11-07 03:10,ACC-0022,Enterprise,Timesheets,Report request,Need a labour cost report by week,Yes
BOT-00179,2025-11-07 14:04,2025-11-07 14:07,ACC-0540,Small,Payroll Connect,Login issue,Can't log in to Larkspur,Yes
BOT-00180,2025-11-07 16:33,2025-11-07 16:38,ACC-0408,Mid,Rota,Rota publishing,Published rota not showing for staff,Yes
BOT-00181,2025-11-07 22:41,2025-11-07 22:46,ACC-0040,Small,Payroll Connect,Timesheet approval,Managers can't approve timesheets,Yes
BOT-00182,2025-11-08 03:53,2025-11-08 03:57,ACC-0244,Enterprise,Payroll Connect,Export to payroll failed,Export to Sage payroll missing overtime hours,No
BOT-00183,2025-11-08 07:10,2025-11-08 07:18,ACC-0403,Mid,Rota,Login issue,Can't log in to Larkspur,Yes
BOT-00184,2025-11-08 12:55,2025-11-08 13:01,ACC-0430,Mid,Timesheets,Shift swap not working,Shift swap requests stuck pending,Yes
BOT-00185,2025-11-08 13:49,2025-11-08 14:00,ACC-0107,Small,Payroll Connect,Billing question,Why did our bill go up this month,No
BOT-00186,2025-11-08 14:37,2025-11-08 14:41,ACC-0866,Small,Payroll Connect,API error,Webhook payload missing employee ID,Yes
BOT-00187,2025-11-08 20:03,2025-11-08 20:12,ACC-0779,Small,Payroll Connect,Add users,How do I add new starters to the rota,Yes
BOT-00188,2025-11-08 22:01,2025-11-08 22:08,ACC-0453,Mid,Payroll Connect,Add users,How do I add new starters to the rota,Yes
BOT-00189,2025-11-09 01:03,2025-11-09 01:08,ACC-0510,Mid,Rota,Report request,How do I report on hours by site,Yes
BOT-00190,2025-11-09 06:15,2025-11-09 06:19,ACC-0257,Mid,Rota,Invoice copy,Please send a copy of invoice for March,Yes
BOT-00191,2025-11-09 12:32,2025-11-09 12:45,ACC-0479,Mid,Rota,Password reset,Need a password reset for a staff member,Yes
BOT-00192,2025-11-09 16:18,2025-11-09 16:33,ACC-0003,Small,Rota,Rota publishing,Rota changes not saving before publish,Yes
BOT-00193,2025-11-09 23:18,2025-11-09 23:21,ACC-0423,Small,Rota,Rota publishing,Rota changes not saving before publish,Yes
BOT-00194,2025-11-09 23:47,2025-11-09 23:52,ACC-0177,Mid,Payroll Connect,Payroll mapping,Holiday pay mapped to wrong code in export,Yes
BOT-00195,2025-11-10 00:24,2025-11-10 00:27,ACC-0643,Mid,Timesheets,Notifications not received,Staff not getting shift notifications,No
BOT-00196,2025-11-10 03:35,2025-11-10 03:40,ACC-0203,Small,Payroll Connect,Billing question,Question about our latest invoice,Yes
BOT-00197,2025-11-10 06:00,2025-11-10 06:10,ACC-0319,Small,Timesheets,Login issue,Locked out after password change,Yes
BOT-00198,2025-11-10 06:52,2025-11-10 06:55,ACC-0860,Mid,Rota,Invoice copy,Need VAT invoice for finance,Yes
BOT-00199,2025-11-10 10:06,2025-11-10 10:13,ACC-0135,Small,Timesheets,Timesheet approval,Approved timesheets reverting to draft,Yes
BOT-00200,2025-11-10 11:46,2025-11-10 11:58,ACC-0853,Small,Rota,Notifications not received,Staff not getting shift notifications,Yes
BOT-00201,2025-11-10 17:24,2025-11-10 17:36,ACC-0085,Small,Payroll Connect,Export to payroll failed,Export to Sage payroll missing overtime hours,No
BOT-00202,2025-11-10 22:02,2025-11-10 22:14,ACC-0004,Small,Timesheets,Timesheet approval,Approved timesheets reverting to draft,Yes
BOT-00203,2025-11-11 03:48,2025-11-11 03:58,ACC-0449,Small,Rota,Login issue,Locked out after password change,No
BOT-00204,2025-11-11 14:09,2025-11-11 14:14,ACC-0074,Small,Timesheets,Clock-in error,Geofence blocking clock-in for remote staff,No
BOT-00205,2025-11-11 16:21,2025-11-11 16:36,ACC-0832,Mid,Payroll Connect,Timesheet approval,Managers can't approve timesheets,Yes
BOT-00206,2025-11-11 21:07,2025-11-11 21:18,ACC-0898,Mid,Timesheets,Notifications not received,Staff not getting shift notifications,Yes
BOT-00207,2025-11-12 01:42,2025-11-12 01:50,ACC-0825,Enterprise,Timesheets,Password reset,Need a password reset for a staff member,No
BOT-00208,2025-11-12 04:37,2025-11-12 04:48,ACC-0113,Mid,Payroll Connect,Invoice copy,Please send a copy of invoice for March,Yes
BOT-00209,2025-11-12 15:00,2025-11-12 15:09,ACC-0389,Mid,Payroll Connect,SSO,SSO login stopped working with Azure AD,Yes
BOT-00210,2025-11-12 15:13,2025-11-12 15:20,ACC-0474,Mid,Payroll Connect,Export to payroll failed,Export to Sage payroll missing overtime hours,Yes
BOT-00211,2025-11-12 21:56,2025-11-12 21:58,ACC-0016,Mid,Timesheets,Timesheet approval,Managers can't approve timesheets,Yes
BOT-00212,2025-11-13 00:30,2025-11-13 00:41,ACC-0093,Small,Payroll Connect,Export to payroll failed,Payroll export failed this morning,Yes
BOT-00213,2025-11-13 08:12,2025-11-13 08:17,ACC-0546,Small,Rota,Rota publishing,Rota changes not saving before publish,No
BOT-00214,2025-11-14 07:41,2025-11-14 07:55,ACC-0251,Mid,Payroll Connect,Add users,Bulk add 40 users from a spreadsheet,Yes
BOT-00215,2025-11-14 08:06,2025-11-14 08:16,ACC-0179,Small,Timesheets,Timesheet approval,Approved timesheets reverting to draft,Yes
BOT-00216,2025-11-14 20:30,2025-11-14 20:37,ACC-0272,Mid,Timesheets,Invoice copy,Please send a copy of invoice for March,Yes
BOT-00217,2025-11-15 04:27,2025-11-15 04:38,ACC-0844,Mid,Rota,Notifications not received,Push notifications stopped on Android,Yes
BOT-00218,2025-11-15 05:28,2025-11-15 05:43,ACC-0702,Mid,Timesheets,Payroll mapping,Holiday pay mapped to wrong code in export,Yes
BOT-00219,2025-11-15 13:07,2025-11-15 13:16,ACC-0358,Small,Rota,Add users,Bulk add 40 users from a spreadsheet,Yes
BOT-00220,2025-11-15 13:59,2025-11-15 14:02,ACC-0583,Mid,Timesheets,Login issue,Login keeps failing for our managers,Yes
BOT-00221,2025-11-16 07:17,2025-11-16 07:30,ACC-0268,Small,Rota,Shift swap not working,Staff can't swap shifts in the app,No
BOT-00222,2025-11-16 13:24,2025-11-16 13:39,ACC-0892,Small,Payroll Connect,Report request,How do I report on hours by site,Yes
BOT-00223,2025-11-16 17:49,2025-11-16 17:53,ACC-0267,Small,Timesheets,Login issue,Can't log in to Larkspur,Yes
BOT-00224,2025-11-16 21:22,2025-11-16 21:31,ACC-0076,Mid,Payroll Connect,Billing question,Question about our latest invoice,Yes
BOT-00225,2025-11-17 08:27,2025-11-17 08:34,ACC-0879,Mid,Payroll Connect,API error,Webhook payload missing employee ID,No
BOT-00226,2025-11-17 11:21,2025-11-17 11:32,ACC-0483,Small,Rota,Add users,How do I add new starters to the rota,No
BOT-00227,2025-11-17 18:47,2025-11-17 18:56,ACC-0243,Small,Payroll Connect,Mobile app crash,App crashes when opening the rota,Yes
BOT-00228,2025-11-18 01:54,2025-11-18 02:03,ACC-0499,Small,Rota,Rota publishing,Published rota not showing for staff,Yes
BOT-00229,2025-11-18 02:36,2025-11-18 02:38,ACC-0210,Enterprise,Rota,Rota publishing,Rota changes not saving before publish,Yes
BOT-00230,2025-11-18 11:22,2025-11-18 11:31,ACC-0021,Small,Timesheets,Billing question,Why did our bill go up this month,Yes
BOT-00231,2025-11-18 12:24,2025-11-18 12:30,ACC-0773,Small,Timesheets,Report request,Need a labour cost report by week,Yes
BOT-00232,2025-11-18 17:28,2025-11-18 17:38,ACC-0513,Mid,Timesheets,Data import,CSV import ignoring contract hours,Yes
BOT-00233,2025-11-19 12:16,2025-11-19 12:24,ACC-0130,Mid,Timesheets,Invoice copy,Need VAT invoice for finance,Yes
BOT-00234,2025-11-19 17:08,2025-11-19 17:22,ACC-0024,Mid,Timesheets,Timesheet approval,Managers can't approve timesheets,Yes
BOT-00235,2025-11-19 21:30,2025-11-19 21:38,ACC-0634,Mid,Timesheets,Notifications not received,Staff not getting shift notifications,Yes
BOT-00236,2025-11-20 00:52,2025-11-20 01:01,ACC-0287,Enterprise,Rota,Login issue,Locked out after password change,Yes
BOT-00237,2025-11-20 04:37,2025-11-20 04:46,ACC-0528,Small,Payroll Connect,Export to payroll failed,Payroll export failed this morning,Yes
BOT-00238,2025-11-20 06:02,2025-11-20 06:13,ACC-0263,Enterprise,Payroll Connect,Export to payroll failed,Export to Sage payroll missing overtime hours,Yes
BOT-00239,2025-11-20 11:25,2025-11-20 11:29,ACC-0331,Mid,Timesheets,Billing question,Question about our latest invoice,Yes
BOT-00240,2025-11-20 11:26,2025-11-20 11:28,ACC-0005,Mid,Payroll Connect,Timesheet approval,Managers can't approve timesheets,Yes
BOT-00241,2025-11-20 11:43,2025-11-20 11:49,ACC-0683,Small,Rota,Shift swap not working,Shift swap requests stuck pending,Yes
BOT-00242,2025-11-20 22:03,2025-11-20 22:09,ACC-0670,Mid,Timesheets,Password reset,Password reset email not arriving,Yes
BOT-00243,2025-11-21 00:17,2025-11-21 00:30,ACC-0551,Mid,Rota,Add users,Bulk add 40 users from a spreadsheet,No
BOT-00244,2025-11-21 01:15,2025-11-21 01:19,ACC-0098,Enterprise,Timesheets,Add users,Bulk add 40 users from a spreadsheet,Yes
BOT-00245,2025-11-21 03:06,2025-11-21 03:19,ACC-0435,Enterprise,Payroll Connect,Report request,Need a labour cost report by week,Yes
BOT-00246,2025-11-21 04:06,2025-11-21 04:12,ACC-0112,Mid,Payroll Connect,Payroll mapping,Holiday pay mapped to wrong code in export,Yes
BOT-00247,2025-11-21 11:21,2025-11-21 11:36,ACC-0547,Small,Payroll Connect,Password reset,Password reset email not arriving,Yes
BOT-00248,2025-11-21 12:59,2025-11-21 13:11,ACC-0705,Small,Rota,Password reset,Password reset email not arriving,Yes
BOT-00249,2025-11-21 18:17,2025-11-21 18:20,ACC-0771,Mid,Rota,Add users,How do I add new starters to the rota,Yes
BOT-00250,2025-11-22 03:35,2025-11-22 03:43,ACC-0692,Mid,Payroll Connect,Timesheet approval,Approved timesheets reverting to draft,Yes
BOT-00251,2025-11-23 08:28,2025-11-23 08:43,ACC-0052,Mid,Rota,Notifications not received,Push notifications stopped on Android,Yes
BOT-00252,2025-11-23 13:28,2025-11-23 13:43,ACC-0662,Small,Timesheets,Add users,Bulk add 40 users from a spreadsheet,No
BOT-00253,2025-11-23 15:10,2025-11-23 15:20,ACC-0368,Mid,Timesheets,Payroll mapping,Pay codes mapping wrong in payroll file,No
BOT-00254,2025-11-24 08:11,2025-11-24 08:15,ACC-0857,Mid,Payroll Connect,Export to payroll failed,Export to Sage payroll missing overtime hours,No
BOT-00255,2025-11-25 05:38,2025-11-25 05:51,ACC-0313,Mid,Rota,Notifications not received,Push notifications stopped on Android,No
BOT-00256,2025-11-25 13:29,2025-11-25 13:38,ACC-0420,Mid,Rota,Shift swap not working,Shift swap requests stuck pending,Yes
BOT-00257,2025-11-25 15:54,2025-11-25 15:56,ACC-0747,Mid,Rota,Add users,Bulk add 40 users from a spreadsheet,No
BOT-00258,2025-11-25 16:03,2025-11-25 16:06,ACC-0199,Mid,Timesheets,SSO,SSO login stopped working with Azure AD,Yes
BOT-00259,2025-11-25 23:47,2025-11-25 23:52,ACC-0798,Mid,Timesheets,Mobile app crash,App crashes when opening the rota,Yes
BOT-00260,2025-11-26 00:59,2025-11-26 01:14,ACC-0505,Small,Rota,API error,Webhook payload missing employee ID,Yes
BOT-00261,2025-11-26 10:29,2025-11-26 10:40,ACC-0655,Small,Timesheets,Password reset,Need a password reset for a staff member,Yes
BOT-00262,2025-11-27 02:09,2025-11-27 02:11,ACC-0155,Enterprise,Timesheets,Timesheet approval,Managers can't approve timesheets,Yes
BOT-00263,2025-11-27 16:26,2025-11-27 16:32,ACC-0625,Mid,Payroll Connect,Clock-in error,Clock-in error at the Leeds site,No
BOT-00264,2025-11-27 17:31,2025-11-27 17:34,ACC-0089,Small,Payroll Connect,Notifications not received,Staff not getting shift notifications,Yes
BOT-00265,2025-11-28 04:13,2025-11-28 04:17,ACC-0121,Enterprise,Payroll Connect,Mobile app crash,App crashes when opening the rota,Yes
BOT-00266,2025-11-28 05:24,2025-11-28 05:38,ACC-0349,Mid,Rota,Rota publishing,Rota changes not saving before publish,Yes
BOT-00267,2025-11-28 07:57,2025-11-28 08:07,ACC-0099,Mid,Rota,Add users,How do I add new starters to the rota,Yes
BOT-00268,2025-11-28 14:11,2025-11-28 14:24,ACC-0512,Small,Timesheets,Clock-in error,Geofence blocking clock-in for remote staff,No
BOT-00269,2025-11-28 18:16,2025-11-28 18:28,ACC-0467,Mid,Payroll Connect,Export to payroll failed,Payroll export failed this morning,Yes
BOT-00270,2025-11-28 20:02,2025-11-28 20:09,ACC-0531,Small,Rota,Login issue,Locked out after password change,Yes
BOT-00271,2025-11-28 23:21,2025-11-28 23:30,ACC-0201,Small,Payroll Connect,Password reset,Password reset email not arriving,Yes
BOT-00272,2025-11-29 02:43,2025-11-29 02:51,ACC-0481,Small,Payroll Connect,API error,API returning 500 on shifts endpoint,Yes
BOT-00273,2025-11-29 06:12,2025-11-29 06:16,ACC-0255,Enterprise,Payroll Connect,Login issue,Login keeps failing for our managers,Yes
BOT-00274,2025-11-29 11:33,2025-11-29 11:35,ACC-0626,Mid,Rota,Add users,Bulk add 40 users from a spreadsheet,Yes
BOT-00275,2025-11-29 12:36,2025-11-29 12:42,ACC-0170,Small,Rota,Shift swap not working,Shift swap requests stuck pending,Yes
BOT-00276,2025-11-29 13:16,2025-11-29 13:22,ACC-0088,Mid,Rota,Add users,Bulk add 40 users from a spreadsheet,Yes
BOT-00277,2025-11-30 00:36,2025-11-30 00:41,ACC-0522,Enterprise,Timesheets,Add users,Bulk add 40 users from a spreadsheet,No
BOT-00278,2025-11-30 08:50,2025-11-30 08:55,ACC-0193,Small,Rota,Cancel subscription,We'd like to cancel our subscription,Yes
BOT-00279,2025-11-30 10:26,2025-11-30 10:33,ACC-0476,Small,Rota,Notifications not received,Push notifications stopped on Android,Yes
BOT-00280,2025-11-30 11:28,2025-11-30 11:40,ACC-0632,Enterprise,Rota,Rota publishing,Published rota not showing for staff,Yes
BOT-00281,2025-11-30 15:24,2025-11-30 15:33,ACC-0378,Small,Rota,Rota publishing,Rota changes not saving before publish,Yes
BOT-00282,2025-11-30 22:51,2025-11-30 22:57,ACC-0340,Small,Payroll Connect,API error,Webhook payload missing employee ID,Yes
BOT-00283,2025-12-01 01:34,2025-12-01 01:43,ACC-0361,Enterprise,Rota,Shift swap not working,Shift swap requests stuck pending,Yes
BOT-00284,2025-12-01 02:01,2025-12-01 02:14,ACC-0734,Small,Timesheets,Login issue,Login keeps failing for our managers,No
BOT-00285,2025-12-01 03:09,2025-12-01 03:23,ACC-0490,Mid,Rota,Notifications not received,Push notifications stopped on Android,Yes
BOT-00286,2025-12-01 05:28,2025-12-01 05:42,ACC-0374,Mid,Rota,Login issue,Locked out after password change,Yes
BOT-00287,2025-12-01 06:14,2025-12-01 06:20,ACC-0751,Enterprise,Timesheets,Login issue,Can't log in to Larkspur,No
BOT-00288,2025-12-01 10:19,2025-12-01 10:32,ACC-0727,Enterprise,Rota,Rota publishing,Rota changes not saving before publish,Yes
BOT-00289,2025-12-01 18:09,2025-12-01 18:18,ACC-0677,Enterprise,Rota,SSO,SSO login stopped working with Azure AD,Yes
BOT-00290,2025-12-01 19:34,2025-12-01 19:46,ACC-0886,Small,Payroll Connect,Password reset,Need a password reset for a staff member,Yes
BOT-00291,2025-12-02 00:07,2025-12-02 00:10,ACC-0748,Small,Rota,Cancel subscription,Notice to end our contract,Yes
BOT-00292,2025-12-02 07:12,2025-12-02 07:17,ACC-0030,Small,Timesheets,Clock-in error,Clock-in error at the Leeds site,Yes
BOT-00293,2025-12-02 21:13,2025-12-02 21:27,ACC-0711,Enterprise,Rota,Billing question,Why did our bill go up this month,Yes
BOT-00294,2025-12-03 07:54,2025-12-03 08:08,ACC-0487,Small,Rota,Invoice copy,Need VAT invoice for finance,Yes
BOT-00295,2025-12-03 12:37,2025-12-03 12:50,ACC-0836,Mid,Rota,Timesheet approval,Managers can't approve timesheets,Yes
BOT-00296,2025-12-03 15:13,2025-12-03 15:15,ACC-0581,Mid,Timesheets,Clock-in error,Geofence blocking clock-in for remote staff,No
BOT-00297,2025-12-03 18:11,2025-12-03 18:22,ACC-0115,Small,Timesheets,Notifications not received,Staff not getting shift notifications,Yes
BOT-00298,2025-12-04 06:50,2025-12-04 07:02,ACC-0401,Enterprise,Rota,Add users,Bulk add 40 users from a spreadsheet,Yes
BOT-00299,2025-12-04 12:41,2025-12-04 12:49,ACC-0061,Mid,Payroll Connect,API error,Webhook payload missing employee ID,No
BOT-00300,2025-12-04 12:49,2025-12-04 12:54,ACC-0565,Small,Payroll Connect,Timesheet approval,Approved timesheets reverting to draft,Yes
BOT-00301,2025-12-04 13:55,2025-12-04 14:00,ACC-0276,Small,Timesheets,Mobile app crash,iOS app closes on login,No
BOT-00302,2025-12-04 14:34,2025-12-04 14:46,ACC-0066,Small,Timesheets,Timesheet approval,Approved timesheets reverting to draft,Yes
BOT-00303,2025-12-05 02:17,2025-12-05 02:24,ACC-0778,Small,Rota,Rota publishing,Published rota not showing for staff,Yes
BOT-00304,2025-12-05 18:16,2025-12-05 18:28,ACC-0720,Small,Timesheets,Report request,Need a labour cost report by week,Yes
BOT-00305,2025-12-05 20:51,2025-12-05 20:53,ACC-0048,Small,Rota,Invoice copy,Need VAT invoice for finance,Yes
BOT-00306,2025-12-06 00:31,2025-12-06 00:43,ACC-0874,Small,Rota,Password reset,Password reset email not arriving,Yes
BOT-00307,2025-12-06 01:15,2025-12-06 01:18,ACC-0869,Mid,Timesheets,Password reset,Need a password reset for a staff member,No
BOT-00308,2025-12-06 03:59,2025-12-06 04:08,ACC-0741,Small,Timesheets,Login issue,Locked out after password change,Yes
BOT-00309,2025-12-06 14:54,2025-12-06 15:05,ACC-0204,Enterprise,Payroll Connect,Payroll mapping,Pay codes mapping wrong in payroll file,Yes
BOT-00310,2025-12-06 15:49,2025-12-06 16:01,ACC-0717,Mid,Rota,Password reset,Password reset email not arriving,No
BOT-00311,2025-12-06 18:31,2025-12-06 18:39,ACC-0552,Small,Timesheets,Add users,How do I add new starters to the rota,Yes
BOT-00312,2025-12-06 18:48,2025-12-06 18:53,ACC-0550,Small,Rota,Cancel subscription,We'd like to cancel our subscription,Yes
BOT-00313,2025-12-07 01:28,2025-12-07 01:36,ACC-0803,Small,Rota,Report request,Need a labour cost report by week,No
BOT-00314,2025-12-07 12:04,2025-12-07 12:07,ACC-0422,Small,Payroll Connect,Payroll mapping,Pay codes mapping wrong in payroll file,Yes
BOT-00315,2025-12-07 16:40,2025-12-07 16:49,ACC-0829,Small,Payroll Connect,Notifications not received,Push notifications stopped on Android,Yes
BOT-00316,2025-12-08 02:32,2025-12-08 02:40,ACC-0075,Small,Rota,Rota publishing,Published rota not showing for staff,No
BOT-00317,2025-12-08 02:32,2025-12-08 02:40,ACC-0424,Mid,Rota,SSO,Single sign-on redirect loop for all users,No
BOT-00318,2025-12-08 02:44,2025-12-08 02:53,ACC-0235,Small,Timesheets,Report request,How do I report on hours by site,Yes
BOT-00319,2025-12-08 08:11,2025-12-08 08:17,ACC-0619,Mid,Rota,Notifications not received,Staff not getting shift notifications,Yes
BOT-00320,2025-12-08 18:23,2025-12-08 18:26,ACC-0242,Mid,Timesheets,Add users,Bulk add 40 users from a spreadsheet,Yes
BOT-00321,2025-12-09 01:22,2025-12-09 01:27,ACC-0497,Small,Payroll Connect,Password reset,Password reset email not arriving,Yes
BOT-00322,2025-12-09 04:02,2025-12-09 04:08,ACC-0695,Small,Rota,Password reset,Need a password reset for a staff member,Yes
BOT-00323,2025-12-09 06:51,2025-12-09 07:06,ACC-0391,Mid,Timesheets,Notifications not received,Push notifications stopped on Android,Yes
BOT-00324,2025-12-09 07:38,2025-12-09 07:45,ACC-0816,Small,Payroll Connect,Invoice copy,Please send a copy of invoice for March,Yes
BOT-00325,2025-12-09 08:58,2025-12-09 09:13,ACC-0317,Small,Payroll Connect,Notifications not received,Staff not getting shift notifications,Yes
BOT-00326,2025-12-09 14:27,2025-12-09 14:29,ACC-0293,Small,Rota,Login issue,Locked out after password change,Yes
BOT-00327,2025-12-10 17:12,2025-12-10 17:27,ACC-0496,Mid,Timesheets,Login issue,Locked out after password change,Yes
BOT-00328,2025-12-11 05:07,2025-12-11 05:20,ACC-0350,Mid,Timesheets,Timesheet approval,Managers can't approve timesheets,Yes
BOT-00329,2025-12-11 08:52,2025-12-11 09:00,ACC-0846,Mid,Rota,Password reset,Need a password reset for a staff member,Yes
BOT-00330,2025-12-11 09:30,2025-12-11 09:32,ACC-0233,Mid,Rota,Timesheet approval,Managers can't approve timesheets,Yes
BOT-00331,2025-12-11 14:51,2025-12-11 15:03,ACC-0246,Enterprise,Rota,Login issue,Locked out after password change,Yes
BOT-00332,2025-12-11 14:58,2025-12-11 15:02,ACC-0860,Mid,Rota,Cancel subscription,We'd like to cancel our subscription,No
BOT-00333,2025-12-11 16:52,2025-12-11 17:01,ACC-0068,Small,Payroll Connect,Export to payroll failed,Export to Sage payroll missing overtime hours,Yes
BOT-00334,2025-12-11 23:48,2025-12-11 23:50,ACC-0244,Enterprise,Payroll Connect,API error,Webhook payload missing employee ID,Yes
BOT-00335,2025-12-12 01:45,2025-12-12 01:49,ACC-0743,Mid,Rota,Password reset,Password reset email not arriving,No
BOT-00336,2025-12-12 04:11,2025-12-12 04:22,ACC-0472,Small,Rota,Password reset,Password reset email not arriving,Yes
BOT-00337,2025-12-12 09:33,2025-12-12 09:39,ACC-0284,Mid,Timesheets,Clock-in error,Clock-in error at the Leeds site,Yes
BOT-00338,2025-12-12 09:48,2025-12-12 10:00,ACC-0694,Small,Timesheets,Password reset,Password reset email not arriving,Yes
BOT-00339,2025-12-12 16:17,2025-12-12 16:28,ACC-0576,Small,Timesheets,Rota publishing,Rota changes not saving before publish,No
BOT-00340,2025-12-12 17:26,2025-12-12 17:34,ACC-0084,Mid,Payroll Connect,Payroll mapping,Holiday pay mapped to wrong code in export,No
BOT-00341,2025-12-12 18:44,2025-12-12 18:52,ACC-0216,Mid,Payroll Connect,Cancel subscription,We'd like to cancel our subscription,Yes
BOT-00342,2025-12-12 19:59,2025-12-12 20:12,ACC-0415,Small,Rota,Rota publishing,Rota changes not saving before publish,No
BOT-00343,2025-12-12 21:03,2025-12-12 21:17,ACC-0832,Mid,Payroll Connect,Payroll mapping,Pay codes mapping wrong in payroll file,No
BOT-00344,2025-12-12 22:03,2025-12-12 22:18,ACC-0554,Enterprise,Timesheets,Timesheet approval,Managers can't approve timesheets,Yes
BOT-00345,2025-12-13 00:29,2025-12-13 00:43,ACC-0295,Small,Timesheets,Clock-in error,Clock-in error at the Leeds site,Yes
BOT-00346,2025-12-13 00:47,2025-12-13 00:53,ACC-0696,Mid,Payroll Connect,Report request,How do I report on hours by site,Yes
BOT-00347,2025-12-13 06:50,2025-12-13 06:57,ACC-0755,Small,Timesheets,Payroll mapping,Pay codes mapping wrong in payroll file,Yes
BOT-00348,2025-12-13 09:44,2025-12-13 09:58,ACC-0468,Enterprise,Rota,Mobile app crash,iOS app closes on login,No
BOT-00349,2025-12-13 10:00,2025-12-13 10:11,ACC-0649,Mid,Rota,Add users,Bulk add 40 users from a spreadsheet,Yes
BOT-00350,2025-12-13 11:09,2025-12-13 11:19,ACC-0452,Small,Rota,Rota publishing,Rota changes not saving before publish,No
BOT-00351,2025-12-13 16:08,2025-12-13 16:11,ACC-0147,Mid,Payroll Connect,Invoice copy,Please send a copy of invoice for March,Yes
BOT-00352,2025-12-13 22:45,2025-12-13 22:56,ACC-0690,Small,Timesheets,Clock-in error,Geofence blocking clock-in for remote staff,Yes
BOT-00353,2025-12-14 02:44,2025-12-14 02:46,ACC-0445,Mid,Payroll Connect,Report request,Need a labour cost report by week,Yes
BOT-00354,2025-12-14 18:37,2025-12-14 18:52,ACC-0320,Small,Timesheets,Invoice copy,Need VAT invoice for finance,Yes
BOT-00355,2025-12-14 23:30,2025-12-14 23:38,ACC-0371,Small,Rota,Login issue,Can't log in to Larkspur,No
BOT-00356,2025-12-15 00:11,2025-12-15 00:20,ACC-0521,Small,Payroll Connect,Report request,How do I report on hours by site,Yes
BOT-00357,2025-12-15 03:46,2025-12-15 03:57,ACC-0455,Small,Timesheets,Payroll mapping,Pay codes mapping wrong in payroll file,Yes
BOT-00358,2025-12-15 20:28,2025-12-15 20:38,ACC-0405,Enterprise,Rota,Password reset,Password reset email not arriving,No
BOT-00359,2025-12-15 21:31,2025-12-15 21:33,ACC-0736,Small,Payroll Connect,SSO,Single sign-on redirect loop for all users,Yes
BOT-00360,2025-12-15 21:34,2025-12-15 21:49,ACC-0426,Small,Payroll Connect,Mobile app crash,iOS app closes on login,Yes
BOT-00361,2025-12-16 05:17,2025-12-16 05:23,ACC-0120,Enterprise,Rota,Rota publishing,Rota changes not saving before publish,Yes
BOT-00362,2025-12-16 05:23,2025-12-16 05:32,ACC-0095,Mid,Rota,Notifications not received,Push notifications stopped on Android,No
BOT-00363,2025-12-16 05:33,2025-12-16 05:40,ACC-0534,Small,Timesheets,Timesheet approval,Approved timesheets reverting to draft,Yes
BOT-00364,2025-12-16 19:20,2025-12-16 19:23,ACC-0688,Mid,Payroll Connect,API error,API returning 500 on shifts endpoint,No
BOT-00365,2025-12-17 18:45,2025-12-17 18:49,ACC-0519,Small,Rota,Shift swap not working,Shift swap requests stuck pending,Yes
BOT-00366,2025-12-17 20:42,2025-12-17 20:48,ACC-0718,Small,Timesheets,Password reset,Password reset email not arriving,Yes
BOT-00367,2025-12-18 04:00,2025-12-18 04:04,ACC-0867,Small,Rota,Billing question,Question about our latest invoice,Yes
BOT-00368,2025-12-19 01:31,2025-12-19 01:41,ACC-0689,Small,Timesheets,Payroll mapping,Holiday pay mapped to wrong code in export,Yes
BOT-00369,2025-12-19 04:44,2025-12-19 04:50,ACC-0363,Enterprise,Rota,Shift swap not working,Shift swap requests stuck pending,No
BOT-00370,2025-12-19 05:35,2025-12-19 05:47,ACC-0265,Mid,Rota,Clock-in error,Geofence blocking clock-in for remote staff,Yes
BOT-00371,2025-12-19 12:49,2025-12-19 12:51,ACC-0198,Small,Payroll Connect,Data import,CSV import ignoring contract hours,Yes
BOT-00372,2025-12-19 16:04,2025-12-19 16:08,ACC-0763,Mid,Timesheets,Login issue,Can't log in to Larkspur,Yes
BOT-00373,2025-12-19 16:47,2025-12-19 17:00,ACC-0597,Small,Timesheets,Password reset,Need a password reset for a staff member,Yes
BOT-00374,2025-12-19 19:44,2025-12-19 19:54,ACC-0489,Mid,Timesheets,Shift swap not working,Staff can't swap shifts in the app,Yes
BOT-00375,2025-12-19 22:35,2025-12-19 22:44,ACC-0783,Small,Rota,Notifications not received,Push notifications stopped on Android,Yes
BOT-00376,2025-12-20 03:36,2025-12-20 03:49,ACC-0591,Small,Payroll Connect,Export to payroll failed,Export to Sage payroll missing overtime hours,No
BOT-00377,2025-12-20 04:20,2025-12-20 04:26,ACC-0167,Small,Rota,Cancel subscription,We'd like to cancel our subscription,Yes
BOT-00378,2025-12-20 05:39,2025-12-20 05:52,ACC-0621,Enterprise,Rota,Report request,How do I report on hours by site,Yes
BOT-00379,2025-12-20 06:40,2025-12-20 06:50,ACC-0738,Small,Timesheets,Data import,Import of staff list failing on row 12,Yes
BOT-00380,2025-12-20 23:19,2025-12-20 23:34,ACC-0470,Small,Payroll Connect,Invoice copy,Need VAT invoice for finance,Yes
BOT-00381,2025-12-21 04:00,2025-12-21 04:08,ACC-0635,Mid,Rota,Login issue,Login keeps failing for our managers,Yes
BOT-00382,2025-12-21 09:12,2025-12-21 09:16,ACC-0074,Small,Timesheets,Add users,How do I add new starters to the rota,Yes
BOT-00383,2025-12-21 10:38,2025-12-21 10:40,ACC-0839,Mid,Rota,Notifications not received,Push notifications stopped on Android,No
BOT-00384,2025-12-21 10:43,2025-12-21 10:55,ACC-0060,Small,Payroll Connect,Payroll mapping,Holiday pay mapped to wrong code in export,No
BOT-00385,2025-12-21 19:25,2025-12-21 19:30,ACC-0043,Mid,Rota,Password reset,Need a password reset for a staff member,Yes
BOT-00386,2025-12-21 21:15,2025-12-21 21:22,ACC-0887,Small,Rota,Password reset,Password reset email not arriving,Yes
BOT-00387,2025-12-22 10:45,2025-12-22 10:54,ACC-0440,Small,Timesheets,Rota publishing,Published rota not showing for staff,Yes
BOT-00388,2025-12-22 12:00,2025-12-22 12:15,ACC-0225,Small,Rota,Invoice copy,Need VAT invoice for finance,Yes
BOT-00389,2025-12-22 21:35,2025-12-22 21:47,ACC-0239,Enterprise,Rota,Mobile app crash,iOS app closes on login,Yes
BOT-00390,2025-12-23 03:59,2025-12-23 04:13,ACC-0686,Small,Payroll Connect,API error,API returning 500 on shifts endpoint,Yes
BOT-00391,2025-12-23 11:33,2025-12-23 11:42,ACC-0785,Small,Rota,Mobile app crash,iOS app closes on login,No
BOT-00392,2025-12-23 23:10,2025-12-23 23:22,ACC-0058,Mid,Timesheets,Mobile app crash,App crashes when opening the rota,Yes
BOT-00393,2025-12-24 21:17,2025-12-24 21:31,ACC-0423,Small,Rota,Shift swap not working,Shift swap requests stuck pending,Yes
BOT-00394,2025-12-24 22:33,2025-12-24 22:41,ACC-0608,Small,Timesheets,Clock-in error,Geofence blocking clock-in for remote staff,Yes
BOT-00395,2025-12-25 04:07,2025-12-25 04:15,ACC-0872,Mid,Timesheets,Timesheet approval,Managers can't approve timesheets,Yes
BOT-00396,2025-12-25 04:08,2025-12-25 04:21,ACC-0745,Small,Payroll Connect,Timesheet approval,Approved timesheets reverting to draft,No
BOT-00397,2025-12-25 06:12,2025-12-25 06:25,ACC-0870,Small,Payroll Connect,Billing question,Question about our latest invoice,Yes
BOT-00398,2025-12-25 10:50,2025-12-25 11:01,ACC-0704,Enterprise,Rota,Rota publishing,Published rota not showing for staff,Yes
BOT-00399,2025-12-25 13:17,2025-12-25 13:21,ACC-0041,Small,Payroll Connect,API error,Webhook payload missing employee ID,No
BOT-00400,2025-12-25 20:52,2025-12-25 21:02,ACC-0845,Small,Payroll Connect,Export to payroll failed,Payroll export failed this morning,Yes
BOT-00401,2025-12-26 00:16,2025-12-26 00:31,ACC-0264,Small,Rota,Add users,How do I add new starters to the rota,No
BOT-00402,2025-12-26 05:06,2025-12-26 05:21,ACC-0567,Small,Rota,Add users,Bulk add 40 users from a spreadsheet,No
BOT-00403,2025-12-26 14:41,2025-12-26 14:45,ACC-0631,Mid,Rota,Add users,How do I add new starters to the rota,Yes
BOT-00404,2025-12-26 22:56,2025-12-26 23:00,ACC-0479,Mid,Rota,Report request,How do I report on hours by site,No
BOT-00405,2025-12-26 23:44,2025-12-26 23:50,ACC-0879,Mid,Payroll Connect,Billing question,Why did our bill go up this month,Yes
BOT-00406,2025-12-27 06:04,2025-12-27 06:18,ACC-0538,Mid,Timesheets,Timesheet approval,Managers can't approve timesheets,Yes
BOT-00407,2025-12-27 06:11,2025-12-27 06:16,ACC-0104,Enterprise,Rota,Notifications not received,Staff not getting shift notifications,No
BOT-00408,2025-12-27 22:17,2025-12-27 22:29,ACC-0308,Mid,Payroll Connect,Export to payroll failed,Export to Sage payroll missing overtime hours,No
BOT-00409,2025-12-28 00:55,2025-12-28 01:10,ACC-0215,Small,Payroll Connect,Login issue,Login keeps failing for our managers,No
BOT-00410,2025-12-28 14:42,2025-12-28 14:57,ACC-0212,Mid,Timesheets,Password reset,Password reset email not arriving,Yes
BOT-00411,2025-12-28 16:28,2025-12-28 16:40,ACC-0312,Small,Payroll Connect,API error,Webhook payload missing employee ID,No
BOT-00412,2025-12-28 16:55,2025-12-28 17:07,ACC-0848,Small,Payroll Connect,Timesheet approval,Approved timesheets reverting to draft,Yes
BOT-00413,2025-12-29 02:19,2025-12-29 02:28,ACC-0272,Mid,Timesheets,Invoice copy,Please send a copy of invoice for March,Yes
BOT-00414,2025-12-29 04:18,2025-12-29 04:24,ACC-0280,Small,Timesheets,Clock-in error,Geofence blocking clock-in for remote staff,No
BOT-00415,2025-12-29 12:26,2025-12-29 12:36,ACC-0277,Mid,Rota,Password reset,Password reset email not arriving,Yes
BOT-00416,2025-12-29 16:10,2025-12-29 16:25,ACC-0327,Small,Payroll Connect,Payroll mapping,Holiday pay mapped to wrong code in export,Yes
BOT-00417,2025-12-29 18:53,2025-12-29 18:57,ACC-0223,Small,Timesheets,Password reset,Need a password reset for a staff member,Yes
BOT-00418,2025-12-29 23:43,2025-12-29 23:51,ACC-0461,Small,Payroll Connect,API error,API returning 500 on shifts endpoint,Yes
BOT-00419,2025-12-30 05:27,2025-12-30 05:31,ACC-0595,Small,Timesheets,Invoice copy,Please send a copy of invoice for March,Yes
BOT-00420,2025-12-30 06:18,2025-12-30 06:21,ACC-0112,Mid,Payroll Connect,Export to payroll failed,Export to Sage payroll missing overtime hours,Yes
BOT-00421,2025-12-30 18:55,2025-12-30 18:57,ACC-0166,Small,Payroll Connect,Export to payroll failed,Export to Sage payroll missing overtime hours,No
BOT-00422,2025-12-31 01:54,2025-12-31 02:07,ACC-0183,Small,Rota,Rota publishing,Rota changes not saving before publish,No
BOT-00423,2025-12-31 10:53,2025-12-31 11:08,ACC-0226,Mid,Rota,Login issue,Locked out after password change,Yes
BOT-00424,2025-12-31 11:52,2025-12-31 11:54,ACC-0154,Small,Rota,Rota publishing,Published rota not showing for staff,Yes
BOT-00425,2025-12-31 12:32,2025-12-31 12:45,ACC-0448,Small,Rota,Shift swap not working,Staff can't swap shifts in the app,Yes
BOT-00426,2025-12-31 12:41,2025-12-31 12:50,ACC-0888,Mid,Payroll Connect,Payroll mapping,Holiday pay mapped to wrong code in export,No
BOT-00427,2025-12-31 14:41,2025-12-31 14:55,ACC-0750,Mid,Rota,Billing question,Question about our latest invoice,Yes
BOT-00428,2025-12-31 22:08,2025-12-31 22:13,ACC-0427,Mid,Rota,Password reset,Password reset email not arriving,Yes
BOT-00429,2025-12-31 22:30,2025-12-31 22:44,ACC-0306,Small,Rota,Notifications not received,Push notifications stopped on Android,Yes
BOT-00430,2026-01-01 08:44,2026-01-01 08:55,ACC-0820,Small,Timesheets,Password reset,Password reset email not arriving,Yes
BOT-00431,2026-01-01 13:36,2026-01-01 13:42,ACC-0524,Enterprise,Rota,Rota publishing,Published rota not showing for staff,No
BOT-00432,2026-01-01 16:47,2026-01-01 16:51,ACC-0410,Small,Timesheets,Mobile app crash,iOS app closes on login,Yes
BOT-00433,2026-01-01 20:05,2026-01-01 20:14,ACC-0032,Enterprise,Rota,Report request,Need a labour cost report by week,Yes
BOT-00434,2026-01-02 01:47,2026-01-02 01:58,ACC-0254,Small,Rota,Timesheet approval,Managers can't approve timesheets,Yes
BOT-00435,2026-01-02 05:46,2026-01-02 05:49,ACC-0287,Enterprise,Rota,Notifications not received,Staff not getting shift notifications,Yes
BOT-00436,2026-01-02 06:42,2026-01-02 06:57,ACC-0610,Mid,Timesheets,Clock-in error,Clock-in error at the Leeds site,Yes
BOT-00437,2026-01-02 09:05,2026-01-02 09:16,ACC-0412,Mid,Rota,Shift swap not working,Staff can't swap shifts in the app,No
BOT-00438,2026-01-02 11:59,2026-01-02 12:09,ACC-0844,Mid,Rota,Billing question,Question about our latest invoice,Yes
BOT-00439,2026-01-02 15:37,2026-01-02 15:49,ACC-0817,Small,Rota,Report request,Need a labour cost report by week,No
BOT-00440,2026-01-02 20:24,2026-01-02 20:39,ACC-0792,Mid,Timesheets,Password reset,Need a password reset for a staff member,Yes
BOT-00441,2026-01-02 21:44,2026-01-02 21:50,ACC-0078,Mid,Timesheets,Clock-in error,Clock-in error at the Leeds site,Yes
BOT-00442,2026-01-02 21:44,2026-01-02 21:49,ACC-0884,Small,Rota,SSO,Single sign-on redirect loop for all users,Yes
BOT-00443,2026-01-03 02:01,2026-01-03 02:04,ACC-0678,Small,Rota,Rota publishing,Rota changes not saving before publish,Yes
BOT-00444,2026-01-03 03:04,2026-01-03 03:16,ACC-0240,Small,Timesheets,API error,API returning 500 on shifts endpoint,Yes
BOT-00445,2026-01-03 11:38,2026-01-03 11:53,ACC-0219,Enterprise,Timesheets,Password reset,Password reset email not arriving,Yes
BOT-00446,2026-01-03 20:33,2026-01-03 20:43,ACC-0383,Small,Payroll Connect,Export to payroll failed,Export to Sage payroll missing overtime hours,Yes
BOT-00447,2026-01-04 04:35,2026-01-04 04:37,ACC-0900,Mid,Rota,Cancel subscription,We'd like to cancel our subscription,No
BOT-00448,2026-01-04 06:38,2026-01-04 06:40,ACC-0182,Enterprise,Payroll Connect,Export to payroll failed,Payroll export failed this morning,Yes
BOT-00449,2026-01-04 08:41,2026-01-04 08:51,ACC-0781,Enterprise,Rota,Add users,How do I add new starters to the rota,Yes
BOT-00450,2026-01-04 09:39,2026-01-04 09:51,ACC-0641,Small,Rota,Login issue,Can't log in to Larkspur,Yes
BOT-00451,2026-01-04 15:55,2026-01-04 16:00,ACC-0064,Small,Payroll Connect,Password reset,Password reset email not arriving,Yes
BOT-00452,2026-01-05 00:36,2026-01-05 00:51,ACC-0585,Small,Payroll Connect,Export to payroll failed,Export to Sage payroll missing overtime hours,Yes
BOT-00453,2026-01-05 01:29,2026-01-05 01:31,ACC-0329,Mid,Timesheets,Data import,Import of staff list failing on row 12,Yes
BOT-00454,2026-01-05 05:44,2026-01-05 05:59,ACC-0094,Small,Rota,Login issue,Can't log in to Larkspur,Yes
BOT-00455,2026-01-05 09:59,2026-01-05 10:14,ACC-0062,Small,Timesheets,Clock-in error,Geofence blocking clock-in for remote staff,Yes
BOT-00456,2026-01-05 13:14,2026-01-05 13:21,ACC-0527,Mid,Timesheets,Data import,Import of staff list failing on row 12,Yes
BOT-00457,2026-01-05 18:21,2026-01-05 18:27,ACC-0281,Small,Rota,Login issue,Can't log in to Larkspur,No
BOT-00458,2026-01-05 18:35,2026-01-05 18:43,ACC-0105,Mid,Rota,SSO,SSO login stopped working with Azure AD,Yes
BOT-00459,2026-01-05 23:20,2026-01-05 23:35,ACC-0361,Enterprise,Rota,Shift swap not working,Staff can't swap shifts in the app,Yes
BOT-00460,2026-01-06 03:01,2026-01-06 03:15,ACC-0392,Small,Payroll Connect,Password reset,Need a password reset for a staff member,Yes
BOT-00461,2026-01-06 04:52,2026-01-06 04:54,ACC-0569,Small,Rota,Add users,Bulk add 40 users from a spreadsheet,Yes
BOT-00462,2026-01-06 08:30,2026-01-06 08:45,ACC-0793,Small,Rota,Notifications not received,Staff not getting shift notifications,No
BOT-00463,2026-01-06 19:47,2026-01-06 19:55,ACC-0728,Mid,Timesheets,Timesheet approval,Managers can't approve timesheets,Yes
BOT-00464,2026-01-06 21:24,2026-01-06 21:34,ACC-0150,Mid,Rota,Invoice copy,Please send a copy of invoice for March,Yes
BOT-00465,2026-01-07 03:05,2026-01-07 03:07,ACC-0775,Small,Timesheets,Clock-in error,Geofence blocking clock-in for remote staff,Yes
BOT-00466,2026-01-07 05:26,2026-01-07 05:31,ACC-0228,Enterprise,Rota,Billing question,Question about our latest invoice,Yes
BOT-00467,2026-01-07 13:00,2026-01-07 13:07,ACC-0368,Mid,Timesheets,Invoice copy,Need VAT invoice for finance,No
BOT-00468,2026-01-07 22:47,2026-01-07 22:58,ACC-0605,Small,Rota,Rota publishing,Rota changes not saving before publish,Yes
BOT-00469,2026-01-08 06:57,2026-01-08 06:59,ACC-0028,Small,Timesheets,Timesheet approval,Approved timesheets reverting to draft,Yes
BOT-00470,2026-01-08 12:34,2026-01-08 12:45,ACC-0632,Enterprise,Rota,Add users,How do I add new starters to the rota,Yes
BOT-00471,2026-01-09 02:28,2026-01-09 02:32,ACC-0245,Mid,Timesheets,Report request,Need a labour cost report by week,Yes
BOT-00472,2026-01-09 03:02,2026-01-09 03:05,ACC-0634,Mid,Timesheets,Timesheet approval,Managers can't approve timesheets,Yes
BOT-00473,2026-01-09 11:52,2026-01-09 11:54,ACC-0449,Small,Rota,Password reset,Password reset email not arriving,Yes
BOT-00474,2026-01-09 12:28,2026-01-09 12:30,ACC-0684,Small,Payroll Connect,Data import,Import of staff list failing on row 12,No
BOT-00475,2026-01-09 12:56,2026-01-09 13:07,ACC-0500,Small,Timesheets,Login issue,Can't log in to Larkspur,Yes
BOT-00476,2026-01-09 13:24,2026-01-09 13:39,ACC-0249,Enterprise,Payroll Connect,Export to payroll failed,Payroll export failed this morning,Yes
BOT-00477,2026-01-09 17:09,2026-01-09 17:18,ACC-0117,Small,Payroll Connect,Export to payroll failed,Export to Sage payroll missing overtime hours,Yes
BOT-00478,2026-01-09 20:46,2026-01-09 20:58,ACC-0289,Small,Payroll Connect,Login issue,Locked out after password change,Yes
BOT-00479,2026-01-10 07:50,2026-01-10 07:54,ACC-0020,Mid,Timesheets,Mobile app crash,App crashes when opening the rota,Yes
BOT-00480,2026-01-10 13:26,2026-01-10 13:40,ACC-0873,Mid,Rota,Password reset,Need a password reset for a staff member,Yes
BOT-00481,2026-01-10 18:24,2026-01-10 18:35,ACC-0234,Small,Timesheets,Payroll mapping,Pay codes mapping wrong in payroll file,Yes
BOT-00482,2026-01-10 19:39,2026-01-10 19:46,ACC-0004,Small,Timesheets,Clock-in error,Clock-in error at the Leeds site,Yes
BOT-00483,2026-01-11 00:55,2026-01-11 01:01,ACC-0332,Mid,Rota,Add users,Bulk add 40 users from a spreadsheet,No
BOT-00484,2026-01-11 20:02,2026-01-11 20:07,ACC-0121,Enterprise,Payroll Connect,Export to payroll failed,Payroll export failed this morning,No
BOT-00485,2026-01-11 21:34,2026-01-11 21:47,ACC-0837,Small,Rota,Billing question,Question about our latest invoice,Yes
BOT-00486,2026-01-11 22:59,2026-01-11 23:06,ACC-0089,Small,Payroll Connect,Export to payroll failed,Export to Sage payroll missing overtime hours,Yes
BOT-00487,2026-01-11 23:11,2026-01-11 23:25,ACC-0506,Enterprise,Rota,Shift swap not working,Shift swap requests stuck pending,Yes
BOT-00488,2026-01-12 02:52,2026-01-12 02:55,ACC-0268,Small,Rota,Login issue,Login keeps failing for our managers,Yes
BOT-00489,2026-01-12 06:54,2026-01-12 06:58,ACC-0655,Small,Timesheets,Report request,How do I report on hours by site,No
BOT-00490,2026-01-12 08:05,2026-01-12 08:12,ACC-0801,Small,Rota,Data import,CSV import ignoring contract hours,Yes
BOT-00491,2026-01-12 18:16,2026-01-12 18:19,ACC-0703,Mid,Rota,Data import,Import of staff list failing on row 12,Yes
BOT-00492,2026-01-12 21:30,2026-01-12 21:37,ACC-0021,Small,Timesheets,Data import,Import of staff list failing on row 12,Yes
BOT-00493,2026-01-12 23:00,2026-01-12 23:04,ACC-0578,Enterprise,Payroll Connect,SSO,Single sign-on redirect loop for all users,Yes
BOT-00494,2026-01-13 05:53,2026-01-13 05:57,ACC-0773,Small,Timesheets,Timesheet approval,Managers can't approve timesheets,Yes
BOT-00495,2026-01-13 13:46,2026-01-13 13:59,ACC-0378,Small,Rota,SSO,SSO login stopped working with Azure AD,Yes
BOT-00496,2026-01-13 17:33,2026-01-13 17:41,ACC-0300,Enterprise,Payroll Connect,Rota publishing,Published rota not showing for staff,Yes
BOT-00497,2026-01-14 04:58,2026-01-14 05:06,ACC-0599,Mid,Rota,Password reset,Need a password reset for a staff member,No
BOT-00498,2026-01-14 16:02,2026-01-14 16:17,ACC-0083,Small,Rota,Password reset,Password reset email not arriving,Yes
BOT-00499,2026-01-14 20:29,2026-01-14 20:32,ACC-0774,Enterprise,Payroll Connect,SSO,Single sign-on redirect loop for all users,No
BOT-00500,2026-01-14 21:49,2026-01-14 22:02,ACC-0620,Mid,Timesheets,Billing question,Why did our bill go up this month,No
BOT-00501,2026-01-15 01:00,2026-01-15 01:04,ACC-0663,Small,Payroll Connect,Report request,Need a labour cost report by week,Yes
BOT-00502,2026-01-15 07:38,2026-01-15 07:40,ACC-0125,Enterprise,Payroll Connect,Export to payroll failed,Payroll export failed this morning,Yes
BOT-00503,2026-01-15 12:19,2026-01-15 12:28,ACC-0061,Mid,Payroll Connect,API error,API returning 500 on shifts endpoint,Yes
BOT-00504,2026-01-15 16:57,2026-01-15 17:09,ACC-0862,Small,Rota,Clock-in error,Clock-in error at the Leeds site,Yes
BOT-00505,2026-01-15 19:37,2026-01-15 19:50,ACC-0413,Enterprise,Payroll Connect,Timesheet approval,Managers can't approve timesheets,Yes
BOT-00506,2026-01-16 02:42,2026-01-16 02:48,ACC-0168,Mid,Rota,Notifications not received,Staff not getting shift notifications,Yes
BOT-00507,2026-01-16 04:40,2026-01-16 04:44,ACC-0474,Mid,Payroll Connect,Shift swap not working,Shift swap requests stuck pending,Yes
BOT-00508,2026-01-16 19:17,2026-01-16 19:27,ACC-0722,Small,Rota,Shift swap not working,Shift swap requests stuck pending,Yes
BOT-00509,2026-01-16 22:30,2026-01-16 22:40,ACC-0101,Small,Rota,Billing question,Why did our bill go up this month,Yes
BOT-00510,2026-01-17 02:27,2026-01-17 02:42,ACC-0633,Mid,Rota,Add users,Bulk add 40 users from a spreadsheet,Yes
BOT-00511,2026-01-17 05:33,2026-01-17 05:36,ACC-0806,Mid,Rota,Rota publishing,Published rota not showing for staff,Yes
BOT-00512,2026-01-17 09:57,2026-01-17 10:08,ACC-0725,Small,Payroll Connect,Export to payroll failed,Payroll export failed this morning,No
BOT-00513,2026-01-17 11:09,2026-01-17 11:22,ACC-0317,Small,Payroll Connect,Invoice copy,Need VAT invoice for finance,No
BOT-00514,2026-01-17 16:26,2026-01-17 16:38,ACC-0114,Mid,Timesheets,Mobile app crash,iOS app closes on login,Yes
BOT-00515,2026-01-18 01:28,2026-01-18 01:33,ACC-0345,Mid,Timesheets,Report request,Need a labour cost report by week,No
BOT-00516,2026-01-18 05:45,2026-01-18 05:54,ACC-0316,Small,Payroll Connect,Data import,Import of staff list failing on row 12,No
BOT-00517,2026-01-18 14:22,2026-01-18 14:30,ACC-0688,Mid,Payroll Connect,Export to payroll failed,Payroll export failed this morning,Yes
BOT-00518,2026-01-18 18:53,2026-01-18 19:08,ACC-0834,Mid,Timesheets,Notifications not received,Push notifications stopped on Android,Yes
BOT-00519,2026-01-18 21:47,2026-01-18 22:02,ACC-0206,Enterprise,Rota,Login issue,Login keeps failing for our managers,No
BOT-00520,2026-01-19 04:10,2026-01-19 04:24,ACC-0856,Small,Payroll Connect,Timesheet approval,Approved timesheets reverting to draft,Yes
BOT-00521,2026-01-19 12:52,2026-01-19 13:04,ACC-0551,Mid,Rota,Mobile app crash,App crashes when opening the rota,Yes
BOT-00522,2026-01-19 13:15,2026-01-19 13:30,ACC-0159,Mid,Timesheets,Timesheet approval,Approved timesheets reverting to draft,Yes
BOT-00523,2026-01-19 13:42,2026-01-19 13:52,ACC-0024,Mid,Timesheets,Clock-in error,Geofence blocking clock-in for remote staff,Yes
BOT-00524,2026-01-19 16:49,2026-01-19 16:58,ACC-0779,Small,Payroll Connect,Payroll mapping,Pay codes mapping wrong in payroll file,Yes
BOT-00525,2026-01-19 22:29,2026-01-19 22:37,ACC-0362,Small,Rota,Report request,How do I report on hours by site,Yes
BOT-00526,2026-01-20 02:01,2026-01-20 02:14,ACC-0403,Mid,Rota,Billing question,Why did our bill go up this month,Yes
BOT-00527,2026-01-20 05:54,2026-01-20 06:02,ACC-0229,Mid,Timesheets,Clock-in error,Geofence blocking clock-in for remote staff,Yes
BOT-00528,2026-01-20 14:02,2026-01-20 14:05,ACC-0146,Small,Timesheets,Login issue,Can't log in to Larkspur,Yes
BOT-00529,2026-01-20 16:34,2026-01-20 16:41,ACC-0654,Mid,Payroll Connect,API error,API returning 500 on shifts endpoint,Yes
BOT-00530,2026-01-20 17:40,2026-01-20 17:47,ACC-0348,Small,Payroll Connect,SSO,Single sign-on redirect loop for all users,Yes
BOT-00531,2026-01-20 20:21,2026-01-20 20:23,ACC-0892,Small,Payroll Connect,Rota publishing,Published rota not showing for staff,Yes
BOT-00532,2026-01-20 23:10,2026-01-20 23:14,ACC-0589,Small,Rota,Notifications not received,Push notifications stopped on Android,Yes
BOT-00533,2026-01-21 03:58,2026-01-21 04:05,ACC-0877,Mid,Timesheets,Invoice copy,Please send a copy of invoice for March,No
BOT-00534,2026-01-21 11:56,2026-01-21 12:06,ACC-0128,Mid,Timesheets,Clock-in error,Clock-in error at the Leeds site,Yes
BOT-00535,2026-01-21 15:23,2026-01-21 15:29,ACC-0827,Small,Payroll Connect,API error,Webhook payload missing employee ID,Yes
BOT-00536,2026-01-21 16:05,2026-01-21 16:11,ACC-0713,Small,Rota,Rota publishing,Rota changes not saving before publish,Yes
BOT-00537,2026-01-22 02:44,2026-01-22 02:57,ACC-0103,Mid,Payroll Connect,API error,Webhook payload missing employee ID,Yes
BOT-00538,2026-01-22 10:23,2026-01-22 10:25,ACC-0122,Mid,Rota,SSO,Single sign-on redirect loop for all users,No
BOT-00539,2026-01-22 13:06,2026-01-22 13:09,ACC-0042,Small,Rota,Password reset,Need a password reset for a staff member,Yes
BOT-00540,2026-01-22 14:00,2026-01-22 14:07,ACC-0213,Enterprise,Timesheets,Cancel subscription,We'd like to cancel our subscription,Yes
BOT-00541,2026-01-22 14:28,2026-01-22 14:34,ACC-0576,Small,Timesheets,Password reset,Need a password reset for a staff member,No
BOT-00542,2026-01-22 22:59,2026-01-22 23:07,ACC-0302,Mid,Rota,Password reset,Need a password reset for a staff member,Yes
BOT-00543,2026-01-23 01:26,2026-01-23 01:30,ACC-0604,Enterprise,Rota,Login issue,Locked out after password change,Yes
BOT-00544,2026-01-23 09:11,2026-01-23 09:16,ACC-0434,Small,Rota,Rota publishing,Rota changes not saving before publish,Yes
BOT-00545,2026-01-23 13:57,2026-01-23 14:03,ACC-0446,Small,Timesheets,Invoice copy,Need VAT invoice for finance,No
BOT-00546,2026-01-23 15:02,2026-01-23 15:08,ACC-0250,Small,Timesheets,Report request,Need a labour cost report by week,Yes
BOT-00547,2026-01-23 23:22,2026-01-23 23:34,ACC-0731,Small,Rota,Data import,Import of staff list failing on row 12,No
BOT-00548,2026-01-24 11:13,2026-01-24 11:20,ACC-0026,Enterprise,Rota,SSO,SSO login stopped working with Azure AD,Yes
BOT-00549,2026-01-24 12:04,2026-01-24 12:18,ACC-0596,Mid,Rota,Shift swap not working,Shift swap requests stuck pending,No
BOT-00550,2026-01-25 12:26,2026-01-25 12:41,ACC-0076,Mid,Payroll Connect,Export to payroll failed,Export to Sage payroll missing overtime hours,Yes
BOT-00551,2026-01-25 14:16,2026-01-25 14:29,ACC-0700,Small,Payroll Connect,Rota publishing,Rota changes not saving before publish,No
BOT-00552,2026-01-25 23:58,2026-01-26 00:00,ACC-0296,Enterprise,Rota,Login issue,Login keeps failing for our managers,Yes
BOT-00553,2026-01-26 03:29,2026-01-26 03:36,ACC-0790,Enterprise,Timesheets,Clock-in error,Geofence blocking clock-in for remote staff,Yes
BOT-00554,2026-01-26 06:40,2026-01-26 06:52,ACC-0204,Enterprise,Payroll Connect,Invoice copy,Please send a copy of invoice for March,Yes
BOT-00555,2026-01-26 09:32,2026-01-26 09:41,ACC-0562,Mid,Rota,SSO,Single sign-on redirect loop for all users,Yes
BOT-00556,2026-01-26 19:08,2026-01-26 19:23,ACC-0222,Mid,Timesheets,Report request,How do I report on hours by site,Yes
BOT-00557,2026-01-26 22:02,2026-01-26 22:09,ACC-0134,Small,Rota,Notifications not received,Staff not getting shift notifications,Yes
BOT-00558,2026-01-27 07:46,2026-01-27 07:57,ACC-0714,Mid,Payroll Connect,Login issue,Can't log in to Larkspur,Yes
BOT-00559,2026-01-27 20:20,2026-01-27 20:24,ACC-0734,Small,Timesheets,Invoice copy,Please send a copy of invoice for March,Yes
BOT-00560,2026-01-27 21:35,2026-01-27 21:38,ACC-0711,Enterprise,Rota,Shift swap not working,Shift swap requests stuck pending,Yes
BOT-00561,2026-01-28 11:22,2026-01-28 11:33,ACC-0411,Small,Timesheets,Timesheet approval,Managers can't approve timesheets,Yes
BOT-00562,2026-01-28 13:33,2026-01-28 13:41,ACC-0637,Mid,Rota,Password reset,Need a password reset for a staff member,Yes
BOT-00563,2026-01-28 16:18,2026-01-28 16:29,ACC-0487,Small,Rota,Add users,Bulk add 40 users from a spreadsheet,Yes
BOT-00564,2026-01-28 17:38,2026-01-28 17:48,ACC-0767,Small,Payroll Connect,Data import,Import of staff list failing on row 12,No
BOT-00565,2026-01-29 07:02,2026-01-29 07:16,ACC-0686,Small,Payroll Connect,Export to payroll failed,Export to Sage payroll missing overtime hours,Yes
BOT-00566,2026-01-29 12:13,2026-01-29 12:18,ACC-0533,Mid,Timesheets,Billing question,Question about our latest invoice,Yes
BOT-00567,2026-01-29 19:26,2026-01-29 19:30,ACC-0155,Enterprise,Timesheets,Billing question,Why did our bill go up this month,Yes
BOT-00568,2026-01-29 20:36,2026-01-29 20:51,ACC-0586,Mid,Payroll Connect,Timesheet approval,Approved timesheets reverting to draft,Yes
BOT-00569,2026-01-29 20:41,2026-01-29 20:51,ACC-0330,Enterprise,Payroll Connect,Password reset,Password reset email not arriving,Yes
BOT-00570,2026-01-29 23:38,2026-01-29 23:45,ACC-0667,Mid,Payroll Connect,Report request,Need a labour cost report by week,No
BOT-00571,2026-01-30 03:01,2026-01-30 03:13,ACC-0485,Small,Payroll Connect,Login issue,Locked out after password change,No
BOT-00572,2026-01-30 04:37,2026-01-30 04:39,ACC-0851,Small,Rota,Mobile app crash,iOS app closes on login,No
BOT-00573,2026-01-30 15:35,2026-01-30 15:44,ACC-0080,Small,Rota,Shift swap not working,Staff can't swap shifts in the app,Yes
BOT-00574,2026-01-30 18:51,2026-01-30 19:02,ACC-0513,Mid,Timesheets,Mobile app crash,iOS app closes on login,Yes
BOT-00575,2026-01-31 13:23,2026-01-31 13:37,ACC-0242,Mid,Timesheets,Add users,Bulk add 40 users from a spreadsheet,Yes
BOT-00576,2026-01-31 17:25,2026-01-31 17:27,ACC-0419,Small,Rota,Login issue,Locked out after password change,Yes
BOT-00577,2026-02-01 00:40,2026-02-01 00:48,ACC-0220,Mid,Timesheets,Notifications not received,Push notifications stopped on Android,No
BOT-00578,2026-02-01 03:02,2026-02-01 03:07,ACC-0085,Small,Payroll Connect,Export to payroll failed,Payroll export failed this morning,Yes
BOT-00579,2026-02-01 08:35,2026-02-01 08:38,ACC-0477,Mid,Payroll Connect,Login issue,Locked out after password change,Yes
BOT-00580,2026-02-01 14:14,2026-02-01 14:20,ACC-0418,Mid,Timesheets,Invoice copy,Please send a copy of invoice for March,Yes
BOT-00581,2026-02-01 19:44,2026-02-01 19:52,ACC-0409,Small,Rota,Add users,Bulk add 40 users from a spreadsheet,Yes
BOT-00582,2026-02-02 02:20,2026-02-02 02:26,ACC-0043,Mid,Rota,Add users,How do I add new starters to the rota,Yes
BOT-00583,2026-02-02 05:52,2026-02-02 06:00,ACC-0442,Small,Rota,Clock-in error,Clock-in error at the Leeds site,Yes
BOT-00584,2026-02-02 14:27,2026-02-02 14:30,ACC-0401,Enterprise,Rota,Password reset,Need a password reset for a staff member,Yes
BOT-00585,2026-02-02 20:28,2026-02-02 20:43,ACC-0130,Mid,Timesheets,Clock-in error,Geofence blocking clock-in for remote staff,Yes
BOT-00586,2026-02-02 23:38,2026-02-02 23:45,ACC-0041,Small,Payroll Connect,Login issue,Login keeps failing for our managers,Yes
BOT-00587,2026-02-03 04:15,2026-02-03 04:30,ACC-0186,Enterprise,Rota,Rota publishing,Published rota not showing for staff,Yes
BOT-00588,2026-02-03 06:04,2026-02-03 06:07,ACC-0138,Enterprise,Payroll Connect,Password reset,Need a password reset for a staff member,No
BOT-00589,2026-02-03 11:10,2026-02-03 11:17,ACC-0565,Small,Payroll Connect,Export to payroll failed,Payroll export failed this morning,Yes
BOT-00590,2026-02-03 15:30,2026-02-03 15:40,ACC-0060,Small,Payroll Connect,Payroll mapping,Holiday pay mapped to wrong code in export,No
BOT-00591,2026-02-03 18:15,2026-02-03 18:18,ACC-0388,Enterprise,Rota,Add users,Bulk add 40 users from a spreadsheet,No
BOT-00592,2026-02-04 04:04,2026-02-04 04:19,ACC-0782,Mid,Timesheets,Login issue,Login keeps failing for our managers,Yes
BOT-00593,2026-02-04 09:34,2026-02-04 09:37,ACC-0081,Small,Rota,SSO,Single sign-on redirect loop for all users,Yes
BOT-00594,2026-02-04 12:31,2026-02-04 12:40,ACC-0489,Mid,Timesheets,Mobile app crash,App crashes when opening the rota,Yes
BOT-00595,2026-02-04 12:48,2026-02-04 12:51,ACC-0166,Small,Payroll Connect,Invoice copy,Need VAT invoice for finance,Yes
BOT-00596,2026-02-04 13:44,2026-02-04 13:50,ACC-0277,Mid,Rota,Add users,How do I add new starters to the rota,Yes
BOT-00597,2026-02-04 14:35,2026-02-04 14:41,ACC-0262,Small,Payroll Connect,API error,Webhook payload missing employee ID,No
BOT-00598,2026-02-04 15:13,2026-02-04 15:23,ACC-0788,Enterprise,Rota,Mobile app crash,iOS app closes on login,Yes
BOT-00599,2026-02-05 06:05,2026-02-05 06:07,ACC-0820,Small,Timesheets,Invoice copy,Need VAT invoice for finance,Yes
BOT-00600,2026-02-05 19:59,2026-02-05 20:08,ACC-0404,Small,Rota,Clock-in error,Clock-in error at the Leeds site,No
BOT-00601,2026-02-05 21:10,2026-02-05 21:24,ACC-0480,Enterprise,Payroll Connect,Export to payroll failed,Export to Sage payroll missing overtime hours,Yes
BOT-00602,2026-02-05 23:11,2026-02-05 23:14,ACC-0778,Small,Rota,Data import,CSV import ignoring contract hours,Yes
BOT-00603,2026-02-06 07:17,2026-02-06 07:19,ACC-0652,Small,Timesheets,SSO,Single sign-on redirect loop for all users,Yes
BOT-00604,2026-02-06 08:37,2026-02-06 08:42,ACC-0611,Small,Timesheets,Data import,CSV import ignoring contract hours,No
BOT-00605,2026-02-06 11:00,2026-02-06 11:04,ACC-0530,Mid,Timesheets,Timesheet approval,Approved timesheets reverting to draft,Yes
BOT-00606,2026-02-06 12:53,2026-02-06 13:01,ACC-0169,Mid,Rota,Invoice copy,Need VAT invoice for finance,Yes
BOT-00607,2026-02-06 16:50,2026-02-06 17:02,ACC-0460,Small,Payroll Connect,Rota publishing,Published rota not showing for staff,Yes
BOT-00608,2026-02-06 20:39,2026-02-06 20:53,ACC-0543,Small,Payroll Connect,Shift swap not working,Staff can't swap shifts in the app,Yes
BOT-00609,2026-02-07 19:56,2026-02-07 20:06,ACC-0431,Mid,Rota,Login issue,Locked out after password change,Yes
BOT-00610,2026-02-08 00:06,2026-02-08 00:17,ACC-0567,Small,Rota,Rota publishing,Rota changes not saving before publish,Yes
BOT-00611,2026-02-08 09:15,2026-02-08 09:20,ACC-0350,Mid,Timesheets,Login issue,Login keeps failing for our managers,Yes
BOT-00612,2026-02-09 06:23,2026-02-09 06:27,ACC-0153,Small,Timesheets,Password reset,Need a password reset for a staff member,Yes
BOT-00613,2026-02-09 14:04,2026-02-09 14:19,ACC-0859,Small,Rota,Shift swap not working,Staff can't swap shifts in the app,No
BOT-00614,2026-02-09 20:21,2026-02-09 20:23,ACC-0453,Mid,Payroll Connect,Payroll mapping,Pay codes mapping wrong in payroll file,Yes
BOT-00615,2026-02-10 07:26,2026-02-10 07:28,ACC-0196,Enterprise,Timesheets,Clock-in error,Clock-in error at the Leeds site,Yes
BOT-00616,2026-02-10 11:28,2026-02-10 11:35,ACC-0752,Enterprise,Rota,Invoice copy,Need VAT invoice for finance,Yes
BOT-00617,2026-02-10 23:18,2026-02-10 23:26,ACC-0112,Mid,Payroll Connect,Billing question,Question about our latest invoice,Yes
BOT-00618,2026-02-11 06:08,2026-02-11 06:10,ACC-0383,Small,Payroll Connect,Report request,How do I report on hours by site,Yes
BOT-00619,2026-02-11 12:02,2026-02-11 12:05,ACC-0421,Enterprise,Timesheets,Timesheet approval,Approved timesheets reverting to draft,Yes
BOT-00620,2026-02-11 12:49,2026-02-11 12:57,ACC-0507,Small,Timesheets,Password reset,Password reset email not arriving,Yes
BOT-00621,2026-02-11 17:39,2026-02-11 17:54,ACC-0512,Small,Timesheets,Timesheet approval,Approved timesheets reverting to draft,Yes
BOT-00622,2026-02-11 18:34,2026-02-11 18:38,ACC-0810,Small,Payroll Connect,Billing question,Question about our latest invoice,Yes
BOT-00623,2026-02-11 23:28,2026-02-11 23:37,ACC-0037,Mid,Payroll Connect,Data import,CSV import ignoring contract hours,Yes
BOT-00624,2026-02-12 00:04,2026-02-12 00:14,ACC-0190,Small,Timesheets,Clock-in error,Geofence blocking clock-in for remote staff,Yes
BOT-00625,2026-02-12 03:14,2026-02-12 03:28,ACC-0377,Mid,Rota,Login issue,Locked out after password change,No
BOT-00626,2026-02-12 13:39,2026-02-12 13:49,ACC-0555,Small,Payroll Connect,Invoice copy,Please send a copy of invoice for March,Yes
BOT-00627,2026-02-12 18:44,2026-02-12 18:53,ACC-0398,Small,Timesheets,Notifications not received,Staff not getting shift notifications,Yes
BOT-00628,2026-02-12 22:04,2026-02-12 22:09,ACC-0768,Small,Rota,Login issue,Locked out after password change,Yes
BOT-00629,2026-02-13 04:22,2026-02-13 04:31,ACC-0775,Small,Timesheets,Report request,Need a labour cost report by week,No
BOT-00630,2026-02-13 05:32,2026-02-13 05:40,ACC-0224,Small,Rota,Report request,Need a labour cost report by week,Yes
BOT-00631,2026-02-14 03:15,2026-02-14 03:25,ACC-0478,Enterprise,Rota,Password reset,Password reset email not arriving,Yes
BOT-00632,2026-02-14 05:31,2026-02-14 05:38,ACC-0473,Small,Rota,Rota publishing,Rota changes not saving before publish,Yes
BOT-00633,2026-02-14 05:44,2026-02-14 05:55,ACC-0738,Small,Timesheets,Invoice copy,Need VAT invoice for finance,Yes
BOT-00634,2026-02-14 13:44,2026-02-14 13:51,ACC-0056,Small,Timesheets,Clock-in error,Clock-in error at the Leeds site,Yes
BOT-00635,2026-02-14 17:40,2026-02-14 17:50,ACC-0860,Mid,Rota,SSO,SSO login stopped working with Azure AD,Yes
BOT-00636,2026-02-14 19:37,2026-02-14 19:39,ACC-0465,Small,Rota,Password reset,Password reset email not arriving,Yes
BOT-00637,2026-02-14 20:52,2026-02-14 20:57,ACC-0648,Small,Timesheets,Add users,Bulk add 40 users from a spreadsheet,No
BOT-00638,2026-02-15 12:56,2026-02-15 13:07,ACC-0671,Small,Rota,Add users,How do I add new starters to the rota,No
BOT-00639,2026-02-15 21:18,2026-02-15 21:26,ACC-0074,Small,Timesheets,Timesheet approval,Managers can't approve timesheets,Yes
BOT-00640,2026-02-16 01:11,2026-02-16 01:26,ACC-0057,Small,Rota,Login issue,Locked out after password change,Yes
BOT-00641,2026-02-16 05:59,2026-02-16 06:08,ACC-0838,Mid,Payroll Connect,Export to payroll failed,Export to Sage payroll missing overtime hours,Yes
BOT-00642,2026-02-16 07:09,2026-02-16 07:23,ACC-0230,Small,Payroll Connect,Notifications not received,Push notifications stopped on Android,Yes
BOT-00643,2026-02-16 07:48,2026-02-16 07:54,ACC-0831,Small,Rota,Password reset,Need a password reset for a staff member,No
BOT-00644,2026-02-16 07:54,2026-02-16 08:03,ACC-0113,Mid,Payroll Connect,Login issue,Can't log in to Larkspur,Yes
BOT-00645,2026-02-16 16:55,2026-02-16 17:09,ACC-0105,Mid,Rota,Billing question,Why did our bill go up this month,Yes
BOT-00646,2026-02-16 19:31,2026-02-16 19:39,ACC-0809,Mid,Rota,Login issue,Can't log in to Larkspur,No
BOT-00647,2026-02-16 19:40,2026-02-16 19:53,ACC-0554,Enterprise,Timesheets,Timesheet approval,Approved timesheets reverting to draft,Yes
BOT-00648,2026-02-16 20:34,2026-02-16 20:36,ACC-0091,Small,Timesheets,Clock-in error,Geofence blocking clock-in for remote staff,Yes
BOT-00649,2026-02-16 20:58,2026-02-16 21:12,ACC-0035,Mid,Payroll Connect,Payroll mapping,Pay codes mapping wrong in payroll file,Yes
BOT-00650,2026-02-16 20:58,2026-02-16 21:03,ACC-0609,Mid,Timesheets,Password reset,Password reset email not arriving,Yes
BOT-00651,2026-02-16 22:58,2026-02-16 23:12,ACC-0474,Mid,Payroll Connect,Payroll mapping,Pay codes mapping wrong in payroll file,Yes
BOT-00652,2026-02-17 07:51,2026-02-17 08:06,ACC-0226,Mid,Rota,Password reset,Password reset email not arriving,Yes
BOT-00653,2026-02-17 12:05,2026-02-17 12:13,ACC-0148,Small,Rota,Billing question,Why did our bill go up this month,Yes
BOT-00654,2026-02-17 14:41,2026-02-17 14:56,ACC-0201,Small,Payroll Connect,Payroll mapping,Pay codes mapping wrong in payroll file,Yes
BOT-00655,2026-02-17 17:30,2026-02-17 17:41,ACC-0239,Enterprise,Rota,Shift swap not working,Shift swap requests stuck pending,Yes
BOT-00656,2026-02-17 20:01,2026-02-17 20:16,ACC-0304,Small,Payroll Connect,Export to payroll failed,Payroll export failed this morning,Yes
BOT-00657,2026-02-17 21:01,2026-02-17 21:14,ACC-0791,Mid,Rota,Billing question,Question about our latest invoice,Yes
BOT-00658,2026-02-17 21:55,2026-02-17 22:08,ACC-0141,Small,Payroll Connect,API error,Webhook payload missing employee ID,Yes
BOT-00659,2026-02-17 23:47,2026-02-18 00:02,ACC-0668,Small,Payroll Connect,API error,Webhook payload missing employee ID,Yes
BOT-00660,2026-02-18 04:13,2026-02-18 04:19,ACC-0847,Small,Payroll Connect,Payroll mapping,Pay codes mapping wrong in payroll file,Yes
BOT-00661,2026-02-18 04:54,2026-02-18 05:03,ACC-0614,Small,Payroll Connect,Notifications not received,Push notifications stopped on Android,Yes
BOT-00662,2026-02-18 07:31,2026-02-18 07:33,ACC-0655,Small,Timesheets,Password reset,Password reset email not arriving,Yes
BOT-00663,2026-02-18 11:10,2026-02-18 11:22,ACC-0721,Mid,Timesheets,Data import,Import of staff list failing on row 12,Yes
BOT-00664,2026-02-18 15:09,2026-02-18 15:11,ACC-0707,Mid,Rota,SSO,SSO login stopped working with Azure AD,Yes
BOT-00665,2026-02-18 19:53,2026-02-18 20:07,ACC-0863,Enterprise,Rota,Report request,Need a labour cost report by week,Yes
BOT-00666,2026-02-19 00:38,2026-02-19 00:43,ACC-0369,Small,Timesheets,Password reset,Password reset email not arriving,Yes
BOT-00667,2026-02-19 03:48,2026-02-19 03:55,ACC-0163,Mid,Timesheets,Billing question,Why did our bill go up this month,Yes
BOT-00668,2026-02-19 05:41,2026-02-19 05:56,ACC-0819,Mid,Payroll Connect,Shift swap not working,Staff can't swap shifts in the app,No
BOT-00669,2026-02-19 11:57,2026-02-19 12:03,ACC-0517,Mid,Rota,Shift swap not working,Shift swap requests stuck pending,Yes
BOT-00670,2026-02-19 16:53,2026-02-19 17:03,ACC-0136,Small,Rota,Mobile app crash,iOS app closes on login,Yes
BOT-00671,2026-02-19 23:46,2026-02-19 23:54,ACC-0188,Small,Timesheets,SSO,Single sign-on redirect loop for all users,No
BOT-00672,2026-02-20 02:02,2026-02-20 02:10,ACC-0317,Small,Payroll Connect,Report request,How do I report on hours by site,Yes
BOT-00673,2026-02-20 08:22,2026-02-20 08:36,ACC-0371,Small,Rota,Billing question,Why did our bill go up this month,Yes
BOT-00674,2026-02-20 16:54,2026-02-20 17:03,ACC-0084,Mid,Payroll Connect,Clock-in error,Geofence blocking clock-in for remote staff,Yes
BOT-00675,2026-02-21 04:06,2026-02-21 04:10,ACC-0469,Small,Timesheets,Invoice copy,Need VAT invoice for finance,Yes
BOT-00676,2026-02-21 13:32,2026-02-21 13:43,ACC-0285,Small,Payroll Connect,Invoice copy,Please send a copy of invoice for March,Yes
BOT-00677,2026-02-21 15:28,2026-02-21 15:41,ACC-0528,Small,Payroll Connect,Rota publishing,Rota changes not saving before publish,Yes
BOT-00678,2026-02-21 17:22,2026-02-21 17:26,ACC-0227,Enterprise,Rota,Add users,Bulk add 40 users from a spreadsheet,Yes
BOT-00679,2026-02-21 20:46,2026-02-21 20:56,ACC-0282,Enterprise,Rota,Login issue,Can't log in to Larkspur,Yes
BOT-00680,2026-02-21 21:55,2026-02-21 22:05,ACC-0496,Mid,Timesheets,Mobile app crash,iOS app closes on login,No
BOT-00681,2026-02-22 02:11,2026-02-22 02:19,ACC-0814,Enterprise,Timesheets,Add users,Bulk add 40 users from a spreadsheet,Yes
BOT-00682,2026-02-22 02:35,2026-02-22 02:48,ACC-0145,Mid,Timesheets,Clock-in error,Geofence blocking clock-in for remote staff,Yes
BOT-00683,2026-02-22 03:08,2026-02-22 03:18,ACC-0735,Mid,Timesheets,SSO,Single sign-on redirect loop for all users,Yes
BOT-00684,2026-02-22 05:13,2026-02-22 05:26,ACC-0532,Mid,Payroll Connect,Add users,How do I add new starters to the rota,Yes
BOT-00685,2026-02-22 10:31,2026-02-22 10:42,ACC-0173,Small,Rota,Rota publishing,Published rota not showing for staff,Yes
BOT-00686,2026-02-22 16:43,2026-02-22 16:49,ACC-0332,Mid,Rota,Invoice copy,Please send a copy of invoice for March,Yes
BOT-00687,2026-02-22 18:43,2026-02-22 18:47,ACC-0889,Mid,Timesheets,Cancel subscription,We'd like to cancel our subscription,No
BOT-00688,2026-02-22 22:00,2026-02-22 22:06,ACC-0760,Mid,Payroll Connect,Payroll mapping,Pay codes mapping wrong in payroll file,Yes
BOT-00689,2026-02-22 23:55,2026-02-23 00:05,ACC-0642,Small,Payroll Connect,Data import,CSV import ignoring contract hours,Yes
BOT-00690,2026-02-23 00:43,2026-02-23 00:53,ACC-0493,Mid,Rota,Notifications not received,Staff not getting shift notifications,Yes
BOT-00691,2026-02-23 01:30,2026-02-23 01:43,ACC-0628,Enterprise,Timesheets,Rota publishing,Published rota not showing for staff,Yes
BOT-00692,2026-02-23 03:00,2026-02-23 03:10,ACC-0895,Enterprise,Timesheets,Add users,How do I add new starters to the rota,Yes
BOT-00693,2026-02-23 05:31,2026-02-23 05:45,ACC-0545,Small,Payroll Connect,Timesheet approval,Approved timesheets reverting to draft,Yes
BOT-00694,2026-02-23 05:48,2026-02-23 06:02,ACC-0038,Mid,Payroll Connect,Payroll mapping,Pay codes mapping wrong in payroll file,Yes
BOT-00695,2026-02-23 20:37,2026-02-23 20:48,ACC-0898,Mid,Timesheets,API error,API returning 500 on shifts endpoint,Yes
BOT-00696,2026-02-24 05:28,2026-02-24 05:31,ACC-0830,Enterprise,Payroll Connect,SSO,Single sign-on redirect loop for all users,Yes
BOT-00697,2026-02-24 22:27,2026-02-24 22:34,ACC-0033,Small,Rota,Login issue,Login keeps failing for our managers,Yes
BOT-00698,2026-02-25 11:49,2026-02-25 11:52,ACC-0054,Mid,Timesheets,Data import,CSV import ignoring contract hours,Yes
BOT-00699,2026-02-25 12:04,2026-02-25 12:13,ACC-0416,Mid,Rota,Clock-in error,Clock-in error at the Leeds site,Yes
BOT-00700,2026-02-25 14:38,2026-02-25 14:53,ACC-0008,Small,Timesheets,Add users,Bulk add 40 users from a spreadsheet,Yes
BOT-00701,2026-02-25 17:54,2026-02-25 18:06,ACC-0022,Enterprise,Timesheets,Add users,How do I add new starters to the rota,Yes
BOT-00702,2026-02-26 07:16,2026-02-26 07:21,ACC-0578,Enterprise,Payroll Connect,API error,API returning 500 on shifts endpoint,Yes
BOT-00703,2026-02-26 16:47,2026-02-26 16:50,ACC-0850,Small,Rota,Cancel subscription,We'd like to cancel our subscription,Yes
BOT-00704,2026-02-26 18:02,2026-02-26 18:04,ACC-0540,Small,Payroll Connect,Billing question,Why did our bill go up this month,No
BOT-00705,2026-02-26 20:10,2026-02-26 20:14,ACC-0296,Enterprise,Rota,Mobile app crash,App crashes when opening the rota,Yes
BOT-00706,2026-02-27 15:09,2026-02-27 15:19,ACC-0211,Small,Rota,Password reset,Password reset email not arriving,No
BOT-00707,2026-02-27 16:27,2026-02-27 16:35,ACC-0454,Small,Payroll Connect,Payroll mapping,Pay codes mapping wrong in payroll file,Yes
BOT-00708,2026-02-28 03:13,2026-02-28 03:25,ACC-0094,Small,Rota,Add users,How do I add new starters to the rota,Yes
BOT-00709,2026-02-28 04:06,2026-02-28 04:12,ACC-0751,Enterprise,Timesheets,Data import,Import of staff list failing on row 12,Yes
BOT-00710,2026-02-28 09:32,2026-02-28 09:36,ACC-0699,Mid,Timesheets,Timesheet approval,Managers can't approve timesheets,Yes
BOT-00711,2026-03-01 01:06,2026-03-01 01:18,ACC-0280,Small,Timesheets,Password reset,Need a password reset for a staff member,Yes
BOT-00712,2026-03-01 07:56,2026-03-01 08:07,ACC-0829,Small,Payroll Connect,Add users,Bulk add 40 users from a spreadsheet,Yes
BOT-00713,2026-03-01 15:02,2026-03-01 15:11,ACC-0696,Mid,Payroll Connect,Timesheet approval,Managers can't approve timesheets,Yes
BOT-00714,2026-03-01 22:48,2026-03-01 22:52,ACC-0464,Mid,Rota,Login issue,Login keeps failing for our managers,Yes
BOT-00715,2026-03-02 01:18,2026-03-02 01:29,ACC-0601,Small,Payroll Connect,Mobile app crash,iOS app closes on login,No
BOT-00716,2026-03-02 09:46,2026-03-02 09:55,ACC-0461,Small,Payroll Connect,API error,API returning 500 on shifts endpoint,Yes
BOT-00717,2026-03-02 17:48,2026-03-02 17:50,ACC-0857,Mid,Payroll Connect,Export to payroll failed,Export to Sage payroll missing overtime hours,Yes
BOT-00718,2026-03-03 04:47,2026-03-03 04:57,ACC-0104,Enterprise,Rota,Notifications not received,Staff not getting shift notifications,Yes
BOT-00719,2026-03-03 18:39,2026-03-03 18:45,ACC-0194,Mid,Timesheets,Add users,Bulk add 40 users from a spreadsheet,Yes
BOT-00720,2026-03-03 18:56,2026-03-03 19:03,ACC-0393,Enterprise,Payroll Connect,Report request,Need a labour cost report by week,Yes
BOT-00721,2026-03-03 20:40,2026-03-03 20:55,ACC-0110,Small,Rota,Add users,How do I add new starters to the rota,Yes
BOT-00722,2026-03-04 06:14,2026-03-04 06:29,ACC-0349,Mid,Rota,Login issue,Login keeps failing for our managers,Yes
BOT-00723,2026-03-04 14:42,2026-03-04 14:45,ACC-0271,Small,Rota,Login issue,Login keeps failing for our managers,No
BOT-00724,2026-03-05 19:33,2026-03-05 19:37,ACC-0236,Mid,Rota,Rota publishing,Published rota not showing for staff,Yes
BOT-00725,2026-03-05 21:44,2026-03-05 21:59,ACC-0045,Small,Payroll Connect,Cancel subscription,Notice to end our contract,Yes
BOT-00726,2026-03-06 02:11,2026-03-06 02:16,ACC-0185,Small,Timesheets,Clock-in error,Clock-in error at the Leeds site,Yes
BOT-00727,2026-03-06 07:36,2026-03-06 07:47,ACC-0577,Small,Rota,Data import,Import of staff list failing on row 12,Yes
BOT-00728,2026-03-06 14:41,2026-03-06 14:45,ACC-0123,Mid,Timesheets,Invoice copy,Please send a copy of invoice for March,Yes
BOT-00729,2026-03-06 23:37,2026-03-06 23:43,ACC-0207,Small,Timesheets,Report request,How do I report on hours by site,No
BOT-00730,2026-03-07 00:57,2026-03-07 01:04,ACC-0853,Small,Rota,Billing question,Question about our latest invoice,Yes
BOT-00731,2026-03-07 03:39,2026-03-07 03:49,ACC-0071,Small,Timesheets,SSO,SSO login stopped working with Azure AD,Yes
BOT-00732,2026-03-07 05:55,2026-03-07 06:06,ACC-0274,Small,Timesheets,Login issue,Can't log in to Larkspur,Yes
BOT-00733,2026-03-07 06:42,2026-03-07 06:54,ACC-0314,Mid,Payroll Connect,Export to payroll failed,Export to Sage payroll missing overtime hours,No
BOT-00734,2026-03-07 20:26,2026-03-07 20:40,ACC-0756,Small,Timesheets,Password reset,Password reset email not arriving,Yes
BOT-00735,2026-03-07 22:00,2026-03-07 22:14,ACC-0620,Mid,Timesheets,Notifications not received,Push notifications stopped on Android,Yes
BOT-00736,2026-03-08 07:04,2026-03-08 07:13,ACC-0220,Mid,Timesheets,Login issue,Login keeps failing for our managers,Yes
BOT-00737,2026-03-08 11:00,2026-03-08 11:10,ACC-0137,Small,Payroll Connect,Report request,How do I report on hours by site,No
BOT-00738,2026-03-08 12:50,2026-03-08 13:01,ACC-0892,Small,Payroll Connect,Mobile app crash,iOS app closes on login,Yes
BOT-00739,2026-03-08 14:10,2026-03-08 14:18,ACC-0001,Mid,Timesheets,Timesheet approval,Approved timesheets reverting to draft,Yes
BOT-00740,2026-03-08 21:14,2026-03-08 21:23,ACC-0157,Enterprise,Payroll Connect,Payroll mapping,Holiday pay mapped to wrong code in export,Yes
BOT-00741,2026-03-09 05:40,2026-03-09 05:46,ACC-0506,Enterprise,Rota,Shift swap not working,Staff can't swap shifts in the app,No
BOT-00742,2026-03-09 12:00,2026-03-09 12:08,ACC-0120,Enterprise,Rota,Report request,How do I report on hours by site,No
BOT-00743,2026-03-09 12:17,2026-03-09 12:27,ACC-0630,Mid,Payroll Connect,SSO,Single sign-on redirect loop for all users,Yes
BOT-00744,2026-03-09 12:20,2026-03-09 12:31,ACC-0536,Small,Rota,Invoice copy,Please send a copy of invoice for March,Yes
BOT-00745,2026-03-09 13:30,2026-03-09 13:32,ACC-0087,Small,Rota,Password reset,Password reset email not arriving,Yes
BOT-00746,2026-03-09 22:13,2026-03-09 22:26,ACC-0489,Mid,Timesheets,Report request,Need a labour cost report by week,Yes
BOT-00747,2026-03-10 01:24,2026-03-10 01:33,ACC-0379,Enterprise,Payroll Connect,SSO,Single sign-on redirect loop for all users,Yes
BOT-00748,2026-03-10 03:42,2026-03-10 03:52,ACC-0685,Small,Timesheets,Billing question,Question about our latest invoice,Yes
BOT-00749,2026-03-10 08:37,2026-03-10 08:48,ACC-0708,Enterprise,Timesheets,Mobile app crash,iOS app closes on login,Yes
BOT-00750,2026-03-10 17:18,2026-03-10 17:23,ACC-0102,Small,Rota,Report request,Need a labour cost report by week,Yes
BOT-00751,2026-03-10 19:11,2026-03-10 19:15,ACC-0656,Enterprise,Rota,Shift swap not working,Shift swap requests stuck pending,Yes
BOT-00752,2026-03-11 05:23,2026-03-11 05:38,ACC-0073,Mid,Rota,Shift swap not working,Staff can't swap shifts in the app,Yes
BOT-00753,2026-03-11 07:37,2026-03-11 07:49,ACC-0896,Mid,Rota,Data import,Import of staff list failing on row 12,No
BOT-00754,2026-03-11 12:05,2026-03-11 12:10,ACC-0428,Small,Rota,Report request,How do I report on hours by site,Yes
BOT-00755,2026-03-11 12:20,2026-03-11 12:27,ACC-0414,Mid,Rota,Data import,CSV import ignoring contract hours,No
BOT-00756,2026-03-11 12:46,2026-03-11 13:00,ACC-0340,Small,Payroll Connect,Add users,How do I add new starters to the rota,Yes
BOT-00757,2026-03-12 11:01,2026-03-12 11:12,ACC-0128,Mid,Timesheets,Login issue,Login keeps failing for our managers,Yes
BOT-00758,2026-03-12 17:39,2026-03-12 17:44,ACC-0633,Mid,Rota,Clock-in error,Clock-in error at the Leeds site,Yes
BOT-00759,2026-03-13 09:10,2026-03-13 09:17,ACC-0196,Enterprise,Timesheets,Timesheet approval,Approved timesheets reverting to draft,Yes
BOT-00760,2026-03-13 18:29,2026-03-13 18:38,ACC-0191,Small,Timesheets,Invoice copy,Please send a copy of invoice for March,Yes
BOT-00761,2026-03-14 00:22,2026-03-14 00:31,ACC-0472,Small,Rota,SSO,Single sign-on redirect loop for all users,Yes
BOT-00762,2026-03-14 00:29,2026-03-14 00:38,ACC-0155,Enterprise,Timesheets,Notifications not received,Staff not getting shift notifications,No
BOT-00763,2026-03-14 03:25,2026-03-14 03:39,ACC-0883,Small,Timesheets,Report request,Need a labour cost report by week,Yes
BOT-00764,2026-03-14 09:14,2026-03-14 09:24,ACC-0490,Mid,Rota,Rota publishing,Rota changes not saving before publish,Yes
BOT-00765,2026-03-14 14:37,2026-03-14 14:51,ACC-0140,Enterprise,Rota,Rota publishing,Published rota not showing for staff,Yes
BOT-00766,2026-03-14 20:22,2026-03-14 20:32,ACC-0046,Small,Timesheets,Billing question,Why did our bill go up this month,Yes
BOT-00767,2026-03-15 01:54,2026-03-15 02:07,ACC-0618,Mid,Rota,Login issue,Can't log in to Larkspur,Yes
BOT-00768,2026-03-15 15:08,2026-03-15 15:23,ACC-0118,Enterprise,Timesheets,Timesheet approval,Managers can't approve timesheets,Yes
BOT-00769,2026-03-15 20:40,2026-03-15 20:42,ACC-0357,Mid,Rota,Invoice copy,Need VAT invoice for finance,Yes
BOT-00770,2026-03-15 21:18,2026-03-15 21:28,ACC-0515,Small,Timesheets,Login issue,Locked out after password change,Yes
BOT-00771,2026-03-16 00:29,2026-03-16 00:39,ACC-0724,Mid,Rota,Clock-in error,Clock-in error at the Leeds site,No
BOT-00772,2026-03-16 06:49,2026-03-16 06:51,ACC-0479,Mid,Rota,Billing question,Question about our latest invoice,Yes
BOT-00773,2026-03-16 09:58,2026-03-16 10:10,ACC-0533,Mid,Timesheets,Mobile app crash,App crashes when opening the rota,Yes
BOT-00774,2026-03-17 06:55,2026-03-17 07:00,ACC-0608,Small,Timesheets,Notifications not received,Push notifications stopped on Android,No
BOT-00775,2026-03-17 21:58,2026-03-17 22:01,ACC-0089,Small,Payroll Connect,Login issue,Can't log in to Larkspur,Yes
BOT-00776,2026-03-17 23:13,2026-03-17 23:20,ACC-0505,Small,Rota,Notifications not received,Staff not getting shift notifications,Yes
BOT-00777,2026-03-18 00:12,2026-03-18 00:19,ACC-0367,Small,Rota,Billing question,Why did our bill go up this month,Yes
BOT-00778,2026-03-18 04:24,2026-03-18 04:34,ACC-0112,Mid,Payroll Connect,API error,Webhook payload missing employee ID,Yes
BOT-00779,2026-03-18 08:11,2026-03-18 08:16,ACC-0786,Mid,Rota,Add users,How do I add new starters to the rota,Yes
BOT-00780,2026-03-18 15:13,2026-03-18 15:16,ACC-0019,Mid,Rota,Notifications not received,Push notifications stopped on Android,Yes
BOT-00781,2026-03-18 19:32,2026-03-18 19:38,ACC-0183,Small,Rota,Data import,Import of staff list failing on row 12,Yes
BOT-00782,2026-03-18 21:43,2026-03-18 21:58,ACC-0810,Small,Payroll Connect,Timesheet approval,Approved timesheets reverting to draft,Yes
BOT-00783,2026-03-19 05:35,2026-03-19 05:40,ACC-0216,Mid,Payroll Connect,Add users,How do I add new starters to the rota,Yes
BOT-00784,2026-03-19 09:16,2026-03-19 09:19,ACC-0767,Small,Payroll Connect,API error,Webhook payload missing employee ID,No
BOT-00785,2026-03-19 11:27,2026-03-19 11:33,ACC-0076,Mid,Payroll Connect,API error,Webhook payload missing employee ID,Yes
BOT-00786,2026-03-20 01:50,2026-03-20 02:00,ACC-0124,Small,Rota,Report request,Need a labour cost report by week,Yes
BOT-00787,2026-03-20 05:52,2026-03-20 05:56,ACC-0307,Mid,Rota,Rota publishing,Published rota not showing for staff,Yes
BOT-00788,2026-03-20 08:41,2026-03-20 08:51,ACC-0480,Enterprise,Payroll Connect,Payroll mapping,Pay codes mapping wrong in payroll file,No
BOT-00789,2026-03-20 15:53,2026-03-20 15:57,ACC-0882,Mid,Timesheets,Timesheet approval,Approved timesheets reverting to draft,Yes
BOT-00790,2026-03-20 21:11,2026-03-20 21:25,ACC-0297,Small,Rota,Add users,How do I add new starters to the rota,Yes
BOT-00791,2026-03-21 12:33,2026-03-21 12:42,ACC-0020,Mid,Timesheets,Login issue,Login keeps failing for our managers,Yes
BOT-00792,2026-03-21 15:31,2026-03-21 15:40,ACC-0347,Mid,Rota,Mobile app crash,App crashes when opening the rota,Yes
BOT-00793,2026-03-21 18:12,2026-03-21 18:27,ACC-0848,Small,Payroll Connect,Export to payroll failed,Payroll export failed this morning,Yes
BOT-00794,2026-03-21 21:05,2026-03-21 21:18,ACC-0235,Small,Timesheets,Report request,How do I report on hours by site,Yes
BOT-00795,2026-03-21 21:17,2026-03-21 21:27,ACC-0132,Enterprise,Rota,Add users,How do I add new starters to the rota,No
BOT-00796,2026-03-22 05:58,2026-03-22 06:10,ACC-0107,Small,Payroll Connect,API error,Webhook payload missing employee ID,Yes
BOT-00797,2026-03-22 07:14,2026-03-22 07:22,ACC-0569,Small,Rota,SSO,Single sign-on redirect loop for all users,No
BOT-00798,2026-03-22 13:10,2026-03-22 13:24,ACC-0825,Enterprise,Timesheets,Clock-in error,Geofence blocking clock-in for remote staff,Yes
BOT-00799,2026-03-22 15:09,2026-03-22 15:11,ACC-0333,Small,Payroll Connect,Login issue,Locked out after password change,Yes
BOT-00800,2026-03-22 19:01,2026-03-22 19:06,ACC-0335,Small,Rota,Password reset,Need a password reset for a staff member,Yes
BOT-00801,2026-03-22 19:33,2026-03-22 19:46,ACC-0358,Small,Rota,Notifications not received,Staff not getting shift notifications,Yes
BOT-00802,2026-03-22 20:36,2026-03-22 20:46,ACC-0300,Enterprise,Payroll Connect,Payroll mapping,Holiday pay mapped to wrong code in export,Yes
BOT-00803,2026-03-22 22:18,2026-03-22 22:20,ACC-0026,Enterprise,Rota,Shift swap not working,Staff can't swap shifts in the app,Yes
BOT-00804,2026-03-23 06:44,2026-03-23 06:59,ACC-0004,Small,Timesheets,Mobile app crash,iOS app closes on login,Yes
BOT-00805,2026-03-23 08:17,2026-03-23 08:25,ACC-0796,Mid,Rota,Clock-in error,Geofence blocking clock-in for remote staff,Yes
BOT-00806,2026-03-23 14:42,2026-03-23 14:56,ACC-0010,Small,Timesheets,Clock-in error,Geofence blocking clock-in for remote staff,Yes
BOT-00807,2026-03-23 18:34,2026-03-23 18:44,ACC-0460,Small,Payroll Connect,Timesheet approval,Approved timesheets reverting to draft,Yes
BOT-00808,2026-03-24 10:10,2026-03-24 10:24,ACC-0192,Small,Payroll Connect,API error,API returning 500 on shifts endpoint,Yes
BOT-00809,2026-03-24 15:04,2026-03-24 15:11,ACC-0079,Small,Timesheets,Cancel subscription,We'd like to cancel our subscription,Yes
BOT-00810,2026-03-25 00:07,2026-03-25 00:09,ACC-0474,Mid,Payroll Connect,API error,API returning 500 on shifts endpoint,Yes
BOT-00811,2026-03-25 04:59,2026-03-25 05:13,ACC-0315,Mid,Rota,Rota publishing,Rota changes not saving before publish,Yes
BOT-00812,2026-03-25 10:54,2026-03-25 10:59,ACC-0116,Enterprise,Rota,Billing question,Question about our latest invoice,Yes
BOT-00813,2026-03-25 14:59,2026-03-25 15:09,ACC-0286,Enterprise,Rota,Shift swap not working,Shift swap requests stuck pending,Yes
BOT-00814,2026-03-25 19:31,2026-03-25 19:35,ACC-0805,Small,Rota,Add users,How do I add new starters to the rota,Yes
BOT-00815,2026-03-25 20:25,2026-03-25 20:29,ACC-0663,Small,Payroll Connect,Notifications not received,Push notifications stopped on Android,Yes
BOT-00816,2026-03-25 22:55,2026-03-25 22:59,ACC-0431,Mid,Rota,Notifications not received,Staff not getting shift notifications,Yes
BOT-00817,2026-03-26 05:23,2026-03-26 05:28,ACC-0365,Small,Payroll Connect,Export to payroll failed,Export to Sage payroll missing overtime hours,Yes
BOT-00818,2026-03-26 15:10,2026-03-26 15:20,ACC-0030,Small,Timesheets,Password reset,Need a password reset for a staff member,Yes
BOT-00819,2026-03-26 15:29,2026-03-26 15:32,ACC-0655,Small,Timesheets,Clock-in error,Clock-in error at the Leeds site,Yes
BOT-00820,2026-03-26 18:36,2026-03-26 18:42,ACC-0444,Enterprise,Timesheets,Clock-in error,Clock-in error at the Leeds site,Yes
BOT-00821,2026-03-26 19:35,2026-03-26 19:40,ACC-0593,Mid,Rota,Add users,Bulk add 40 users from a spreadsheet,Yes
BOT-00822,2026-03-27 08:03,2026-03-27 08:12,ACC-0150,Mid,Rota,Invoice copy,Please send a copy of invoice for March,Yes
BOT-00823,2026-03-27 09:49,2026-03-27 09:52,ACC-0725,Small,Payroll Connect,Payroll mapping,Pay codes mapping wrong in payroll file,Yes
BOT-00824,2026-03-27 14:42,2026-03-27 14:54,ACC-0838,Mid,Payroll Connect,Add users,How do I add new starters to the rota,Yes
BOT-00825,2026-03-27 19:59,2026-03-27 20:11,ACC-0201,Small,Payroll Connect,Notifications not received,Push notifications stopped on Android,Yes
BOT-00826,2026-03-27 22:26,2026-03-27 22:34,ACC-0561,Small,Timesheets,Password reset,Password reset email not arriving,Yes
BOT-00827,2026-03-28 20:37,2026-03-28 20:44,ACC-0209,Mid,Timesheets,Billing question,Question about our latest invoice,No
BOT-00828,2026-03-28 21:15,2026-03-28 21:21,ACC-0519,Small,Rota,Login issue,Login keeps failing for our managers,Yes
BOT-00829,2026-03-29 00:31,2026-03-29 00:34,ACC-0742,Small,Rota,Billing question,Question about our latest invoice,Yes
BOT-00830,2026-03-29 04:24,2026-03-29 04:35,ACC-0270,Small,Timesheets,Clock-in error,Geofence blocking clock-in for remote staff,Yes
BOT-00831,2026-03-29 15:28,2026-03-29 15:41,ACC-0272,Mid,Timesheets,Password reset,Password reset email not arriving,Yes
BOT-00832,2026-03-29 17:11,2026-03-29 17:16,ACC-0337,Small,Rota,Notifications not received,Staff not getting shift notifications,Yes
BOT-00833,2026-03-29 17:53,2026-03-29 18:08,ACC-0369,Small,Timesheets,Export to payroll failed,Payroll export failed this morning,Yes
BOT-00834,2026-03-29 23:33,2026-03-29 23:47,ACC-0759,Small,Rota,Rota publishing,Rota changes not saving before publish,Yes
BOT-00835,2026-03-30 02:06,2026-03-30 02:20,ACC-0135,Small,Timesheets,Clock-in error,Clock-in error at the Leeds site,Yes
BOT-00836,2026-03-30 07:55,2026-03-30 08:06,ACC-0530,Mid,Timesheets,Billing question,Question about our latest invoice,Yes
BOT-00837,2026-03-30 16:57,2026-03-30 17:00,ACC-0582,Mid,Rota,Add users,How do I add new starters to the rota,Yes
BOT-00838,2026-03-30 19:28,2026-03-30 19:32,ACC-0308,Mid,Payroll Connect,Data import,CSV import ignoring contract hours,Yes
BOT-00839,2026-03-31 05:45,2026-03-31 05:51,ACC-0121,Enterprise,Payroll Connect,Payroll mapping,Holiday pay mapped to wrong code in export,Yes
BOT-00840,2026-03-31 06:45,2026-03-31 06:57,ACC-0189,Small,Timesheets,Payroll mapping,Pay codes mapping wrong in payroll file,Yes
BOT-00841,2026-03-31 18:05,2026-03-31 18:12,ACC-0081,Small,Rota,API error,API returning 500 on shifts endpoint,No
BOT-00842,2026-03-31 20:17,2026-03-31 20:31,ACC-0668,Small,Payroll Connect,SSO,Single sign-on redirect loop for all users,Yes
BOT-00843,2026-04-01 04:39,2026-04-01 04:49,ACC-0612,Mid,Timesheets,Add users,Bulk add 40 users from a spreadsheet,Yes
BOT-00844,2026-04-01 08:08,2026-04-01 08:14,ACC-0023,Small,Timesheets,API error,Webhook payload missing employee ID,No
BOT-00845,2026-04-02 03:52,2026-04-02 04:03,ACC-0115,Small,Timesheets,Password reset,Need a password reset for a staff member,Yes
BOT-00846,2026-04-02 06:18,2026-04-02 06:32,ACC-0684,Small,Payroll Connect,Report request,Need a labour cost report by week,Yes
BOT-00847,2026-04-02 12:44,2026-04-02 12:58,ACC-0621,Enterprise,Rota,Add users,How do I add new starters to the rota,Yes
BOT-00848,2026-04-02 13:42,2026-04-02 13:53,ACC-0269,Small,Timesheets,Timesheet approval,Approved timesheets reverting to draft,Yes
BOT-00849,2026-04-03 01:07,2026-04-03 01:10,ACC-0639,Small,Timesheets,Timesheet approval,Approved timesheets reverting to draft,Yes
BOT-00850,2026-04-03 01:18,2026-04-03 01:26,ACC-0652,Small,Timesheets,Clock-in error,Clock-in error at the Leeds site,Yes
BOT-00851,2026-04-03 07:32,2026-04-03 07:46,ACC-0318,Small,Timesheets,Clock-in error,Geofence blocking clock-in for remote staff,Yes
BOT-00852,2026-04-03 16:02,2026-04-03 16:10,ACC-0600,Small,Rota,Password reset,Need a password reset for a staff member,Yes
BOT-00853,2026-04-04 00:17,2026-04-04 00:23,ACC-0263,Enterprise,Payroll Connect,Invoice copy,Please send a copy of invoice for March,Yes
BOT-00854,2026-04-04 00:18,2026-04-04 00:21,ACC-0509,Small,Rota,SSO,SSO login stopped working with Azure AD,Yes
BOT-00855,2026-04-04 01:56,2026-04-04 02:09,ACC-0854,Enterprise,Timesheets,SSO,SSO login stopped working with Azure AD,Yes
BOT-00856,2026-04-04 02:34,2026-04-04 02:38,ACC-0624,Small,Rota,Add users,Bulk add 40 users from a spreadsheet,Yes
BOT-00857,2026-04-05 09:19,2026-04-05 09:28,ACC-0176,Small,Timesheets,SSO,Single sign-on redirect loop for all users,Yes
BOT-00858,2026-04-05 13:15,2026-04-05 13:19,ACC-0676,Mid,Rota,Cancel subscription,We'd like to cancel our subscription,Yes
BOT-00859,2026-04-05 14:22,2026-04-05 14:30,ACC-0156,Small,Timesheets,Login issue,Login keeps failing for our managers,No
BOT-00860,2026-04-05 18:53,2026-04-05 19:00,ACC-0002,Mid,Rota,SSO,SSO login stopped working with Azure AD,Yes
BOT-00861,2026-04-06 10:58,2026-04-06 11:13,ACC-0622,Small,Timesheets,Payroll mapping,Holiday pay mapped to wrong code in export,Yes
BOT-00862,2026-04-06 17:32,2026-04-06 17:39,ACC-0050,Enterprise,Rota,Shift swap not working,Staff can't swap shifts in the app,No
BOT-00863,2026-04-06 20:53,2026-04-06 21:08,ACC-0246,Enterprise,Rota,Shift swap not working,Staff can't swap shifts in the app,Yes
BOT-00864,2026-04-06 21:19,2026-04-06 21:29,ACC-0634,Mid,Timesheets,Export to payroll failed,Payroll export failed this morning,Yes
BOT-00865,2026-04-07 05:12,2026-04-07 05:19,ACC-0401,Enterprise,Rota,Login issue,Locked out after password change,Yes
BOT-00866,2026-04-07 16:25,2026-04-07 16:34,ACC-0880,Mid,Rota,Mobile app crash,App crashes when opening the rota,Yes
BOT-00867,2026-04-07 17:04,2026-04-07 17:06,ACC-0555,Small,Payroll Connect,Export to payroll failed,Export to Sage payroll missing overtime hours,No
BOT-00868,2026-04-08 03:05,2026-04-08 03:08,ACC-0282,Enterprise,Rota,Notifications not received,Push notifications stopped on Android,Yes
BOT-00869,2026-04-08 11:14,2026-04-08 11:27,ACC-0377,Mid,Rota,Login issue,Can't log in to Larkspur,Yes
BOT-00870,2026-04-08 17:02,2026-04-08 17:16,ACC-0197,Mid,Rota,Add users,Bulk add 40 users from a spreadsheet,No
BOT-00871,2026-04-08 20:21,2026-04-08 20:30,ACC-0775,Small,Timesheets,Add users,Bulk add 40 users from a spreadsheet,No
BOT-00872,2026-04-09 01:03,2026-04-09 01:12,ACC-0471,Small,Rota,Add users,How do I add new starters to the rota,Yes
BOT-00873,2026-04-09 02:43,2026-04-09 02:51,ACC-0873,Mid,Rota,Password reset,Password reset email not arriving,Yes
BOT-00874,2026-04-09 06:42,2026-04-09 06:44,ACC-0554,Enterprise,Timesheets,Export to payroll failed,Export to Sage payroll missing overtime hours,Yes
BOT-00875,2026-04-09 14:10,2026-04-09 14:13,ACC-0747,Mid,Rota,Password reset,Password reset email not arriving,No
BOT-00876,2026-04-09 15:08,2026-04-09 15:11,ACC-0459,Mid,Rota,Clock-in error,Geofence blocking clock-in for remote staff,Yes
BOT-00877,2026-04-09 15:27,2026-04-09 15:36,ACC-0415,Small,Rota,Invoice copy,Need VAT invoice for finance,Yes
BOT-00878,2026-04-09 23:04,2026-04-09 23:15,ACC-0453,Mid,Payroll Connect,Add users,How do I add new starters to the rota,No
BOT-00879,2026-04-10 10:01,2026-04-10 10:03,ACC-0374,Mid,Rota,SSO,Single sign-on redirect loop for all users,Yes
BOT-00880,2026-04-10 16:05,2026-04-10 16:13,ACC-0378,Small,Rota,Rota publishing,Rota changes not saving before publish,Yes
BOT-00881,2026-04-10 16:10,2026-04-10 16:21,ACC-0113,Mid,Payroll Connect,Export to payroll failed,Export to Sage payroll missing overtime hours,No
BOT-00882,2026-04-10 23:30,2026-04-10 23:33,ACC-0356,Mid,Rota,Billing question,Why did our bill go up this month,Yes
BOT-00883,2026-04-11 03:49,2026-04-11 03:54,ACC-0592,Small,Timesheets,Add users,How do I add new starters to the rota,Yes
BOT-00884,2026-04-11 06:42,2026-04-11 06:55,ACC-0710,Small,Rota,Shift swap not working,Shift swap requests stuck pending,Yes
BOT-00885,2026-04-11 12:49,2026-04-11 12:59,ACC-0572,Mid,Rota,SSO,Single sign-on redirect loop for all users,Yes
BOT-00886,2026-04-11 13:50,2026-04-11 14:01,ACC-0048,Small,Rota,Login issue,Locked out after password change,No
BOT-00887,2026-04-11 15:48,2026-04-11 16:00,ACC-0506,Enterprise,Rota,Mobile app crash,App crashes when opening the rota,Yes
BOT-00888,2026-04-11 15:55,2026-04-11 15:59,ACC-0042,Small,Rota,Data import,Import of staff list failing on row 12,Yes
BOT-00889,2026-04-12 10:48,2026-04-12 10:57,ACC-0866,Small,Payroll Connect,Timesheet approval,Approved timesheets reverting to draft,No
BOT-00890,2026-04-12 16:20,2026-04-12 16:23,ACC-0203,Small,Payroll Connect,Payroll mapping,Pay codes mapping wrong in payroll file,Yes
BOT-00891,2026-04-13 00:36,2026-04-13 00:48,ACC-0332,Mid,Rota,Password reset,Password reset email not arriving,Yes
BOT-00892,2026-04-13 00:54,2026-04-13 01:03,ACC-0035,Mid,Payroll Connect,Export to payroll failed,Payroll export failed this morning,No
BOT-00893,2026-04-13 03:27,2026-04-13 03:41,ACC-0804,Mid,Rota,Notifications not received,Staff not getting shift notifications,Yes
BOT-00894,2026-04-13 03:49,2026-04-13 03:57,ACC-0292,Mid,Payroll Connect,SSO,Single sign-on redirect loop for all users,No
BOT-00895,2026-04-13 07:09,2026-04-13 07:23,ACC-0233,Mid,Rota,Login issue,Locked out after password change,Yes
BOT-00896,2026-04-13 14:06,2026-04-13 14:18,ACC-0492,Small,Rota,Report request,How do I report on hours by site,Yes
BOT-00897,2026-04-13 22:34,2026-04-13 22:42,ACC-0629,Mid,Timesheets,Timesheet approval,Managers can't approve timesheets,Yes
BOT-00898,2026-04-14 00:10,2026-04-14 00:16,ACC-0853,Small,Rota,Rota publishing,Published rota not showing for staff,Yes
BOT-00899,2026-04-14 12:36,2026-04-14 12:51,ACC-0371,Small,Rota,Mobile app crash,App crashes when opening the rota,Yes
BOT-00900,2026-04-14 14:31,2026-04-14 14:33,ACC-0787,Enterprise,Rota,Mobile app crash,iOS app closes on login,Yes
BOT-00901,2026-04-14 16:43,2026-04-14 16:53,ACC-0096,Mid,Rota,Shift swap not working,Staff can't swap shifts in the app,Yes
BOT-00902,2026-04-15 09:33,2026-04-15 09:48,ACC-0718,Small,Timesheets,API error,API returning 500 on shifts endpoint,Yes
BOT-00903,2026-04-16 00:41,2026-04-16 00:56,ACC-0467,Mid,Payroll Connect,Payroll mapping,Pay codes mapping wrong in payroll file,Yes
BOT-00904,2026-04-16 02:21,2026-04-16 02:31,ACC-0683,Small,Rota,Notifications not received,Staff not getting shift notifications,No
BOT-00905,2026-04-16 11:24,2026-04-16 11:38,ACC-0310,Mid,Rota,Billing question,Why did our bill go up this month,Yes
BOT-00906,2026-04-16 13:20,2026-04-16 13:33,ACC-0437,Mid,Rota,Billing question,Question about our latest invoice,Yes
BOT-00907,2026-04-16 14:09,2026-04-16 14:20,ACC-0232,Small,Rota,Billing question,Why did our bill go up this month,Yes
BOT-00908,2026-04-16 15:20,2026-04-16 15:30,ACC-0080,Small,Rota,Login issue,Locked out after password change,Yes
BOT-00909,2026-04-16 23:40,2026-04-16 23:43,ACC-0514,Mid,Timesheets,Clock-in error,Clock-in error at the Leeds site,Yes
BOT-00910,2026-04-17 12:17,2026-04-17 12:29,ACC-0003,Small,Rota,Password reset,Password reset email not arriving,Yes
BOT-00911,2026-04-17 23:57,2026-04-18 00:04,ACC-0672,Small,Rota,Rota publishing,Published rota not showing for staff,Yes
BOT-00912,2026-04-18 02:00,2026-04-18 02:08,ACC-0764,Small,Payroll Connect,Payroll mapping,Pay codes mapping wrong in payroll file,Yes
BOT-00913,2026-04-18 02:36,2026-04-18 02:49,ACC-0349,Mid,Rota,Shift swap not working,Staff can't swap shifts in the app,No
BOT-00914,2026-04-18 12:44,2026-04-18 12:58,ACC-0864,Enterprise,Payroll Connect,Rota publishing,Rota changes not saving before publish,No
BOT-00915,2026-04-18 20:16,2026-04-18 20:27,ACC-0231,Mid,Timesheets,Payroll mapping,Holiday pay mapped to wrong code in export,Yes
BOT-00916,2026-04-19 03:01,2026-04-19 03:07,ACC-0366,Enterprise,Rota,Mobile app crash,iOS app closes on login,Yes
BOT-00917,2026-04-19 03:15,2026-04-19 03:27,ACC-0141,Small,Payroll Connect,Timesheet approval,Approved timesheets reverting to draft,No
BOT-00918,2026-04-19 04:21,2026-04-19 04:26,ACC-0700,Small,Payroll Connect,Export to payroll failed,Export to Sage payroll missing overtime hours,Yes
BOT-00919,2026-04-19 06:25,2026-04-19 06:38,ACC-0256,Small,Rota,Cancel subscription,Notice to end our contract,Yes
BOT-00920,2026-04-19 11:56,2026-04-19 12:09,ACC-0679,Small,Rota,Password reset,Need a password reset for a staff member,Yes
BOT-00921,2026-04-19 14:56,2026-04-19 15:10,ACC-0179,Small,Timesheets,Clock-in error,Clock-in error at the Leeds site,No
BOT-00922,2026-04-19 16:04,2026-04-19 16:15,ACC-0089,Small,Payroll Connect,Export to payroll failed,Export to Sage payroll missing overtime hours,Yes
BOT-00923,2026-04-20 00:20,2026-04-20 00:24,ACC-0862,Small,Rota,Data import,CSV import ignoring contract hours,Yes
BOT-00924,2026-04-20 03:56,2026-04-20 04:02,ACC-0772,Small,Timesheets,Password reset,Password reset email not arriving,No
BOT-00925,2026-04-20 03:57,2026-04-20 04:02,ACC-0774,Enterprise,Payroll Connect,Invoice copy,Need VAT invoice for finance,Yes
BOT-00926,2026-04-20 04:24,2026-04-20 04:35,ACC-0228,Enterprise,Rota,Mobile app crash,App crashes when opening the rota,Yes
BOT-00927,2026-04-20 07:40,2026-04-20 07:42,ACC-0344,Mid,Timesheets,Mobile app crash,App crashes when opening the rota,Yes
BOT-00928,2026-04-20 21:49,2026-04-20 22:01,ACC-0651,Mid,Payroll Connect,Add users,Bulk add 40 users from a spreadsheet,No
BOT-00929,2026-04-21 06:44,2026-04-21 06:47,ACC-0223,Small,Timesheets,Report request,Need a labour cost report by week,Yes
BOT-00930,2026-04-21 11:18,2026-04-21 11:27,ACC-0814,Enterprise,Timesheets,Export to payroll failed,Payroll export failed this morning,No
BOT-00931,2026-04-21 14:15,2026-04-21 14:25,ACC-0649,Mid,Rota,Login issue,Locked out after password change,Yes
BOT-00932,2026-04-21 14:50,2026-04-21 14:53,ACC-0303,Small,Rota,Invoice copy,Need VAT invoice for finance,No
BOT-00933,2026-04-21 21:29,2026-04-21 21:34,ACC-0867,Small,Rota,Data import,Import of staff list failing on row 12,Yes
BOT-00934,2026-04-22 07:53,2026-04-22 08:07,ACC-0464,Mid,Rota,Login issue,Locked out after password change,Yes
BOT-00935,2026-04-22 09:40,2026-04-22 09:53,ACC-0381,Mid,Rota,Password reset,Need a password reset for a staff member,Yes
BOT-00936,2026-04-22 12:30,2026-04-22 12:42,ACC-0160,Enterprise,Payroll Connect,Timesheet approval,Approved timesheets reverting to draft,Yes
BOT-00937,2026-04-22 23:05,2026-04-22 23:19,ACC-0445,Mid,Payroll Connect,Invoice copy,Need VAT invoice for finance,Yes
BOT-00938,2026-04-22 23:35,2026-04-22 23:41,ACC-0422,Small,Payroll Connect,Login issue,Can't log in to Larkspur,Yes
BOT-00939,2026-04-22 23:54,2026-04-22 23:57,ACC-0857,Mid,Payroll Connect,Payroll mapping,Holiday pay mapped to wrong code in export,Yes
BOT-00940,2026-04-23 01:38,2026-04-23 01:53,ACC-0891,Mid,Rota,Notifications not received,Push notifications stopped on Android,Yes
BOT-00941,2026-04-23 11:30,2026-04-23 11:44,ACC-0339,Mid,Timesheets,Billing question,Why did our bill go up this month,Yes
BOT-00942,2026-04-23 11:45,2026-04-23 11:54,ACC-0423,Small,Rota,Data import,Import of staff list failing on row 12,Yes
BOT-00943,2026-04-23 12:45,2026-04-23 12:50,ACC-0041,Small,Payroll Connect,Password reset,Need a password reset for a staff member,No
BOT-00944,2026-04-23 15:32,2026-04-23 15:42,ACC-0746,Enterprise,Timesheets,Timesheet approval,Managers can't approve timesheets,No
BOT-00945,2026-04-23 15:44,2026-04-23 15:59,ACC-0829,Small,Payroll Connect,Payroll mapping,Pay codes mapping wrong in payroll file,Yes
BOT-00946,2026-04-24 04:53,2026-04-24 05:03,ACC-0533,Mid,Timesheets,Clock-in error,Geofence blocking clock-in for remote staff,Yes
BOT-00947,2026-04-24 05:39,2026-04-24 05:45,ACC-0367,Small,Rota,Login issue,Login keeps failing for our managers,Yes
BOT-00948,2026-04-24 05:44,2026-04-24 05:52,ACC-0196,Enterprise,Timesheets,Password reset,Need a password reset for a staff member,Yes
BOT-00949,2026-04-24 11:40,2026-04-24 11:54,ACC-0276,Small,Timesheets,Clock-in error,Geofence blocking clock-in for remote staff,Yes
BOT-00950,2026-04-24 12:59,2026-04-24 13:06,ACC-0751,Enterprise,Timesheets,Invoice copy,Please send a copy of invoice for March,No
BOT-00951,2026-04-24 17:23,2026-04-24 17:29,ACC-0149,Mid,Payroll Connect,Password reset,Password reset email not arriving,Yes
BOT-00952,2026-04-24 23:16,2026-04-24 23:31,ACC-0084,Mid,Payroll Connect,Payroll mapping,Holiday pay mapped to wrong code in export,Yes
BOT-00953,2026-04-25 13:35,2026-04-25 13:44,ACC-0044,Small,Timesheets,Clock-in error,Clock-in error at the Leeds site,Yes
BOT-00954,2026-04-26 18:33,2026-04-26 18:37,ACC-0735,Mid,Timesheets,Export to payroll failed,Payroll export failed this morning,Yes
BOT-00955,2026-04-26 22:50,2026-04-26 22:54,ACC-0699,Mid,Timesheets,Report request,Need a labour cost report by week,Yes
BOT-00956,2026-04-26 23:33,2026-04-26 23:43,ACC-0557,Small,Timesheets,Mobile app crash,iOS app closes on login,Yes
BOT-00957,2026-04-27 01:13,2026-04-27 01:19,ACC-0727,Enterprise,Rota,Rota publishing,Published rota not showing for staff,Yes
BOT-00958,2026-04-27 01:48,2026-04-27 01:57,ACC-0801,Small,Rota,Login issue,Can't log in to Larkspur,Yes
BOT-00959,2026-04-27 02:04,2026-04-27 02:17,ACC-0007,Small,Rota,Report request,Need a labour cost report by week,Yes
BOT-00960,2026-04-27 05:13,2026-04-27 05:18,ACC-0642,Small,Payroll Connect,Data import,Import of staff list failing on row 12,No
BOT-00961,2026-04-27 05:47,2026-04-27 05:51,ACC-0510,Mid,Rota,Report request,How do I report on hours by site,Yes
BOT-00962,2026-04-27 13:05,2026-04-27 13:14,ACC-0307,Mid,Rota,Shift swap not working,Shift swap requests stuck pending,Yes
BOT-00963,2026-04-27 15:02,2026-04-27 15:17,ACC-0749,Small,Timesheets,Add users,Bulk add 40 users from a spreadsheet,Yes
BOT-00964,2026-04-28 04:15,2026-04-28 04:29,ACC-0575,Enterprise,Timesheets,Notifications not received,Staff not getting shift notifications,Yes
BOT-00965,2026-04-28 04:18,2026-04-28 04:20,ACC-0052,Mid,Rota,Rota publishing,Rota changes not saving before publish,No
BOT-00966,2026-04-29 04:07,2026-04-29 04:21,ACC-0690,Small,Timesheets,Export to payroll failed,Export to Sage payroll missing overtime hours,Yes
BOT-00967,2026-04-29 05:29,2026-04-29 05:41,ACC-0140,Enterprise,Rota,Notifications not received,Staff not getting shift notifications,No
BOT-00968,2026-04-29 06:06,2026-04-29 06:08,ACC-0270,Small,Timesheets,Timesheet approval,Managers can't approve timesheets,Yes
BOT-00969,2026-04-29 10:11,2026-04-29 10:14,ACC-0799,Small,Rota,Shift swap not working,Shift swap requests stuck pending,Yes
BOT-00970,2026-04-29 21:27,2026-04-29 21:29,ACC-0028,Small,Timesheets,Cancel subscription,We'd like to cancel our subscription,Yes
BOT-00971,2026-04-30 01:34,2026-04-30 01:49,ACC-0444,Enterprise,Timesheets,Password reset,Password reset email not arriving,Yes
BOT-00972,2026-04-30 02:00,2026-04-30 02:14,ACC-0819,Mid,Payroll Connect,Timesheet approval,Managers can't approve timesheets,Yes
BOT-00973,2026-04-30 09:24,2026-04-30 09:27,ACC-0186,Enterprise,Rota,Rota publishing,Rota changes not saving before publish,Yes
BOT-00974,2026-04-30 12:44,2026-04-30 12:57,ACC-0255,Enterprise,Payroll Connect,Login issue,Locked out after password change,Yes
BOT-00975,2026-04-30 17:06,2026-04-30 17:12,ACC-0343,Small,Payroll Connect,Rota publishing,Published rota not showing for staff,No
BOT-00976,2026-05-01 02:46,2026-05-01 02:48,ACC-0301,Mid,Timesheets,Password reset,Need a password reset for a staff member,Yes
BOT-00977,2026-05-01 10:51,2026-05-01 10:55,ACC-0531,Small,Rota,SSO,SSO login stopped working with Azure AD,No
BOT-00978,2026-05-01 13:04,2026-05-01 13:16,ACC-0484,Small,Rota,Login issue,Locked out after password change,Yes
BOT-00979,2026-05-01 15:03,2026-05-01 15:16,ACC-0010,Small,Timesheets,Payroll mapping,Holiday pay mapped to wrong code in export,Yes
BOT-00980,2026-05-01 20:11,2026-05-01 20:20,ACC-0340,Small,Payroll Connect,Payroll mapping,Pay codes mapping wrong in payroll file,Yes
BOT-00981,2026-05-02 07:23,2026-05-02 07:36,ACC-0681,Enterprise,Rota,Notifications not received,Staff not getting shift notifications,Yes
BOT-00982,2026-05-02 08:39,2026-05-02 08:41,ACC-0589,Small,Rota,Notifications not received,Staff not getting shift notifications,Yes
BOT-00983,2026-05-02 21:52,2026-05-02 22:05,ACC-0205,Small,Rota,Mobile app crash,iOS app closes on login,Yes
BOT-00984,2026-05-03 02:45,2026-05-03 02:47,ACC-0410,Small,Timesheets,Notifications not received,Staff not getting shift notifications,Yes
BOT-00985,2026-05-03 10:47,2026-05-03 10:50,ACC-0610,Mid,Timesheets,SSO,SSO login stopped working with Azure AD,Yes
BOT-00986,2026-05-03 10:54,2026-05-03 11:01,ACC-0272,Mid,Timesheets,Login issue,Login keeps failing for our managers,No
BOT-00987,2026-05-03 11:33,2026-05-03 11:45,ACC-0743,Mid,Rota,Shift swap not working,Staff can't swap shifts in the app,Yes
BOT-00988,2026-05-03 14:57,2026-05-03 15:11,ACC-0838,Mid,Payroll Connect,Login issue,Login keeps failing for our managers,Yes
BOT-00989,2026-05-04 05:24,2026-05-04 05:29,ACC-0399,Small,Rota,Billing question,Question about our latest invoice,No
BOT-00990,2026-05-04 16:19,2026-05-04 16:25,ACC-0097,Mid,Timesheets,Clock-in error,Geofence blocking clock-in for remote staff,Yes
BOT-00991,2026-05-04 22:58,2026-05-04 23:01,ACC-0154,Small,Rota,Add users,Bulk add 40 users from a spreadsheet,Yes
BOT-00992,2026-05-05 05:15,2026-05-05 05:17,ACC-0419,Small,Rota,Add users,Bulk add 40 users from a spreadsheet,Yes
BOT-00993,2026-05-05 07:16,2026-05-05 07:28,ACC-0882,Mid,Timesheets,Mobile app crash,iOS app closes on login,Yes
BOT-00994,2026-05-05 10:49,2026-05-05 10:59,ACC-0521,Small,Payroll Connect,Password reset,Password reset email not arriving,Yes
BOT-00995,2026-05-05 10:51,2026-05-05 11:02,ACC-0540,Small,Payroll Connect,Payroll mapping,Holiday pay mapped to wrong code in export,Yes
BOT-00996,2026-05-05 11:23,2026-05-05 11:25,ACC-0686,Small,Payroll Connect,API error,API returning 500 on shifts endpoint,Yes
BOT-00997,2026-05-05 17:37,2026-05-05 17:43,ACC-0504,Small,Timesheets,Password reset,Need a password reset for a staff member,Yes
BOT-00998,2026-05-06 04:04,2026-05-06 04:12,ACC-0663,Small,Payroll Connect,Billing question,Why did our bill go up this month,Yes
BOT-00999,2026-05-06 07:02,2026-05-06 07:07,ACC-0470,Small,Payroll Connect,SSO,Single sign-on redirect loop for all users,Yes
BOT-01000,2026-05-06 09:23,2026-05-06 09:31,ACC-0060,Small,Payroll Connect,Password reset,Password reset email not arriving,Yes
BOT-01001,2026-05-06 11:37,2026-05-06 11:52,ACC-0129,Enterprise,Rota,Login issue,Can't log in to Larkspur,Yes
BOT-01002,2026-05-06 11:40,2026-05-06 11:51,ACC-0472,Small,Rota,Mobile app crash,App crashes when opening the rota,No
BOT-01003,2026-05-07 01:27,2026-05-07 01:42,ACC-0358,Small,Rota,Rota publishing,Rota changes not saving before publish,Yes
BOT-01004,2026-05-07 03:44,2026-05-07 03:57,ACC-0719,Small,Timesheets,Cancel subscription,We'd like to cancel our subscription,Yes
BOT-01005,2026-05-07 04:19,2026-05-07 04:25,ACC-0845,Small,Payroll Connect,API error,API returning 500 on shifts endpoint,Yes
BOT-01006,2026-05-08 14:09,2026-05-08 14:11,ACC-0391,Mid,Timesheets,Login issue,Login keeps failing for our managers,Yes
BOT-01007,2026-05-08 15:18,2026-05-08 15:31,ACC-0273,Mid,Timesheets,Add users,Bulk add 40 users from a spreadsheet,Yes
BOT-01008,2026-05-08 20:57,2026-05-08 21:03,ACC-0125,Enterprise,Payroll Connect,Login issue,Login keeps failing for our managers,Yes
BOT-01009,2026-05-09 00:25,2026-05-09 00:31,ACC-0795,Small,Payroll Connect,Login issue,Locked out after password change,Yes
BOT-01010,2026-05-09 01:55,2026-05-09 02:01,ACC-0312,Small,Payroll Connect,Clock-in error,Clock-in error at the Leeds site,Yes
BOT-01011,2026-05-09 02:57,2026-05-09 03:04,ACC-0085,Small,Payroll Connect,Cancel subscription,Notice to end our contract,Yes
BOT-01012,2026-05-09 22:00,2026-05-09 22:14,ACC-0579,Mid,Rota,Notifications not received,Push notifications stopped on Android,Yes
BOT-01013,2026-05-10 05:55,2026-05-10 06:09,ACC-0523,Small,Rota,Invoice copy,Need VAT invoice for finance,No
BOT-01014,2026-05-10 12:55,2026-05-10 13:09,ACC-0453,Mid,Payroll Connect,Payroll mapping,Holiday pay mapped to wrong code in export,Yes
BOT-01015,2026-05-10 14:17,2026-05-10 14:23,ACC-0661,Mid,Rota,Login issue,Login keeps failing for our managers,Yes
BOT-01016,2026-05-10 17:28,2026-05-10 17:34,ACC-0839,Mid,Rota,Data import,Import of staff list failing on row 12,Yes
BOT-01017,2026-05-11 03:09,2026-05-11 03:19,ACC-0569,Small,Rota,Add users,How do I add new starters to the rota,Yes
BOT-01018,2026-05-11 03:36,2026-05-11 03:44,ACC-0603,Small,Timesheets,Add users,How do I add new starters to the rota,Yes
BOT-01019,2026-05-11 04:40,2026-05-11 04:47,ACC-0488,Mid,Payroll Connect,Report request,Need a labour cost report by week,Yes
BOT-01020,2026-05-11 08:54,2026-05-11 09:06,ACC-0496,Mid,Timesheets,Billing question,Question about our latest invoice,Yes
BOT-01021,2026-05-11 12:17,2026-05-11 12:24,ACC-0567,Small,Rota,Report request,How do I report on hours by site,Yes
BOT-01022,2026-05-11 20:36,2026-05-11 20:49,ACC-0048,Small,Rota,Clock-in error,Clock-in error at the Leeds site,Yes
BOT-01023,2026-05-12 05:54,2026-05-12 06:06,ACC-0632,Enterprise,Rota,Password reset,Password reset email not arriving,Yes
BOT-01024,2026-05-12 06:35,2026-05-12 06:41,ACC-0614,Small,Payroll Connect,Billing question,Question about our latest invoice,Yes
BOT-01025,2026-05-12 08:58,2026-05-12 09:00,ACC-0702,Mid,Timesheets,Notifications not received,Staff not getting shift notifications,No
BOT-01026,2026-05-12 14:34,2026-05-12 14:45,ACC-0356,Mid,Rota,Rota publishing,Published rota not showing for staff,No
BOT-01027,2026-05-12 19:57,2026-05-12 20:01,ACC-0635,Mid,Rota,Notifications not received,Staff not getting shift notifications,No
BOT-01028,2026-05-13 10:32,2026-05-13 10:46,ACC-0009,Small,Rota,Billing question,Why did our bill go up this month,Yes
BOT-01029,2026-05-13 11:18,2026-05-13 11:20,ACC-0677,Enterprise,Rota,Cancel subscription,We'd like to cancel our subscription,Yes
BOT-01030,2026-05-13 17:22,2026-05-13 17:30,ACC-0225,Small,Rota,Timesheet approval,Approved timesheets reverting to draft,Yes
BOT-01031,2026-05-13 18:01,2026-05-13 18:05,ACC-0078,Mid,Timesheets,Timesheet approval,Approved timesheets reverting to draft,No
BOT-01032,2026-05-13 22:29,2026-05-13 22:41,ACC-0576,Small,Timesheets,Add users,Bulk add 40 users from a spreadsheet,Yes
BOT-01033,2026-05-14 02:40,2026-05-14 02:54,ACC-0666,Small,Timesheets,Notifications not received,Staff not getting shift notifications,No
BOT-01034,2026-05-14 07:13,2026-05-14 07:21,ACC-0895,Enterprise,Timesheets,Login issue,Login keeps failing for our managers,Yes
BOT-01035,2026-05-14 09:47,2026-05-14 10:01,ACC-0506,Enterprise,Rota,Mobile app crash,iOS app closes on login,No
BOT-01036,2026-05-14 11:35,2026-05-14 11:41,ACC-0755,Small,Timesheets,Password reset,Password reset email not arriving,Yes
BOT-01037,2026-05-14 18:40,2026-05-14 18:50,ACC-0800,Small,Rota,Report request,How do I report on hours by site,Yes
BOT-01038,2026-05-14 22:44,2026-05-14 22:59,ACC-0057,Small,Rota,Clock-in error,Clock-in error at the Leeds site,Yes
BOT-01039,2026-05-15 03:34,2026-05-15 03:37,ACC-0559,Mid,Rota,Billing question,Question about our latest invoice,Yes
BOT-01040,2026-05-15 14:06,2026-05-15 14:13,ACC-0874,Small,Rota,Login issue,Locked out after password change,Yes
BOT-01041,2026-05-15 15:33,2026-05-15 15:40,ACC-0583,Mid,Timesheets,Timesheet approval,Managers can't approve timesheets,Yes
BOT-01042,2026-05-16 02:29,2026-05-16 02:36,ACC-0295,Small,Timesheets,Login issue,Locked out after password change,Yes
BOT-01043,2026-05-16 03:47,2026-05-16 03:58,ACC-0348,Small,Payroll Connect,Export to payroll failed,Payroll export failed this morning,Yes
BOT-01044,2026-05-16 06:58,2026-05-16 07:13,ACC-0894,Mid,Rota,Shift swap not working,Shift swap requests stuck pending,Yes
BOT-01045,2026-05-16 08:18,2026-05-16 08:31,ACC-0220,Mid,Timesheets,Login issue,Login keeps failing for our managers,Yes
BOT-01046,2026-05-16 18:25,2026-05-16 18:37,ACC-0126,Small,Timesheets,Mobile app crash,App crashes when opening the rota,Yes
BOT-01047,2026-05-16 20:28,2026-05-16 20:42,ACC-0586,Mid,Payroll Connect,Timesheet approval,Managers can't approve timesheets,Yes
BOT-01048,2026-05-17 13:56,2026-05-17 14:03,ACC-0180,Small,Timesheets,Clock-in error,Geofence blocking clock-in for remote staff,Yes
BOT-01049,2026-05-17 21:51,2026-05-17 22:02,ACC-0040,Small,Payroll Connect,Billing question,Question about our latest invoice,Yes
BOT-01050,2026-05-18 00:25,2026-05-18 00:39,ACC-0830,Enterprise,Payroll Connect,Export to payroll failed,Export to Sage payroll missing overtime hours,Yes
BOT-01051,2026-05-18 04:50,2026-05-18 04:54,ACC-0501,Enterprise,Timesheets,Invoice copy,Please send a copy of invoice for March,Yes
BOT-01052,2026-05-18 06:19,2026-05-18 06:23,ACC-0216,Mid,Payroll Connect,Export to payroll failed,Export to Sage payroll missing overtime hours,Yes
BOT-01053,2026-05-18 09:31,2026-05-18 09:35,ACC-0171,Small,Timesheets,Billing question,Question about our latest invoice,Yes
BOT-01054,2026-05-18 14:13,2026-05-18 14:17,ACC-0092,Small,Payroll Connect,Mobile app crash,iOS app closes on login,Yes
BOT-01055,2026-05-18 21:53,2026-05-18 22:08,ACC-0875,Enterprise,Payroll Connect,Payroll mapping,Pay codes mapping wrong in payroll file,Yes
BOT-01056,2026-05-18 23:19,2026-05-18 23:22,ACC-0738,Small,Timesheets,Timesheet approval,Managers can't approve timesheets,Yes
BOT-01057,2026-05-19 02:14,2026-05-19 02:24,ACC-0215,Small,Payroll Connect,Login issue,Can't log in to Larkspur,Yes
BOT-01058,2026-05-19 05:46,2026-05-19 05:57,ACC-0383,Small,Payroll Connect,Payroll mapping,Holiday pay mapped to wrong code in export,Yes
BOT-01059,2026-05-19 10:19,2026-05-19 10:24,ACC-0076,Mid,Payroll Connect,API error,Webhook payload missing employee ID,Yes
BOT-01060,2026-05-19 14:52,2026-05-19 15:01,ACC-0871,Small,Payroll Connect,Add users,How do I add new starters to the rota,Yes
BOT-01061,2026-05-19 16:57,2026-05-19 17:09,ACC-0503,Small,Rota,Clock-in error,Geofence blocking clock-in for remote staff,Yes
BOT-01062,2026-05-19 22:15,2026-05-19 22:20,ACC-0371,Small,Rota,Report request,How do I report on hours by site,No
BOT-01063,2026-05-20 07:28,2026-05-20 07:40,ACC-0593,Mid,Rota,SSO,SSO login stopped working with Azure AD,Yes
BOT-01064,2026-05-20 09:53,2026-05-20 09:56,ACC-0072,Mid,Rota,Password reset,Need a password reset for a staff member,Yes
BOT-01065,2026-05-20 15:10,2026-05-20 15:23,ACC-0618,Mid,Rota,Invoice copy,Need VAT invoice for finance,No
BOT-01066,2026-05-20 23:37,2026-05-20 23:46,ACC-0513,Mid,Timesheets,Timesheet approval,Managers can't approve timesheets,Yes
BOT-01067,2026-05-21 05:05,2026-05-21 05:07,ACC-0737,Mid,Payroll Connect,API error,Webhook payload missing employee ID,Yes
BOT-01068,2026-05-21 05:53,2026-05-21 06:00,ACC-0279,Small,Timesheets,Add users,Bulk add 40 users from a spreadsheet,Yes
BOT-01069,2026-05-21 08:09,2026-05-21 08:23,ACC-0283,Small,Payroll Connect,Timesheet approval,Managers can't approve timesheets,Yes
BOT-01070,2026-05-21 09:05,2026-05-21 09:16,ACC-0708,Enterprise,Timesheets,SSO,Single sign-on redirect loop for all users,Yes
BOT-01071,2026-05-21 11:30,2026-05-21 11:42,ACC-0636,Small,Rota,Report request,Need a labour cost report by week,Yes
BOT-01072,2026-05-21 21:24,2026-05-21 21:32,ACC-0866,Small,Payroll Connect,Data import,CSV import ignoring contract hours,No
BOT-01073,2026-05-21 21:53,2026-05-21 22:01,ACC-0860,Mid,Rota,SSO,SSO login stopped working with Azure AD,Yes
BOT-01074,2026-05-22 07:50,2026-05-22 07:52,ACC-0842,Small,Timesheets,Report request,How do I report on hours by site,Yes
BOT-01075,2026-05-22 19:10,2026-05-22 19:22,ACC-0454,Small,Payroll Connect,Login issue,Can't log in to Larkspur,Yes
BOT-01076,2026-05-23 14:07,2026-05-23 14:15,ACC-0561,Small,Timesheets,Timesheet approval,Approved timesheets reverting to draft,Yes
BOT-01077,2026-05-23 20:50,2026-05-23 20:55,ACC-0420,Mid,Rota,Login issue,Login keeps failing for our managers,Yes
BOT-01078,2026-05-23 21:26,2026-05-23 21:29,ACC-0037,Mid,Payroll Connect,Timesheet approval,Approved timesheets reverting to draft,Yes
BOT-01079,2026-05-23 23:41,2026-05-23 23:50,ACC-0555,Small,Payroll Connect,Data import,Import of staff list failing on row 12,Yes
BOT-01080,2026-05-24 03:52,2026-05-24 04:00,ACC-0630,Mid,Payroll Connect,Export to payroll failed,Payroll export failed this morning,Yes
BOT-01081,2026-05-24 06:00,2026-05-24 06:14,ACC-0016,Mid,Timesheets,Export to payroll failed,Payroll export failed this morning,Yes
BOT-01082,2026-05-24 07:38,2026-05-24 07:40,ACC-0698,Mid,Rota,Rota publishing,Rota changes not saving before publish,Yes
BOT-01083,2026-05-25 01:23,2026-05-25 01:31,ACC-0524,Enterprise,Rota,Billing question,Why did our bill go up this month,Yes
BOT-01084,2026-05-25 04:26,2026-05-25 04:29,ACC-0429,Small,Rota,SSO,SSO login stopped working with Azure AD,Yes
BOT-01085,2026-05-25 07:10,2026-05-25 07:14,ACC-0218,Mid,Payroll Connect,Cancel subscription,We'd like to cancel our subscription,Yes
BOT-01086,2026-05-25 08:43,2026-05-25 08:50,ACC-0237,Small,Timesheets,Password reset,Need a password reset for a staff member,Yes
BOT-01087,2026-05-25 09:18,2026-05-25 09:25,ACC-0813,Mid,Timesheets,Password reset,Password reset email not arriving,Yes
BOT-01088,2026-05-25 12:08,2026-05-25 12:18,ACC-0812,Mid,Timesheets,Cancel subscription,Notice to end our contract,Yes
BOT-01089,2026-05-25 13:06,2026-05-25 13:15,ACC-0039,Mid,Rota,Mobile app crash,App crashes when opening the rota,Yes
BOT-01090,2026-05-25 19:06,2026-05-25 19:15,ACC-0229,Mid,Timesheets,Report request,Need a labour cost report by week,Yes
BOT-01091,2026-05-26 01:12,2026-05-26 01:27,ACC-0292,Mid,Payroll Connect,Report request,How do I report on hours by site,No
BOT-01092,2026-05-26 03:00,2026-05-26 03:10,ACC-0400,Mid,Payroll Connect,Billing question,Why did our bill go up this month,Yes
BOT-01093,2026-05-27 19:50,2026-05-27 19:53,ACC-0689,Small,Timesheets,Notifications not received,Push notifications stopped on Android,Yes
BOT-01094,2026-05-27 20:11,2026-05-27 20:19,ACC-0773,Small,Timesheets,Timesheet approval,Managers can't approve timesheets,Yes
BOT-01095,2026-05-27 23:21,2026-05-27 23:35,ACC-0325,Enterprise,Timesheets,Export to payroll failed,Payroll export failed this morning,Yes
BOT-01096,2026-05-28 08:16,2026-05-28 08:23,ACC-0068,Small,Payroll Connect,Export to payroll failed,Export to Sage payroll missing overtime hours,Yes
BOT-01097,2026-05-28 12:24,2026-05-28 12:34,ACC-0108,Small,Payroll Connect,Login issue,Login keeps failing for our managers,Yes
BOT-01098,2026-05-28 15:36,2026-05-28 15:39,ACC-0074,Small,Timesheets,Payroll mapping,Pay codes mapping wrong in payroll file,Yes
BOT-01099,2026-05-28 21:32,2026-05-28 21:46,ACC-0423,Small,Rota,Clock-in error,Geofence blocking clock-in for remote staff,No
BOT-01100,2026-05-29 11:55,2026-05-29 12:06,ACC-0537,Small,Rota,Notifications not received,Push notifications stopped on Android,Yes
BOT-01101,2026-05-29 23:42,2026-05-29 23:54,ACC-0365,Small,Payroll Connect,Shift swap not working,Shift swap requests stuck pending,Yes
BOT-01102,2026-05-30 03:04,2026-05-30 03:12,ACC-0013,Enterprise,Timesheets,Clock-in error,Clock-in error at the Leeds site,Yes
BOT-01103,2026-05-30 05:33,2026-05-30 05:35,ACC-0285,Small,Payroll Connect,API error,API returning 500 on shifts endpoint,Yes
BOT-01104,2026-05-30 12:58,2026-05-30 13:12,ACC-0648,Small,Timesheets,Notifications not received,Staff not getting shift notifications,Yes
BOT-01105,2026-05-30 19:55,2026-05-30 20:01,ACC-0128,Mid,Timesheets,Login issue,Locked out after password change,Yes
BOT-01106,2026-05-31 05:31,2026-05-31 05:39,ACC-0184,Enterprise,Payroll Connect,Payroll mapping,Holiday pay mapped to wrong code in export,No
BOT-01107,2026-05-31 08:59,2026-05-31 09:01,ACC-0198,Small,Payroll Connect,SSO,Single sign-on redirect loop for all users,No
BOT-01108,2026-05-31 10:47,2026-05-31 10:57,ACC-0228,Enterprise,Rota,Rota publishing,Rota changes not saving before publish,Yes
BOT-01109,2026-05-31 17:12,2026-05-31 17:17,ACC-0490,Mid,Rota,Add users,How do I add new starters to the rota,Yes
BOT-01110,2026-05-31 19:14,2026-05-31 19:24,ACC-0098,Enterprise,Timesheets,Payroll mapping,Holiday pay mapped to wrong code in export,No
BOT-01111,2026-05-31 20:42,2026-05-31 20:46,ACC-0581,Mid,Timesheets,Timesheet approval,Managers can't approve timesheets,Yes
BOT-01112,2026-05-31 22:12,2026-05-31 22:24,ACC-0900,Mid,Rota,Invoice copy,Need VAT invoice for finance,Yes
BOT-01113,2026-06-01 04:27,2026-06-01 04:40,ACC-0709,Small,Payroll Connect,Payroll mapping,Pay codes mapping wrong in payroll file,Yes
BOT-01114,2026-06-01 16:36,2026-06-01 16:46,ACC-0442,Small,Rota,Notifications not received,Staff not getting shift notifications,Yes
BOT-01115,2026-06-02 10:02,2026-06-02 10:11,ACC-0444,Enterprise,Timesheets,SSO,Single sign-on redirect loop for all users,No
BOT-01116,2026-06-02 12:24,2026-06-02 12:30,ACC-0517,Mid,Rota,API error,Webhook payload missing employee ID,Yes
BOT-01117,2026-06-02 23:21,2026-06-02 23:35,ACC-0487,Small,Rota,Shift swap not working,Shift swap requests stuck pending,Yes
BOT-01118,2026-06-03 01:16,2026-06-03 01:27,ACC-0255,Enterprise,Payroll Connect,API error,Webhook payload missing employee ID,No
BOT-01119,2026-06-03 13:44,2026-06-03 13:51,ACC-0885,Mid,Timesheets,API error,Webhook payload missing employee ID,Yes
BOT-01120,2026-06-04 00:48,2026-06-04 00:58,ACC-0684,Small,Payroll Connect,API error,API returning 500 on shifts endpoint,No
BOT-01121,2026-06-04 23:15,2026-06-04 23:23,ACC-0042,Small,Rota,Password reset,Password reset email not arriving,Yes
BOT-01122,2026-06-05 04:50,2026-06-05 04:52,ACC-0879,Mid,Payroll Connect,Export to payroll failed,Payroll export failed this morning,Yes
BOT-01123,2026-06-05 10:50,2026-06-05 10:52,ACC-0080,Small,Rota,Login issue,Locked out after password change,Yes
BOT-01124,2026-06-05 22:02,2026-06-05 22:15,ACC-0366,Enterprise,Rota,SSO,SSO login stopped working with Azure AD,Yes
BOT-01125,2026-06-06 07:34,2026-06-06 07:48,ACC-0852,Mid,Rota,Timesheet approval,Approved timesheets reverting to draft,Yes
BOT-01126,2026-06-06 07:50,2026-06-06 07:59,ACC-0064,Small,Payroll Connect,Payroll mapping,Holiday pay mapped to wrong code in export,Yes
BOT-01127,2026-06-06 10:31,2026-06-06 10:45,ACC-0785,Small,Rota,Shift swap not working,Staff can't swap shifts in the app,No
BOT-01128,2026-06-06 19:28,2026-06-06 19:38,ACC-0551,Mid,Rota,Shift swap not working,Shift swap requests stuck pending,Yes
BOT-01129,2026-06-07 09:09,2026-06-07 09:11,ACC-0549,Mid,Rota,SSO,Single sign-on redirect loop for all users,Yes
BOT-01130,2026-06-07 11:18,2026-06-07 11:31,ACC-0450,Mid,Payroll Connect,API error,Webhook payload missing employee ID,Yes
BOT-01131,2026-06-08 00:37,2026-06-08 00:46,ACC-0457,Mid,Timesheets,Billing question,Why did our bill go up this month,Yes
BOT-01132,2026-06-08 01:55,2026-06-08 02:03,ACC-0014,Small,Rota,Clock-in error,Clock-in error at the Leeds site,No
BOT-01133,2026-06-08 21:00,2026-06-08 21:10,ACC-0862,Small,Rota,SSO,SSO login stopped working with Azure AD,Yes
BOT-01134,2026-06-08 21:17,2026-06-08 21:31,ACC-0273,Mid,Timesheets,Password reset,Password reset email not arriving,Yes
BOT-01135,2026-06-10 02:29,2026-06-10 02:44,ACC-0289,Small,Payroll Connect,Clock-in error,Clock-in error at the Leeds site,No
BOT-01136,2026-06-10 07:23,2026-06-10 07:28,ACC-0480,Enterprise,Payroll Connect,Cancel subscription,Notice to end our contract,Yes
BOT-01137,2026-06-10 10:22,2026-06-10 10:26,ACC-0844,Mid,Rota,Shift swap not working,Staff can't swap shifts in the app,Yes
BOT-01138,2026-06-11 02:28,2026-06-11 02:37,ACC-0882,Mid,Timesheets,Invoice copy,Please send a copy of invoice for March,No
BOT-01139,2026-06-11 09:34,2026-06-11 09:42,ACC-0640,Small,Rota,Add users,Bulk add 40 users from a spreadsheet,Yes
BOT-01140,2026-06-11 14:00,2026-06-11 14:13,ACC-0864,Enterprise,Payroll Connect,Notifications not received,Push notifications stopped on Android,Yes
BOT-01141,2026-06-12 01:11,2026-06-12 01:20,ACC-0307,Mid,Rota,Report request,Need a labour cost report by week,Yes
BOT-01142,2026-06-12 05:03,2026-06-12 05:18,ACC-0683,Small,Rota,Login issue,Can't log in to Larkspur,Yes
BOT-01143,2026-06-12 05:46,2026-06-12 05:56,ACC-0479,Mid,Rota,Password reset,Need a password reset for a staff member,Yes
BOT-01144,2026-06-12 12:04,2026-06-12 12:18,ACC-0182,Enterprise,Payroll Connect,Invoice copy,Please send a copy of invoice for March,Yes
BOT-01145,2026-06-12 13:04,2026-06-12 13:08,ACC-0702,Mid,Timesheets,Mobile app crash,App crashes when opening the rota,Yes
BOT-01146,2026-06-12 15:29,2026-06-12 15:41,ACC-0005,Mid,Payroll Connect,Password reset,Password reset email not arriving,No
BOT-01147,2026-06-12 22:35,2026-06-12 22:45,ACC-0654,Mid,Payroll Connect,Add users,Bulk add 40 users from a spreadsheet,Yes
BOT-01148,2026-06-13 00:42,2026-06-13 00:53,ACC-0705,Small,Rota,Login issue,Login keeps failing for our managers,Yes
BOT-01149,2026-06-13 02:47,2026-06-13 02:53,ACC-0162,Small,Rota,Cancel subscription,We'd like to cancel our subscription,Yes
BOT-01150,2026-06-13 03:08,2026-06-13 03:17,ACC-0873,Mid,Rota,Shift swap not working,Staff can't swap shifts in the app,No
BOT-01151,2026-06-13 03:11,2026-06-13 03:17,ACC-0522,Enterprise,Timesheets,Password reset,Need a password reset for a staff member,Yes
BOT-01152,2026-06-13 09:56,2026-06-13 10:11,ACC-0261,Small,Rota,Add users,Bulk add 40 users from a spreadsheet,Yes
BOT-01153,2026-06-13 13:29,2026-06-13 13:34,ACC-0686,Small,Payroll Connect,Timesheet approval,Managers can't approve timesheets,Yes
BOT-01154,2026-06-13 14:06,2026-06-13 14:15,ACC-0634,Mid,Timesheets,Password reset,Password reset email not arriving,No
BOT-01155,2026-06-13 18:50,2026-06-13 18:57,ACC-0235,Small,Timesheets,API error,Webhook payload missing employee ID,Yes
BOT-01156,2026-06-13 21:07,2026-06-13 21:17,ACC-0502,Mid,Payroll Connect,Timesheet approval,Managers can't approve timesheets,Yes
BOT-01157,2026-06-14 11:44,2026-06-14 11:55,ACC-0471,Small,Rota,SSO,Single sign-on redirect loop for all users,Yes
BOT-01158,2026-06-14 15:06,2026-06-14 15:21,ACC-0201,Small,Payroll Connect,Cancel subscription,We'd like to cancel our subscription,Yes
BOT-01159,2026-06-14 19:13,2026-06-14 19:16,ACC-0667,Mid,Payroll Connect,Billing question,Question about our latest invoice,Yes
BOT-01160,2026-06-14 19:59,2026-06-14 20:14,ACC-0496,Mid,Timesheets,Timesheet approval,Managers can't approve timesheets,Yes
BOT-01161,2026-06-14 20:12,2026-06-14 20:26,ACC-0046,Small,Timesheets,Shift swap not working,Shift swap requests stuck pending,Yes
BOT-01162,2026-06-14 22:44,2026-06-14 22:54,ACC-0467,Mid,Payroll Connect,Login issue,Can't log in to Larkspur,Yes
BOT-01163,2026-06-15 08:57,2026-06-15 09:07,ACC-0758,Enterprise,Rota,Shift swap not working,Staff can't swap shifts in the app,Yes
BOT-01164,2026-06-15 13:47,2026-06-15 13:52,ACC-0082,Small,Rota,Password reset,Need a password reset for a staff member,Yes
BOT-01165,2026-06-15 23:23,2026-06-15 23:26,ACC-0505,Small,Rota,Clock-in error,Geofence blocking clock-in for remote staff,Yes
BOT-01166,2026-06-16 07:59,2026-06-16 08:01,ACC-0446,Small,Timesheets,Password reset,Password reset email not arriving,Yes
BOT-01167,2026-06-16 08:47,2026-06-16 09:00,ACC-0645,Mid,Timesheets,Login issue,Login keeps failing for our managers,Yes
BOT-01168,2026-06-16 14:11,2026-06-16 14:22,ACC-0727,Enterprise,Rota,Data import,Import of staff list failing on row 12,Yes
BOT-01169,2026-06-16 18:28,2026-06-16 18:32,ACC-0884,Small,Rota,SSO,SSO login stopped working with Azure AD,Yes
BOT-01170,2026-06-16 20:01,2026-06-16 20:13,ACC-0891,Mid,Rota,Data import,Import of staff list failing on row 12,Yes
BOT-01171,2026-06-16 22:59,2026-06-16 23:14,ACC-0804,Mid,Rota,Add users,How do I add new starters to the rota,Yes
BOT-01172,2026-06-17 01:43,2026-06-17 01:54,ACC-0748,Small,Rota,Notifications not received,Staff not getting shift notifications,Yes
BOT-01173,2026-06-17 02:08,2026-06-17 02:15,ACC-0187,Mid,Timesheets,Billing question,Why did our bill go up this month,No
BOT-01174,2026-06-17 09:43,2026-06-17 09:52,ACC-0216,Mid,Payroll Connect,Report request,Need a labour cost report by week,Yes
BOT-01175,2026-06-17 11:31,2026-06-17 11:41,ACC-0313,Mid,Rota,Password reset,Password reset email not arriving,Yes
BOT-01176,2026-06-17 19:09,2026-06-17 19:13,ACC-0839,Mid,Rota,Mobile app crash,App crashes when opening the rota,Yes
BOT-01177,2026-06-17 19:25,2026-06-17 19:34,ACC-0706,Small,Rota,Mobile app crash,iOS app closes on login,Yes
BOT-01178,2026-06-17 23:14,2026-06-17 23:21,ACC-0805,Small,Rota,Login issue,Can't log in to Larkspur,No
BOT-01179,2026-06-18 04:08,2026-06-18 04:15,ACC-0747,Mid,Rota,Billing question,Why did our bill go up this month,No
BOT-01180,2026-06-18 08:47,2026-06-18 08:56,ACC-0221,Small,Payroll Connect,Billing question,Why did our bill go up this month,Yes
BOT-01181,2026-06-18 10:06,2026-06-18 10:10,ACC-0596,Mid,Rota,Password reset,Password reset email not arriving,Yes
BOT-01182,2026-06-18 23:38,2026-06-18 23:44,ACC-0099,Mid,Rota,Shift swap not working,Staff can't swap shifts in the app,No
BOT-01183,2026-06-19 07:55,2026-06-19 08:02,ACC-0619,Mid,Rota,Login issue,Login keeps failing for our managers,Yes
BOT-01184,2026-06-19 08:13,2026-06-19 08:21,ACC-0530,Mid,Timesheets,Report request,How do I report on hours by site,Yes
BOT-01185,2026-06-19 11:56,2026-06-19 12:04,ACC-0838,Mid,Payroll Connect,SSO,Single sign-on redirect loop for all users,Yes
BOT-01186,2026-06-19 18:19,2026-06-19 18:28,ACC-0854,Enterprise,Timesheets,Payroll mapping,Holiday pay mapped to wrong code in export,No
BOT-01187,2026-06-19 20:12,2026-06-19 20:27,ACC-0341,Mid,Timesheets,Clock-in error,Clock-in error at the Leeds site,Yes
BOT-01188,2026-06-20 09:44,2026-06-20 09:53,ACC-0741,Small,Timesheets,Cancel subscription,We'd like to cancel our subscription,Yes
BOT-01189,2026-06-20 12:07,2026-06-20 12:16,ACC-0262,Small,Payroll Connect,Export to payroll failed,Export to Sage payroll missing overtime hours,No
BOT-01190,2026-06-20 14:28,2026-06-20 14:40,ACC-0274,Small,Timesheets,API error,Webhook payload missing employee ID,Yes
BOT-01191,2026-06-20 18:31,2026-06-20 18:36,ACC-0544,Mid,Payroll Connect,Password reset,Password reset email not arriving,No
BOT-01192,2026-06-21 01:40,2026-06-21 01:50,ACC-0195,Small,Payroll Connect,Password reset,Need a password reset for a staff member,Yes
BOT-01193,2026-06-21 02:36,2026-06-21 02:40,ACC-0088,Mid,Rota,Billing question,Question about our latest invoice,Yes
BOT-01194,2026-06-21 03:16,2026-06-21 03:20,ACC-0146,Small,Timesheets,Billing question,Why did our bill go up this month,No
BOT-01195,2026-06-21 04:02,2026-06-21 04:15,ACC-0209,Mid,Timesheets,Billing question,Why did our bill go up this month,Yes
BOT-01196,2026-06-21 05:37,2026-06-21 05:51,ACC-0333,Small,Payroll Connect,Report request,How do I report on hours by site,Yes
BOT-01197,2026-06-21 15:13,2026-06-21 15:27,ACC-0015,Enterprise,Rota,Rota publishing,Published rota not showing for staff,No
BOT-01198,2026-06-21 17:19,2026-06-21 17:25,ACC-0393,Enterprise,Payroll Connect,Timesheet approval,Managers can't approve timesheets,Yes
BOT-01199,2026-06-21 20:22,2026-06-21 20:31,ACC-0888,Mid,Payroll Connect,API error,Webhook payload missing employee ID,Yes
BOT-01200,2026-06-21 20:31,2026-06-21 20:42,ACC-0590,Small,Timesheets,Clock-in error,Geofence blocking clock-in for remote staff,Yes
BOT-01201,2026-06-21 23:37,2026-06-21 23:48,ACC-0876,Small,Timesheets,Report request,Need a labour cost report by week,Yes
BOT-01202,2026-06-23 15:24,2026-06-23 15:26,ACC-0173,Small,Rota,Data import,Import of staff list failing on row 12,Yes
BOT-01203,2026-06-23 19:36,2026-06-23 19:49,ACC-0172,Mid,Rota,Login issue,Can't log in to Larkspur,Yes
BOT-01204,2026-06-23 20:26,2026-06-23 20:34,ACC-0283,Small,Payroll Connect,Timesheet approval,Approved timesheets reverting to draft,Yes
BOT-01205,2026-06-24 04:39,2026-06-24 04:43,ACC-0394,Small,Rota,Shift swap not working,Shift swap requests stuck pending,Yes
BOT-01206,2026-06-24 09:15,2026-06-24 09:27,ACC-0226,Mid,Rota,Billing question,Question about our latest invoice,Yes
BOT-01207,2026-06-24 20:27,2026-06-24 20:41,ACC-0728,Mid,Timesheets,Login issue,Can't log in to Larkspur,Yes
BOT-01208,2026-06-24 21:07,2026-06-24 21:12,ACC-0308,Mid,Payroll Connect,Billing question,Question about our latest invoice,No
BOT-01209,2026-06-25 00:03,2026-06-25 00:09,ACC-0084,Mid,Payroll Connect,SSO,Single sign-on redirect loop for all users,Yes
BOT-01210,2026-06-25 09:42,2026-06-25 09:57,ACC-0076,Mid,Payroll Connect,Report request,How do I report on hours by site,Yes
BOT-01211,2026-06-25 14:06,2026-06-25 14:18,ACC-0562,Mid,Rota,Data import,CSV import ignoring contract hours,Yes
BOT-01212,2026-06-25 22:49,2026-06-25 22:54,ACC-0061,Mid,Payroll Connect,Notifications not received,Push notifications stopped on Android,No
BOT-01213,2026-06-26 04:01,2026-06-26 04:03,ACC-0385,Mid,Timesheets,Mobile app crash,iOS app closes on login,No
BOT-01214,2026-06-26 11:24,2026-06-26 11:26,ACC-0599,Mid,Rota,Invoice copy,Need VAT invoice for finance,Yes
BOT-01215,2026-06-27 00:48,2026-06-27 00:55,ACC-0232,Small,Rota,Data import,CSV import ignoring contract hours,Yes
BOT-01216,2026-06-27 01:53,2026-06-27 01:55,ACC-0595,Small,Timesheets,Password reset,Need a password reset for a staff member,No
BOT-01217,2026-06-27 05:47,2026-06-27 05:50,ACC-0795,Small,Payroll Connect,Login issue,Login keeps failing for our managers,Yes
BOT-01218,2026-06-27 08:14,2026-06-27 08:22,ACC-0803,Small,Rota,Billing question,Why did our bill go up this month,No
BOT-01219,2026-06-27 09:32,2026-06-27 09:43,ACC-0582,Mid,Rota,Mobile app crash,App crashes when opening the rota,Yes
BOT-01220,2026-06-27 09:39,2026-06-27 09:51,ACC-0038,Mid,Payroll Connect,API error,Webhook payload missing employee ID,Yes
BOT-01221,2026-06-27 12:45,2026-06-27 12:50,ACC-0660,Small,Rota,Billing question,Why did our bill go up this month,Yes
BOT-01222,2026-06-27 23:56,2026-06-28 00:09,ACC-0112,Mid,Payroll Connect,Data import,Import of staff list failing on row 12,Yes
BOT-01223,2026-06-28 17:44,2026-06-28 17:54,ACC-0097,Mid,Timesheets,SSO,Single sign-on redirect loop for all users,Yes
BOT-01224,2026-06-29 15:10,2026-06-29 15:24,ACC-0418,Mid,Timesheets,Timesheet approval,Approved timesheets reverting to draft,Yes
BOT-01225,2026-06-29 15:53,2026-06-29 16:06,ACC-0305,Small,Rota,Notifications not received,Staff not getting shift notifications,Yes
BOT-01226,2026-06-29 17:08,2026-06-29 17:13,ACC-0245,Mid,Timesheets,Report request,Need a labour cost report by week,Yes
BOT-01227,2026-06-29 20:44,2026-06-29 20:55,ACC-0710,Small,Rota,Shift swap not working,Shift swap requests stuck pending,Yes
BOT-01228,2026-06-30 10:22,2026-06-30 10:29,ACC-0780,Small,Rota,Notifications not received,Push notifications stopped on Android,Yes
BOT-01229,2026-06-30 13:10,2026-06-30 13:22,ACC-0630,Mid,Payroll Connect,Billing question,Question about our latest invoice,Yes
BOT-01230,2026-07-01 00:58,2026-07-01 01:13,ACC-0757,Mid,Rota,Login issue,Login keeps failing for our managers,Yes
BOT-01231,2026-07-01 01:10,2026-07-01 01:14,ACC-0567,Small,Rota,Mobile app crash,App crashes when opening the rota,Yes
BOT-01232,2026-07-01 01:25,2026-07-01 01:29,ACC-0344,Mid,Timesheets,Rota publishing,Rota changes not saving before publish,Yes
BOT-01233,2026-07-01 03:29,2026-07-01 03:34,ACC-0343,Small,Payroll Connect,Password reset,Need a password reset for a staff member,No
BOT-01234,2026-07-01 14:53,2026-07-01 15:03,ACC-0287,Enterprise,Rota,Login issue,Locked out after password change,Yes
BOT-01235,2026-07-01 15:11,2026-07-01 15:18,ACC-0318,Small,Timesheets,Rota publishing,Published rota not showing for staff,No
BOT-01236,2026-07-01 16:52,2026-07-01 16:55,ACC-0449,Small,Rota,Shift swap not working,Staff can't swap shifts in the app,Yes
BOT-01237,2026-07-02 00:36,2026-07-02 00:45,ACC-0279,Small,Timesheets,SSO,SSO login stopped working with Azure AD,Yes
BOT-01238,2026-07-02 09:18,2026-07-02 09:28,ACC-0186,Enterprise,Rota,Add users,How do I add new starters to the rota,Yes
BOT-01239,2026-07-02 15:42,2026-07-02 15:49,ACC-0738,Small,Timesheets,Add users,How do I add new starters to the rota,Yes
BOT-01240,2026-07-02 19:54,2026-07-02 19:56,ACC-0865,Small,Payroll Connect,Payroll mapping,Holiday pay mapped to wrong code in export,Yes
BOT-01241,2026-07-02 21:15,2026-07-02 21:27,ACC-0205,Small,Rota,Rota publishing,Published rota not showing for staff,No
BOT-01242,2026-07-03 13:10,2026-07-03 13:17,ACC-0321,Small,Payroll Connect,Timesheet approval,Approved timesheets reverting to draft,Yes
BOT-01243,2026-07-03 15:11,2026-07-03 15:18,ACC-0282,Enterprise,Rota,Password reset,Need a password reset for a staff member,Yes
BOT-01244,2026-07-03 18:47,2026-07-03 18:50,ACC-0874,Small,Rota,Invoice copy,Please send a copy of invoice for March,Yes
BOT-01245,2026-07-03 20:44,2026-07-03 20:52,ACC-0441,Mid,Payroll Connect,Invoice copy,Need VAT invoice for finance,Yes
BOT-01246,2026-07-03 23:47,2026-07-03 23:57,ACC-0690,Small,Timesheets,Notifications not received,Staff not getting shift notifications,Yes
BOT-01247,2026-07-04 02:11,2026-07-04 02:25,ACC-0422,Small,Payroll Connect,Data import,Import of staff list failing on row 12,Yes
BOT-01248,2026-07-04 10:03,2026-07-04 10:16,ACC-0324,Mid,Rota,Report request,Need a labour cost report by week,Yes
BOT-01249,2026-07-04 11:30,2026-07-04 11:35,ACC-0135,Small,Timesheets,Billing question,Question about our latest invoice,Yes
BOT-01250,2026-07-04 11:53,2026-07-04 12:04,ACC-0613,Small,Rota,Add users,How do I add new starters to the rota,Yes
BOT-01251,2026-07-04 18:07,2026-07-04 18:17,ACC-0167,Small,Rota,Clock-in error,Clock-in error at the Leeds site,Yes
BOT-01252,2026-07-04 20:29,2026-07-04 20:31,ACC-0662,Small,Timesheets,Clock-in error,Geofence blocking clock-in for remote staff,Yes
BOT-01253,2026-07-04 21:55,2026-07-04 22:07,ACC-0156,Small,Timesheets,Data import,Import of staff list failing on row 12,Yes
BOT-01254,2026-07-05 15:57,2026-07-05 16:11,ACC-0430,Mid,Timesheets,Notifications not received,Staff not getting shift notifications,Yes
BOT-01255,2026-07-06 05:43,2026-07-06 05:54,ACC-0653,Small,Rota,Shift swap not working,Staff can't swap shifts in the app,Yes
BOT-01256,2026-07-06 09:35,2026-07-06 09:45,ACC-0115,Small,Timesheets,Billing question,Question about our latest invoice,Yes
BOT-01257,2026-07-06 10:24,2026-07-06 10:33,ACC-0453,Mid,Payroll Connect,Password reset,Password reset email not arriving,Yes
BOT-01258,2026-07-07 02:26,2026-07-07 02:29,ACC-0778,Small,Rota,Mobile app crash,iOS app closes on login,Yes
BOT-01259,2026-07-07 16:07,2026-07-07 16:09,ACC-0218,Mid,Payroll Connect,API error,API returning 500 on shifts endpoint,Yes
BOT-01260,2026-07-07 16:35,2026-07-07 16:38,ACC-0723,Small,Timesheets,Cancel subscription,Notice to end our contract,Yes
BOT-01261,2026-07-07 23:38,2026-07-07 23:41,ACC-0012,Mid,Timesheets,Notifications not received,Staff not getting shift notifications,Yes
BOT-01262,2026-07-07 23:53,2026-07-08 00:03,ACC-0547,Small,Payroll Connect,Payroll mapping,Holiday pay mapped to wrong code in export,Yes
BOT-01263,2026-07-08 16:52,2026-07-08 16:59,ACC-0766,Mid,Timesheets,Billing question,Question about our latest invoice,Yes
BOT-01264,2026-07-08 20:11,2026-07-08 20:26,ACC-0771,Mid,Rota,Clock-in error,Geofence blocking clock-in for remote staff,Yes
BOT-01265,2026-07-08 22:57,2026-07-08 23:08,ACC-0359,Enterprise,Payroll Connect,Export to payroll failed,Payroll export failed this morning,No
BOT-01266,2026-07-09 02:10,2026-07-09 02:20,ACC-0869,Mid,Timesheets,Login issue,Login keeps failing for our managers,No
BOT-01267,2026-07-09 04:42,2026-07-09 04:56,ACC-0829,Small,Payroll Connect,Password reset,Password reset email not arriving,No
BOT-01268,2026-07-09 04:53,2026-07-09 04:59,ACC-0238,Small,Payroll Connect,Export to payroll failed,Payroll export failed this morning,No
BOT-01269,2026-07-10 12:01,2026-07-10 12:13,ACC-0133,Small,Payroll Connect,Data import,CSV import ignoring contract hours,No
BOT-01270,2026-07-10 17:55,2026-07-10 17:57,ACC-0625,Mid,Payroll Connect,Password reset,Need a password reset for a staff member,Yes
BOT-01271,2026-07-10 18:29,2026-07-10 18:34,ACC-0326,Mid,Payroll Connect,API error,Webhook payload missing employee ID,Yes
BOT-01272,2026-07-10 22:58,2026-07-10 23:08,ACC-0019,Mid,Rota,Add users,Bulk add 40 users from a spreadsheet,No
BOT-01273,2026-07-11 04:39,2026-07-11 04:44,ACC-0071,Small,Timesheets,Invoice copy,Please send a copy of invoice for March,Yes
BOT-01274,2026-07-11 08:35,2026-07-11 08:50,ACC-0631,Mid,Rota,Login issue,Can't log in to Larkspur,No
BOT-01275,2026-07-11 13:00,2026-07-11 13:06,ACC-0743,Mid,Rota,Password reset,Password reset email not arriving,Yes
BOT-01276,2026-07-12 02:19,2026-07-12 02:33,ACC-0756,Small,Timesheets,Shift swap not working,Staff can't swap shifts in the app,Yes
BOT-01277,2026-07-12 09:15,2026-07-12 09:17,ACC-0198,Small,Payroll Connect,Payroll mapping,Holiday pay mapped to wrong code in export,Yes
BOT-01278,2026-07-12 09:53,2026-07-12 10:05,ACC-0672,Small,Rota,Mobile app crash,iOS app closes on login,No
BOT-01279,2026-07-12 15:48,2026-07-12 15:52,ACC-0676,Mid,Rota,Billing question,Question about our latest invoice,Yes
BOT-01280,2026-07-12 18:30,2026-07-12 18:39,ACC-0138,Enterprise,Payroll Connect,Report request,Need a labour cost report by week,Yes
BOT-01281,2026-07-12 18:57,2026-07-12 19:10,ACC-0462,Small,Payroll Connect,Data import,Import of staff list failing on row 12,Yes
BOT-01282,2026-07-13 01:55,2026-07-13 02:01,ACC-0714,Mid,Payroll Connect,Export to payroll failed,Export to Sage payroll missing overtime hours,Yes
BOT-01283,2026-07-13 05:39,2026-07-13 05:51,ACC-0199,Mid,Timesheets,Clock-in error,Clock-in error at the Leeds site,Yes
BOT-01284,2026-07-13 06:20,2026-07-13 06:33,ACC-0021,Small,Timesheets,Rota publishing,Rota changes not saving before publish,Yes
BOT-01285,2026-07-13 12:57,2026-07-13 13:05,ACC-0178,Small,Timesheets,Payroll mapping,Holiday pay mapped to wrong code in export,Yes
BOT-01286,2026-07-13 16:23,2026-07-13 16:32,ACC-0202,Mid,Rota,Notifications not received,Staff not getting shift notifications,Yes
BOT-01287,2026-07-14 08:12,2026-07-14 08:24,ACC-0464,Mid,Rota,Cancel subscription,Notice to end our contract,Yes
BOT-01288,2026-07-14 08:38,2026-07-14 08:47,ACC-0868,Mid,Rota,Notifications not received,Staff not getting shift notifications,Yes
BOT-01289,2026-07-14 18:51,2026-07-14 19:03,ACC-0864,Enterprise,Payroll Connect,Notifications not received,Push notifications stopped on Android,Yes
BOT-01290,2026-07-14 21:03,2026-07-14 21:10,ACC-0879,Mid,Payroll Connect,Export to payroll failed,Export to Sage payroll missing overtime hours,Yes
BOT-01291,2026-07-15 09:17,2026-07-15 09:21,ACC-0031,Mid,Rota,Rota publishing,Published rota not showing for staff,Yes
BOT-01292,2026-07-15 15:27,2026-07-15 15:31,ACC-0701,Mid,Rota,SSO,Single sign-on redirect loop for all users,Yes
BOT-01293,2026-07-16 00:50,2026-07-16 00:56,ACC-0361,Enterprise,Rota,Rota publishing,Published rota not showing for staff,Yes
BOT-01294,2026-07-16 00:50,2026-07-16 00:52,ACC-0476,Small,Rota,Report request,Need a labour cost report by week,Yes
BOT-01295,2026-07-16 02:20,2026-07-16 02:31,ACC-0571,Small,Payroll Connect,Payroll mapping,Pay codes mapping wrong in payroll file,No
BOT-01296,2026-07-16 19:35,2026-07-16 19:50,ACC-0472,Small,Rota,Data import,CSV import ignoring contract hours,No
BOT-01297,2026-07-16 21:21,2026-07-16 21:33,ACC-0276,Small,Timesheets,Clock-in error,Clock-in error at the Leeds site,Yes
BOT-01298,2026-07-18 12:09,2026-07-18 12:19,ACC-0873,Mid,Rota,Login issue,Login keeps failing for our managers,Yes
BOT-01299,2026-07-18 16:07,2026-07-18 16:20,ACC-0762,Mid,Timesheets,API error,API returning 500 on shifts endpoint,Yes
BOT-01300,2026-07-18 21:22,2026-07-18 21:26,ACC-0239,Enterprise,Rota,Password reset,Need a password reset for a staff member,Yes
BOT-01301,2026-07-19 02:10,2026-07-19 02:13,ACC-0739,Small,Timesheets,Clock-in error,Clock-in error at the Leeds site,Yes
BOT-01302,2026-07-19 04:27,2026-07-19 04:38,ACC-0098,Enterprise,Timesheets,Login issue,Login keeps failing for our managers,Yes
BOT-01303,2026-07-19 08:40,2026-07-19 08:47,ACC-0221,Small,Payroll Connect,Export to payroll failed,Payroll export failed this morning,Yes
BOT-01304,2026-07-19 13:11,2026-07-19 13:14,ACC-0806,Mid,Rota,Shift swap not working,Shift swap requests stuck pending,Yes
BOT-01305,2026-07-19 21:00,2026-07-19 21:02,ACC-0636,Small,Rota,Shift swap not working,Staff can't swap shifts in the app,Yes
BOT-01306,2026-07-20 00:41,2026-07-20 00:54,ACC-0052,Mid,Rota,Login issue,Locked out after password change,Yes
BOT-01307,2026-07-20 00:48,2026-07-20 00:57,ACC-0725,Small,Payroll Connect,Mobile app crash,iOS app closes on login,No
BOT-01308,2026-07-20 11:41,2026-07-20 11:46,ACC-0405,Enterprise,Rota,Rota publishing,Published rota not showing for staff,Yes
BOT-01309,2026-07-20 12:26,2026-07-20 12:35,ACC-0380,Small,Timesheets,Clock-in error,Clock-in error at the Leeds site,Yes
BOT-01310,2026-07-20 13:56,2026-07-20 14:04,ACC-0877,Mid,Timesheets,SSO,SSO login stopped working with Azure AD,Yes
BOT-01311,2026-07-20 16:17,2026-07-20 16:27,ACC-0515,Small,Timesheets,Clock-in error,Clock-in error at the Leeds site,Yes
BOT-01312,2026-07-21 04:20,2026-07-21 04:22,ACC-0165,Small,Rota,Login issue,Locked out after password change,Yes
BOT-01313,2026-07-21 04:51,2026-07-21 05:05,ACC-0153,Small,Timesheets,Mobile app crash,App crashes when opening the rota,Yes
BOT-01314,2026-07-21 08:37,2026-07-21 08:40,ACC-0349,Mid,Rota,Billing question,Question about our latest invoice,Yes
BOT-01315,2026-07-21 08:45,2026-07-21 08:58,ACC-0827,Small,Payroll Connect,Mobile app crash,iOS app closes on login,Yes
BOT-01316,2026-07-21 10:09,2026-07-21 10:11,ACC-0433,Mid,Timesheets,Clock-in error,Geofence blocking clock-in for remote staff,No
BOT-01317,2026-07-22 00:57,2026-07-22 01:05,ACC-0788,Enterprise,Rota,Password reset,Need a password reset for a staff member,No
BOT-01318,2026-07-22 03:58,2026-07-22 04:00,ACC-0035,Mid,Payroll Connect,Payroll mapping,Pay codes mapping wrong in payroll file,Yes
BOT-01319,2026-07-22 19:32,2026-07-22 19:40,ACC-0536,Small,Rota,Cancel subscription,Notice to end our contract,Yes
BOT-01320,2026-07-23 05:17,2026-07-23 05:20,ACC-0475,Small,Payroll Connect,Clock-in error,Geofence blocking clock-in for remote staff,No
BOT-01321,2026-07-23 15:50,2026-07-23 16:01,ACC-0080,Small,Rota,Rota publishing,Rota changes not saving before publish,Yes
BOT-01322,2026-07-23 22:49,2026-07-23 22:56,ACC-0096,Mid,Rota,Rota publishing,Published rota not showing for staff,Yes
BOT-01323,2026-07-24 18:20,2026-07-24 18:35,ACC-0227,Enterprise,Rota,Report request,How do I report on hours by site,Yes
BOT-01324,2026-07-24 19:48,2026-07-24 19:52,ACC-0551,Mid,Rota,Cancel subscription,We'd like to cancel our subscription,Yes
BOT-01325,2026-07-24 22:33,2026-07-24 22:38,ACC-0181,Mid,Timesheets,Clock-in error,Clock-in error at the Leeds site,Yes
BOT-01326,2026-07-25 19:18,2026-07-25 19:30,ACC-0882,Mid,Timesheets,Report request,Need a labour cost report by week,Yes
BOT-01327,2026-07-26 06:05,2026-07-26 06:20,ACC-0601,Small,Payroll Connect,Export to payroll failed,Export to Sage payroll missing overtime hours,No
BOT-01328,2026-07-26 19:07,2026-07-26 19:15,ACC-0602,Mid,Rota,Mobile app crash,iOS app closes on login,Yes
BOT-01329,2026-07-26 20:03,2026-07-26 20:08,ACC-0895,Enterprise,Timesheets,Add users,How do I add new starters to the rota,Yes
BOT-01330,2026-07-27 00:13,2026-07-27 00:25,ACC-0392,Small,Payroll Connect,Payroll mapping,Holiday pay mapped to wrong code in export,Yes
BOT-01331,2026-07-27 19:31,2026-07-27 19:36,ACC-0395,Small,Rota,Billing question,Why did our bill go up this month,Yes
BOT-01332,2026-07-28 18:20,2026-07-28 18:22,ACC-0410,Small,Timesheets,SSO,Single sign-on redirect loop for all users,Yes
BOT-01333,2026-07-28 19:38,2026-07-28 19:40,ACC-0893,Mid,Timesheets,Add users,Bulk add 40 users from a spreadsheet,Yes
BOT-01334,2026-07-29 13:29,2026-07-29 13:40,ACC-0187,Mid,Timesheets,Timesheet approval,Managers can't approve timesheets,Yes
BOT-01335,2026-07-29 14:32,2026-07-29 14:42,ACC-0379,Enterprise,Payroll Connect,Login issue,Login keeps failing for our managers,Yes
BOT-01336,2026-07-29 15:22,2026-07-29 15:33,ACC-0088,Mid,Rota,Notifications not received,Staff not getting shift notifications,Yes
BOT-01337,2026-07-29 19:51,2026-07-29 19:55,ACC-0591,Small,Payroll Connect,Export to payroll failed,Export to Sage payroll missing overtime hours,No
BOT-01338,2026-07-29 22:33,2026-07-29 22:35,ACC-0081,Small,Rota,SSO,Single sign-on redirect loop for all users,Yes
BOT-01339,2026-07-30 00:22,2026-07-30 00:36,ACC-0568,Small,Rota,Password reset,Need a password reset for a staff member,Yes
BOT-01340,2026-07-30 03:30,2026-07-30 03:37,ACC-0418,Mid,Timesheets,Login issue,Can't log in to Larkspur,Yes
BOT-01341,2026-07-30 15:57,2026-07-30 16:09,ACC-0630,Mid,Payroll Connect,API error,Webhook payload missing employee ID,No
BOT-01342,2026-07-31 00:59,2026-07-31 01:01,ACC-0724,Mid,Rota,Report request,How do I report on hours by site,No
BOT-01343,2026-07-31 01:00,2026-07-31 01:11,ACC-0477,Mid,Payroll Connect,Data import,Import of staff list failing on row 12,No
BOT-01344,2026-07-31 12:28,2026-07-31 12:43,ACC-0255,Enterprise,Payroll Connect,API error,Webhook payload missing employee ID,Yes
BOT-01345,2026-07-31 15:24,2026-07-31 15:26,ACC-0374,Mid,Rota,Cancel subscription,We'd like to cancel our subscription,Yes
BOT-01346,2026-08-01 02:51,2026-08-01 02:56,ACC-0871,Small,Payroll Connect,Password reset,Password reset email not arriving,Yes
BOT-01347,2026-08-01 05:46,2026-08-01 05:48,ACC-0160,Enterprise,Payroll Connect,Invoice copy,Please send a copy of invoice for March,Yes
BOT-01348,2026-08-01 06:57,2026-08-01 07:01,ACC-0789,Small,Rota,Shift swap not working,Staff can't swap shifts in the app,Yes
BOT-01349,2026-08-01 08:18,2026-08-01 08:32,ACC-0423,Small,Rota,Data import,CSV import ignoring contract hours,No
BOT-01350,2026-08-01 10:19,2026-08-01 10:34,ACC-0236,Mid,Rota,Rota publishing,Published rota not showing for staff,No
BOT-01351,2026-08-01 10:33,2026-08-01 10:47,ACC-0266,Enterprise,Timesheets,Login issue,Login keeps failing for our managers,Yes
BOT-01352,2026-08-01 11:43,2026-08-01 11:45,ACC-0793,Small,Rota,SSO,SSO login stopped working with Azure AD,No
BOT-01353,2026-08-01 14:20,2026-08-01 14:35,ACC-0274,Small,Timesheets,Add users,How do I add new starters to the rota,Yes
BOT-01354,2026-08-01 14:34,2026-08-01 14:47,ACC-0786,Mid,Rota,Login issue,Locked out after password change,Yes
BOT-01355,2026-08-01 22:28,2026-08-01 22:31,ACC-0329,Mid,Timesheets,Clock-in error,Clock-in error at the Leeds site,No
BOT-01356,2026-08-02 19:13,2026-08-02 19:19,ACC-0065,Mid,Rota,Shift swap not working,Staff can't swap shifts in the app,Yes
BOT-01357,2026-08-02 20:55,2026-08-02 21:03,ACC-0348,Small,Payroll Connect,Export to payroll failed,Payroll export failed this morning,Yes
BOT-01358,2026-08-02 22:28,2026-08-02 22:36,ACC-0461,Small,Payroll Connect,Export to payroll failed,Export to Sage payroll missing overtime hours,Yes
BOT-01359,2026-08-03 05:00,2026-08-03 05:10,ACC-0347,Mid,Rota,Mobile app crash,iOS app closes on login,Yes
BOT-01360,2026-08-03 06:38,2026-08-03 06:46,ACC-0005,Mid,Payroll Connect,Cancel subscription,Notice to end our contract,Yes
BOT-01361,2026-08-03 07:09,2026-08-03 07:17,ACC-0125,Enterprise,Payroll Connect,Rota publishing,Rota changes not saving before publish,Yes
BOT-01362,2026-08-03 13:36,2026-08-03 13:50,ACC-0463,Small,Timesheets,Shift swap not working,Staff can't swap shifts in the app,Yes
BOT-01363,2026-08-03 14:58,2026-08-03 15:06,ACC-0306,Small,Rota,Rota publishing,Published rota not showing for staff,Yes
BOT-01364,2026-08-03 17:52,2026-08-03 18:04,ACC-0457,Mid,Timesheets,Billing question,Question about our latest invoice,No
BOT-01365,2026-08-03 18:46,2026-08-03 18:53,ACC-0069,Mid,Timesheets,Report request,Need a labour cost report by week,Yes
BOT-01366,2026-08-03 20:25,2026-08-03 20:35,ACC-0785,Small,Rota,Timesheet approval,Approved timesheets reverting to draft,Yes
BOT-01367,2026-08-04 16:26,2026-08-04 16:38,ACC-0142,Small,Rota,Shift swap not working,Staff can't swap shifts in the app,Yes
BOT-01368,2026-08-04 16:50,2026-08-04 17:00,ACC-0156,Small,Timesheets,Timesheet approval,Approved timesheets reverting to draft,No
BOT-01369,2026-08-04 17:43,2026-08-04 17:57,ACC-0025,Enterprise,Timesheets,Mobile app crash,iOS app closes on login,Yes
BOT-01370,2026-08-04 18:35,2026-08-04 18:50,ACC-0715,Small,Rota,SSO,Single sign-on redirect loop for all users,Yes
BOT-01371,2026-08-04 23:31,2026-08-04 23:38,ACC-0079,Small,Timesheets,Timesheet approval,Approved timesheets reverting to draft,Yes
BOT-01372,2026-08-05 00:32,2026-08-05 00:37,ACC-0241,Small,Timesheets,Notifications not received,Staff not getting shift notifications,No
BOT-01373,2026-08-05 08:01,2026-08-05 08:06,ACC-0066,Small,Timesheets,Add users,Bulk add 40 users from a spreadsheet,No
BOT-01374,2026-08-05 08:07,2026-08-05 08:22,ACC-0158,Enterprise,Timesheets,Shift swap not working,Shift swap requests stuck pending,Yes
BOT-01375,2026-08-05 11:10,2026-08-05 11:21,ACC-0791,Mid,Rota,Password reset,Need a password reset for a staff member,Yes
BOT-01376,2026-08-05 16:25,2026-08-05 16:28,ACC-0285,Small,Payroll Connect,Rota publishing,Published rota not showing for staff,Yes
BOT-01377,2026-08-05 20:17,2026-08-05 20:27,ACC-0281,Small,Rota,SSO,SSO login stopped working with Azure AD,Yes
BOT-01378,2026-08-06 04:23,2026-08-06 04:30,ACC-0710,Small,Rota,Login issue,Locked out after password change,Yes
BOT-01379,2026-08-06 11:56,2026-08-06 12:05,ACC-0114,Mid,Timesheets,Password reset,Need a password reset for a staff member,Yes
BOT-01380,2026-08-06 16:00,2026-08-06 16:02,ACC-0727,Enterprise,Rota,Password reset,Password reset email not arriving,No
BOT-01381,2026-08-06 19:54,2026-08-06 19:56,ACC-0085,Small,Payroll Connect,Export to payroll failed,Payroll export failed this morning,Yes
BOT-01382,2026-08-06 23:09,2026-08-06 23:24,ACC-0760,Mid,Payroll Connect,Rota publishing,Rota changes not saving before publish,Yes
BOT-01383,2026-08-07 11:45,2026-08-07 11:59,ACC-0327,Small,Payroll Connect,Payroll mapping,Holiday pay mapped to wrong code in export,Yes
BOT-01384,2026-08-07 16:06,2026-08-07 16:16,ACC-0148,Small,Rota,Invoice copy,Need VAT invoice for finance,No
BOT-01385,2026-08-07 18:39,2026-08-07 18:45,ACC-0501,Enterprise,Timesheets,SSO,Single sign-on redirect loop for all users,Yes
BOT-01386,2026-08-07 22:21,2026-08-07 22:25,ACC-0350,Mid,Timesheets,Invoice copy,Need VAT invoice for finance,Yes
BOT-01387,2026-08-07 22:49,2026-08-07 23:00,ACC-0889,Mid,Timesheets,Login issue,Login keeps failing for our managers,Yes
BOT-01388,2026-08-08 02:59,2026-08-08 03:10,ACC-0487,Small,Rota,Login issue,Can't log in to Larkspur,No
BOT-01389,2026-08-08 07:29,2026-08-08 07:32,ACC-0494,Enterprise,Rota,Rota publishing,Published rota not showing for staff,Yes
BOT-01390,2026-08-08 13:27,2026-08-08 13:41,ACC-0502,Mid,Payroll Connect,Billing question,Question about our latest invoice,Yes
BOT-01391,2026-08-08 16:08,2026-08-08 16:23,ACC-0188,Small,Timesheets,Billing question,Question about our latest invoice,No
BOT-01392,2026-08-08 17:56,2026-08-08 18:09,ACC-0507,Small,Timesheets,Billing question,Question about our latest invoice,Yes
BOT-01393,2026-08-09 00:40,2026-08-09 00:44,ACC-0051,Mid,Rota,Shift swap not working,Shift swap requests stuck pending,No
BOT-01394,2026-08-09 06:35,2026-08-09 06:37,ACC-0244,Enterprise,Payroll Connect,API error,Webhook payload missing employee ID,Yes
BOT-01395,2026-08-09 16:09,2026-08-09 16:18,ACC-0078,Mid,Timesheets,API error,API returning 500 on shifts endpoint,Yes
BOT-01396,2026-08-09 18:35,2026-08-09 18:37,ACC-0527,Mid,Timesheets,Notifications not received,Push notifications stopped on Android,No
BOT-01397,2026-08-09 19:06,2026-08-09 19:21,ACC-0688,Mid,Payroll Connect,Payroll mapping,Pay codes mapping wrong in payroll file,Yes
BOT-01398,2026-08-09 22:18,2026-08-09 22:25,ACC-0335,Small,Rota,Login issue,Can't log in to Larkspur,Yes
BOT-01399,2026-08-10 07:42,2026-08-10 07:49,ACC-0176,Small,Timesheets,Billing question,Question about our latest invoice,Yes
BOT-01400,2026-08-10 12:50,2026-08-10 12:58,ACC-0116,Enterprise,Rota,Rota publishing,Rota changes not saving before publish,Yes
BOT-01401,2026-08-10 14:07,2026-08-10 14:15,ACC-0647,Small,Rota,Notifications not received,Staff not getting shift notifications,Yes
BOT-01402,2026-08-10 15:03,2026-08-10 15:15,ACC-0668,Small,Payroll Connect,Report request,How do I report on hours by site,Yes
BOT-01403,2026-08-11 07:21,2026-08-11 07:35,ACC-0222,Mid,Timesheets,Add users,Bulk add 40 users from a spreadsheet,Yes
BOT-01404,2026-08-11 09:18,2026-08-11 09:20,ACC-0277,Mid,Rota,Login issue,Login keeps failing for our managers,Yes
BOT-01405,2026-08-11 16:39,2026-08-11 16:49,ACC-0822,Small,Rota,API error,API returning 500 on shifts endpoint,Yes
BOT-01406,2026-08-11 22:40,2026-08-11 22:45,ACC-0042,Small,Rota,Data import,Import of staff list failing on row 12,Yes
BOT-01407,2026-08-12 08:09,2026-08-12 08:21,ACC-0215,Small,Payroll Connect,Payroll mapping,Pay codes mapping wrong in payroll file,Yes
BOT-01408,2026-08-12 08:11,2026-08-12 08:24,ACC-0451,Mid,Payroll Connect,Data import,Import of staff list failing on row 12,Yes
BOT-01409,2026-08-12 12:35,2026-08-12 12:38,ACC-0304,Small,Payroll Connect,Payroll mapping,Holiday pay mapped to wrong code in export,No
BOT-01410,2026-08-12 14:56,2026-08-12 15:09,ACC-0097,Mid,Timesheets,Billing question,Question about our latest invoice,Yes
BOT-01411,2026-08-12 15:08,2026-08-12 15:15,ACC-0483,Small,Rota,Report request,How do I report on hours by site,Yes
BOT-01412,2026-08-12 16:29,2026-08-12 16:42,ACC-0598,Mid,Payroll Connect,Invoice copy,Need VAT invoice for finance,No
BOT-01413,2026-08-12 18:05,2026-08-12 18:18,ACC-0334,Mid,Rota,Notifications not received,Push notifications stopped on Android,Yes
BOT-01414,2026-08-12 19:33,2026-08-12 19:37,ACC-0794,Small,Rota,Shift swap not working,Shift swap requests stuck pending,Yes
BOT-01415,2026-08-12 21:24,2026-08-12 21:34,ACC-0500,Small,Timesheets,Data import,CSV import ignoring contract hours,Yes
BOT-01416,2026-08-13 03:14,2026-08-13 03:16,ACC-0145,Mid,Timesheets,Export to payroll failed,Payroll export failed this morning,No
BOT-01417,2026-08-13 17:53,2026-08-13 17:59,ACC-0426,Small,Payroll Connect,Export to payroll failed,Export to Sage payroll missing overtime hours,Yes
BOT-01418,2026-08-13 23:39,2026-08-13 23:47,ACC-0646,Mid,Rota,Login issue,Login keeps failing for our managers,No
BOT-01419,2026-08-14 04:56,2026-08-14 04:59,ACC-0431,Mid,Rota,Report request,How do I report on hours by site,No
BOT-01420,2026-08-14 13:36,2026-08-14 13:43,ACC-0820,Small,Timesheets,Payroll mapping,Holiday pay mapped to wrong code in export,No
BOT-01421,2026-08-14 18:50,2026-08-14 19:04,ACC-0900,Mid,Rota,Rota publishing,Rota changes not saving before publish,No
BOT-01422,2026-08-14 18:56,2026-08-14 19:07,ACC-0711,Enterprise,Rota,Login issue,Locked out after password change,No
BOT-01423,2026-08-14 23:53,2026-08-14 23:55,ACC-0228,Enterprise,Rota,Password reset,Password reset email not arriving,Yes
BOT-01424,2026-08-15 13:06,2026-08-15 13:18,ACC-0798,Mid,Timesheets,Report request,Need a labour cost report by week,Yes
BOT-01425,2026-08-15 15:26,2026-08-15 15:36,ACC-0528,Small,Payroll Connect,Add users,Bulk add 40 users from a spreadsheet,No
BOT-01426,2026-08-16 12:29,2026-08-16 12:44,ACC-0814,Enterprise,Timesheets,Timesheet approval,Approved timesheets reverting to draft,Yes
BOT-01427,2026-08-16 15:00,2026-08-16 15:02,ACC-0594,Mid,Rota,Shift swap not working,Staff can't swap shifts in the app,Yes
BOT-01428,2026-08-16 20:12,2026-08-16 20:19,ACC-0243,Small,Payroll Connect,Add users,Bulk add 40 users from a spreadsheet,No
BOT-01429,2026-08-16 23:10,2026-08-16 23:16,ACC-0484,Small,Rota,Billing question,Question about our latest invoice,Yes
BOT-01430,2026-08-17 01:22,2026-08-17 01:27,ACC-0157,Enterprise,Payroll Connect,SSO,SSO login stopped working with Azure AD,Yes
BOT-01431,2026-08-17 02:57,2026-08-17 03:11,ACC-0137,Small,Payroll Connect,Export to payroll failed,Export to Sage payroll missing overtime hours,Yes
BOT-01432,2026-08-17 03:32,2026-08-17 03:43,ACC-0825,Enterprise,Timesheets,Invoice copy,Need VAT invoice for finance,Yes
BOT-01433,2026-08-17 09:10,2026-08-17 09:20,ACC-0800,Small,Rota,Report request,Need a labour cost report by week,No
BOT-01434,2026-08-17 13:04,2026-08-17 13:10,ACC-0324,Mid,Rota,Data import,CSV import ignoring contract hours,Yes
BOT-01435,2026-08-17 17:10,2026-08-17 17:25,ACC-0038,Mid,Payroll Connect,Payroll mapping,Holiday pay mapped to wrong code in export,Yes
BOT-01436,2026-08-18 12:43,2026-08-18 12:47,ACC-0259,Small,Rota,Add users,How do I add new starters to the rota,Yes
BOT-01437,2026-08-18 14:44,2026-08-18 14:49,ACC-0751,Enterprise,Timesheets,Timesheet approval,Approved timesheets reverting to draft,Yes
BOT-01438,2026-08-19 03:57,2026-08-19 04:07,ACC-0012,Mid,Timesheets,Billing question,Question about our latest invoice,Yes
BOT-01439,2026-08-19 05:26,2026-08-19 05:34,ACC-0866,Small,Payroll Connect,Invoice copy,Please send a copy of invoice for March,Yes
BOT-01440,2026-08-19 07:32,2026-08-19 07:45,ACC-0356,Mid,Rota,Login issue,Can't log in to Larkspur,Yes
BOT-01441,2026-08-19 07:54,2026-08-19 08:05,ACC-0138,Enterprise,Payroll Connect,API error,API returning 500 on shifts endpoint,No
BOT-01442,2026-08-19 17:00,2026-08-19 17:09,ACC-0037,Mid,Payroll Connect,Export to payroll failed,Export to Sage payroll missing overtime hours,Yes
BOT-01443,2026-08-20 04:43,2026-08-20 04:48,ACC-0637,Mid,Rota,Clock-in error,Clock-in error at the Leeds site,Yes
BOT-01444,2026-08-20 15:28,2026-08-20 15:31,ACC-0084,Mid,Payroll Connect,Login issue,Can't log in to Larkspur,No
BOT-01445,2026-08-20 16:03,2026-08-20 16:08,ACC-0278,Enterprise,Payroll Connect,Billing question,Question about our latest invoice,Yes
BOT-01446,2026-08-20 16:52,2026-08-20 16:55,ACC-0639,Small,Timesheets,Add users,How do I add new starters to the rota,Yes
BOT-01447,2026-08-20 21:50,2026-08-20 22:01,ACC-0869,Mid,Timesheets,Notifications not received,Push notifications stopped on Android,No
BOT-01448,2026-08-20 23:52,2026-08-20 23:57,ACC-0346,Mid,Rota,Rota publishing,Published rota not showing for staff,Yes
BOT-01449,2026-08-21 05:41,2026-08-21 05:45,ACC-0404,Small,Rota,Data import,CSV import ignoring contract hours,Yes
BOT-01450,2026-08-21 12:39,2026-08-21 12:52,ACC-0041,Small,Payroll Connect,Export to payroll failed,Payroll export failed this morning,No
BOT-01451,2026-08-21 13:50,2026-08-21 13:57,ACC-0294,Enterprise,Timesheets,API error,API returning 500 on shifts endpoint,Yes
BOT-01452,2026-08-21 18:12,2026-08-21 18:25,ACC-0030,Small,Timesheets,Clock-in error,Clock-in error at the Leeds site,Yes
BOT-01453,2026-08-21 20:02,2026-08-21 20:05,ACC-0070,Small,Rota,Mobile app crash,iOS app closes on login,Yes
BOT-01454,2026-08-22 10:07,2026-08-22 10:21,ACC-0147,Mid,Payroll Connect,Export to payroll failed,Payroll export failed this morning,Yes
BOT-01455,2026-08-22 18:26,2026-08-22 18:41,ACC-0522,Enterprise,Timesheets,Report request,Need a labour cost report by week,Yes
BOT-01456,2026-08-23 00:04,2026-08-23 00:10,ACC-0308,Mid,Payroll Connect,Rota publishing,Rota changes not saving before publish,Yes
BOT-01457,2026-08-23 00:56,2026-08-23 01:08,ACC-0839,Mid,Rota,Shift swap not working,Staff can't swap shifts in the app,Yes
BOT-01458,2026-08-23 19:51,2026-08-23 20:00,ACC-0733,Small,Rota,Login issue,Login keeps failing for our managers,Yes
BOT-01459,2026-08-23 21:22,2026-08-23 21:27,ACC-0872,Mid,Timesheets,Payroll mapping,Pay codes mapping wrong in payroll file,Yes
BOT-01460,2026-08-23 23:38,2026-08-23 23:44,ACC-0551,Mid,Rota,Cancel subscription,We'd like to cancel our subscription,Yes
BOT-01461,2026-08-24 05:09,2026-08-24 05:23,ACC-0581,Mid,Timesheets,Notifications not received,Push notifications stopped on Android,No
BOT-01462,2026-08-24 10:30,2026-08-24 10:36,ACC-0001,Mid,Timesheets,Mobile app crash,iOS app closes on login,Yes
BOT-01463,2026-08-24 18:36,2026-08-24 18:41,ACC-0855,Enterprise,Rota,Notifications not received,Staff not getting shift notifications,Yes
BOT-01464,2026-08-25 01:35,2026-08-25 01:41,ACC-0560,Mid,Rota,SSO,SSO login stopped working with Azure AD,Yes
BOT-01465,2026-08-25 06:40,2026-08-25 06:43,ACC-0344,Mid,Timesheets,Timesheet approval,Approved timesheets reverting to draft,Yes
BOT-01466,2026-08-25 14:52,2026-08-25 15:00,ACC-0220,Mid,Timesheets,Mobile app crash,iOS app closes on login,Yes
BOT-01467,2026-08-26 05:49,2026-08-26 06:00,ACC-0748,Small,Rota,Shift swap not working,Shift swap requests stuck pending,Yes
BOT-01468,2026-08-26 11:47,2026-08-26 12:02,ACC-0163,Mid,Timesheets,API error,API returning 500 on shifts endpoint,Yes
BOT-01469,2026-08-26 14:41,2026-08-26 14:43,ACC-0879,Mid,Payroll Connect,Add users,How do I add new starters to the rota,Yes
BOT-01470,2026-08-26 21:40,2026-08-26 21:48,ACC-0332,Mid,Rota,Report request,How do I report on hours by site,Yes
BOT-01471,2026-08-26 22:32,2026-08-26 22:39,ACC-0774,Enterprise,Payroll Connect,Export to payroll failed,Payroll export failed this morning,Yes
BOT-01472,2026-08-26 23:26,2026-08-26 23:35,ACC-0685,Small,Timesheets,Notifications not received,Push notifications stopped on Android,No
BOT-01473,2026-08-27 00:40,2026-08-27 00:43,ACC-0788,Enterprise,Rota,Cancel subscription,We'd like to cancel our subscription,Yes
BOT-01474,2026-08-27 03:42,2026-08-27 03:49,ACC-0151,Mid,Rota,Rota publishing,Rota changes not saving before publish,Yes
BOT-01475,2026-08-27 09:28,2026-08-27 09:42,ACC-0874,Small,Rota,Shift swap not working,Shift swap requests stuck pending,Yes
BOT-01476,2026-08-27 15:10,2026-08-27 15:24,ACC-0529,Enterprise,Rota,Data import,CSV import ignoring contract hours,No
BOT-01477,2026-08-27 15:36,2026-08-27 15:42,ACC-0089,Small,Payroll Connect,Password reset,Need a password reset for a staff member,No
BOT-01478,2026-08-27 18:27,2026-08-27 18:33,ACC-0417,Small,Rota,Add users,How do I add new starters to the rota,Yes
BOT-01479,2026-08-27 19:07,2026-08-27 19:14,ACC-0732,Mid,Rota,Rota publishing,Rota changes not saving before publish,No
BOT-01480,2026-08-28 02:59,2026-08-28 03:03,ACC-0548,Small,Timesheets,Timesheet approval,Managers can't approve timesheets,Yes
BOT-01481,2026-08-28 04:04,2026-08-28 04:07,ACC-0840,Small,Payroll Connect,API error,API returning 500 on shifts endpoint,Yes
BOT-01482,2026-08-28 07:06,2026-08-28 07:19,ACC-0439,Small,Rota,Notifications not received,Push notifications stopped on Android,Yes
BOT-01483,2026-08-28 07:51,2026-08-28 08:06,ACC-0875,Enterprise,Payroll Connect,Cancel subscription,We'd like to cancel our subscription,No
BOT-01484,2026-08-28 10:54,2026-08-28 11:02,ACC-0032,Enterprise,Rota,SSO,SSO login stopped working with Azure AD,No
BOT-01485,2026-08-28 11:40,2026-08-28 11:46,ACC-0370,Enterprise,Payroll Connect,Export to payroll failed,Export to Sage payroll missing overtime hours,Yes
BOT-01486,2026-08-28 15:27,2026-08-28 15:33,ACC-0755,Small,Timesheets,Add users,How do I add new starters to the rota,Yes
BOT-01487,2026-08-28 20:06,2026-08-28 20:17,ACC-0642,Small,Payroll Connect,Add users,Bulk add 40 users from a spreadsheet,Yes
BOT-01488,2026-08-28 21:45,2026-08-28 21:52,ACC-0578,Enterprise,Payroll Connect,Export to payroll failed,Export to Sage payroll missing overtime hours,Yes
BOT-01489,2026-08-29 01:25,2026-08-29 01:28,ACC-0198,Small,Payroll Connect,Password reset,Password reset email not arriving,Yes
BOT-01490,2026-08-29 08:15,2026-08-29 08:26,ACC-0371,Small,Rota,Add users,Bulk add 40 users from a spreadsheet,No
BOT-01491,2026-08-29 11:33,2026-08-29 11:46,ACC-0359,Enterprise,Payroll Connect,Rota publishing,Rota changes not saving before publish,Yes
BOT-01492,2026-08-29 18:32,2026-08-29 18:40,ACC-0444,Enterprise,Timesheets,Timesheet approval,Managers can't approve timesheets,Yes
BOT-01493,2026-08-29 19:57,2026-08-29 19:59,ACC-0610,Mid,Timesheets,Add users,Bulk add 40 users from a spreadsheet,No
BOT-01494,2026-08-29 20:48,2026-08-29 20:58,ACC-0515,Small,Timesheets,Password reset,Need a password reset for a staff member,Yes
BOT-01495,2026-08-30 10:24,2026-08-30 10:26,ACC-0763,Mid,Timesheets,Notifications not received,Push notifications stopped on Android,No
BOT-01496,2026-08-30 15:29,2026-08-30 15:43,ACC-0458,Small,Timesheets,Password reset,Need a password reset for a staff member,Yes
BOT-01497,2026-08-30 20:28,2026-08-30 20:37,ACC-0414,Mid,Rota,Data import,Import of staff list failing on row 12,Yes
BOT-01498,2026-08-30 20:34,2026-08-30 20:36,ACC-0556,Small,Rota,Rota publishing,Published rota not showing for staff,No
BOT-01499,2026-08-30 21:48,2026-08-30 21:59,ACC-0064,Small,Payroll Connect,Password reset,Need a password reset for a staff member,Yes
BOT-01500,2026-08-31 01:10,2026-08-31 01:12,ACC-0497,Small,Payroll Connect,Timesheet approval,Managers can't approve timesheets,Yes
